# Blender 5.0.1
# www.blender.org
mtllib seagull.mtl
o Object_5.001
v -94.649277 8.160403 39.540024
v -94.659431 8.172306 39.555286
v -94.647270 8.165852 39.555668
v -94.660286 8.164674 39.537598
v -94.656822 8.159268 39.531544
v -94.643448 8.175522 39.573448
v -94.639038 8.156068 39.549278
v -94.648102 8.156545 39.536839
v -94.605942 8.139462 39.581032
v -94.596191 8.129147 39.583324
v -94.612160 8.137275 39.574577
v -94.594498 8.145556 39.598751
v -94.615891 8.171352 39.598473
v -94.618225 8.156926 39.582863
v -94.632347 8.172951 39.581734
v -94.630447 8.187737 39.595074
v -94.643585 8.187130 39.582161
v -94.617203 8.188991 39.612568
v -94.602905 8.171144 39.614811
v -94.584908 8.147498 39.611805
v -94.572296 8.129356 39.607697
v -94.633842 8.164884 39.570461
v -94.620827 8.148545 39.569775
v -94.632812 8.216455 39.613770
v -94.646111 8.212629 39.595993
v -94.647163 8.226056 39.605412
v -94.647781 8.237159 39.615028
v -94.662117 8.234809 39.599415
v -94.663399 8.253585 39.615841
v -94.631363 8.225472 39.625759
v -94.567253 8.115543 39.596390
v -94.675301 8.256712 39.608379
v -94.574455 8.114140 39.589779
v -94.662346 8.212398 39.583817
v -94.653557 8.182780 39.572144
v -94.677216 8.241727 39.594692
v -94.559471 8.116509 39.605671
v -94.657661 8.256656 39.627853
v -94.643295 8.241406 39.627655
v -94.566742 8.138927 39.630013
v -94.585793 8.159527 39.626934
v -94.612770 8.194644 39.626408
v -94.599670 8.178033 39.631081
v -94.625252 8.148315 39.564003
v -94.559189 8.127798 39.623821
v -94.677307 8.271777 39.625263
v -94.692589 8.272738 39.612473
v -94.562279 8.140798 39.643265
v -94.561722 8.102756 39.586895
v -94.596527 8.180161 39.643677
v -94.548668 8.129007 39.640556
v -94.652245 8.257487 39.643272
v -94.610344 8.198784 39.643284
v -94.637215 8.239922 39.642689
v -94.667480 8.271288 39.642864
v -94.549797 8.120093 39.620712
v -94.639343 8.151785 39.547436
v -94.553558 8.105703 39.593060
v -94.624794 8.221334 39.641811
v -94.688942 8.285815 39.641171
v -94.696770 8.285749 39.629078
v -94.577995 8.163347 39.659435
v -94.559868 8.143498 39.659081
v -94.548935 8.135388 39.659203
v -94.601784 8.189692 39.658806
v -94.646248 8.252973 39.656887
v -94.561935 8.147906 39.671726
v -94.550056 8.139028 39.672890
v -94.618118 8.211121 39.655392
v -94.664688 8.271204 39.657803
v -94.550652 8.111627 39.604237
v -94.574310 8.160622 39.672554
v -94.599419 8.186574 39.670444
v -94.617012 8.206381 39.669319
v -94.633377 8.234529 39.655888
v -94.561874 8.147573 39.685997
v -94.554192 8.142385 39.689796
v -94.578186 8.111423 39.586678
v -94.572998 8.105416 39.585907
v -94.646606 8.250866 39.670383
v -94.629211 8.223626 39.667419
v -94.576813 8.160250 39.685596
v -94.589233 8.120776 39.584259
v -94.600594 8.128686 39.580738
v -94.590698 8.172319 39.685753
v -94.508713 7.984415 39.575768
v -94.489456 7.984241 39.581642
v -94.506340 7.982567 39.593243
v -94.490799 7.985343 39.574818
v -94.521118 7.984556 39.581303
v -94.519875 7.985399 39.575176
v -94.522308 7.984701 39.596092
v -94.488457 7.984684 39.594803
v -94.506157 7.984701 39.616577
v -94.522491 7.987906 39.621899
v -94.489540 7.987724 39.620731
v -94.505699 7.987681 39.632603
v -94.488640 7.991361 39.638107
v -94.485954 7.985082 39.586979
v -94.489326 7.999813 39.676334
v -94.506706 7.998234 39.678635
v -94.520576 7.996135 39.663002
v -94.523315 8.001102 39.679779
v -94.488907 8.007146 39.696514
v -94.506401 8.004833 39.696037
v -94.522697 8.007243 39.696495
v -94.505852 8.012654 39.711864
v -94.520302 8.014404 39.711796
v -94.488853 8.015024 39.711891
v -94.531822 8.000119 39.662991
v -94.473793 7.998322 39.642605
v -94.472656 8.008198 39.681129
v -94.473083 7.993582 39.611740
v -94.473770 8.014141 39.697739
v -94.475227 7.990151 39.586224
v -94.505486 8.023957 39.728428
v -94.488754 8.025490 39.727730
v -94.474243 8.022089 39.712841
v -94.520554 8.024241 39.726555
v -94.506432 8.034271 39.741749
v -94.490082 8.036090 39.741055
v -94.519661 8.036163 39.741486
v -94.475342 8.030804 39.725960
v -94.458473 8.011881 39.658966
v -94.458801 8.004438 39.624233
v -94.458656 8.002035 39.599579
v -94.458328 8.024079 39.692341
v -94.464760 8.030307 39.712963
v -94.466652 7.996046 39.578960
v -94.469040 7.994577 39.579033
v -94.466553 7.993092 39.571056
v -94.450134 8.012505 39.623653
v -94.471046 8.040191 39.732033
v -94.476227 8.047248 39.742939
v -94.443230 8.017093 39.601910
v -94.451302 8.026292 39.677624
v -94.443420 8.024226 39.643642
v -94.446014 8.014863 39.579567
v -94.450676 8.014427 39.556396
v -94.457771 8.039255 39.713436
v -94.505043 8.045964 39.752167
v -94.490829 8.049702 39.752419
v -94.476936 8.060607 39.751308
v -94.442513 8.024692 39.556381
v -94.449844 8.019269 39.541397
v -94.457756 8.013721 39.532772
v -94.453041 8.027137 39.505989
v -94.460472 8.022847 39.497234
v -94.458900 8.029604 39.478279
v -94.453979 8.034810 39.474495
v -94.449097 8.028705 39.518257
v -94.450447 8.038706 39.483364
v -94.447342 8.040051 39.472111
v -94.442902 8.041759 39.462433
v -94.437889 8.043130 39.451969
v -94.483612 8.067251 39.757954
v -94.492271 8.068281 39.761917
v -94.518318 8.048930 39.752483
v -94.505356 8.064312 39.762562
v -94.492355 8.085237 39.766827
v -94.504776 8.086090 39.768864
v -94.297989 8.248013 39.642830
v -94.290062 8.240932 39.616486
v -94.280891 8.251041 39.625862
v -94.277603 8.262155 39.644081
v -94.301819 8.238276 39.629570
v -94.280518 8.240217 39.604744
v -94.308929 8.218281 39.603352
v -94.316643 8.219939 39.619358
v -94.331375 8.200893 39.601067
v -94.336205 8.191332 39.589642
v -94.345390 8.191091 39.601078
v -94.306412 8.216498 39.598103
v -94.358543 8.182922 39.599773
v -94.353218 8.174184 39.573589
v -94.368973 8.169253 39.583549
v -94.369629 8.155149 39.559242
v -94.369728 8.176578 39.599712
v -94.385612 8.162511 39.597813
v -94.355103 8.160419 39.553608
v -94.317886 8.194999 39.577900
v -94.259743 8.271502 39.644520
v -94.329681 8.181496 39.565296
v -94.338303 8.172903 39.559082
v -94.340607 8.159125 39.541035
v -94.355980 8.154964 39.541885
v -94.347763 8.155469 39.537651
v -94.378052 8.153549 39.570225
v -94.308067 8.191844 39.565536
v -94.301117 8.205445 39.579620
v -94.289040 8.223281 39.592960
v -94.313820 8.178851 39.549999
v -94.261726 8.256900 39.621258
v -94.238541 8.273276 39.632301
v -94.241257 8.280206 39.644306
v -94.221451 8.286346 39.638111
v -94.200417 8.291298 39.628441
v -94.208260 8.296353 39.643246
v -94.175438 8.309770 39.636074
v -94.222801 8.269526 39.614521
v -94.197327 8.284575 39.616638
v -94.187035 8.279729 39.601906
v -94.204643 8.263304 39.591328
v -94.176323 8.271439 39.581352
v -94.224678 8.257484 39.597134
v -94.145416 8.295758 39.595016
v -94.159874 8.304029 39.617439
v -94.145958 8.321605 39.632347
v -94.142838 8.314268 39.619877
v -94.138123 8.310592 39.609974
v -94.238327 8.256007 39.604385
v -94.224854 8.244137 39.579399
v -94.122993 8.331168 39.632957
v -94.336342 8.164495 39.547241
v -94.319580 8.168479 39.541161
v -94.307808 8.171060 39.535809
v -94.098282 8.340961 39.633385
v -94.249435 8.251813 39.604511
v -94.090263 8.321127 39.596497
v -94.106125 8.327184 39.613304
v -94.089600 8.332009 39.610863
v -94.068634 8.333995 39.600803
v -94.073540 8.338997 39.610306
v -94.058502 8.350370 39.614857
v -94.288345 8.196894 39.561470
v -94.258026 8.226015 39.576576
v -94.276550 8.203882 39.561760
v -94.257385 8.212917 39.559647
v -94.090721 8.351846 39.644646
v -94.270363 8.202744 39.553726
v -94.248711 8.220620 39.564713
v -94.235161 8.227720 39.566177
v -94.299049 8.187317 39.555126
v -94.283241 8.182971 39.541721
v -94.297760 8.174554 39.534264
v -94.152412 8.272286 39.569801
v -94.206558 8.248679 39.576199
v -94.258446 8.242496 39.592945
v -94.272064 8.238911 39.596600
v -94.153763 8.324463 39.640038
v -94.203377 8.311628 39.654701
v -94.228569 8.300261 39.659187
v -94.131920 8.336634 39.643356
v -94.216087 8.219220 39.546745
v -94.216789 8.224910 39.554432
v -94.210236 8.227087 39.552315
v -94.210846 8.212968 39.535229
v -94.172195 8.261526 39.568359
v -94.168755 8.253012 39.555431
v -94.160820 8.255172 39.551815
v -94.142326 8.267797 39.556362
v -94.150352 8.257683 39.548222
v -94.063690 8.355859 39.637581
v -94.067307 8.363465 39.649292
v -94.050621 8.366519 39.644161
v -94.051422 8.354213 39.626373
v -94.036156 8.370598 39.637493
v -94.224342 8.212238 39.539127
v -94.226105 8.293757 39.651123
v -94.271187 8.194097 39.551163
v -94.288979 8.256033 39.645164
v -94.054100 8.351381 39.611702
v -94.189049 8.243197 39.561501
v -94.178780 8.249224 39.560101
v -94.079231 8.320756 39.591446
v -94.090378 8.313386 39.587330
v -94.104378 8.308537 39.589584
v -94.115944 8.305532 39.592247
v -94.142303 8.287814 39.584572
v -94.116127 8.282421 39.567978
v -94.136887 8.271675 39.561852
v -94.124504 8.275837 39.561020
v -94.111435 8.276017 39.552818
v -94.241714 8.283629 39.651909
v -94.064316 8.347044 39.620781
v -94.138168 8.265085 39.546867
v -94.135803 8.270999 39.554115
v -94.223221 8.288967 39.647873
v -94.264961 8.283562 39.670544
v -94.262856 8.278353 39.661926
v -94.275314 8.266662 39.652439
v -94.288002 8.266988 39.669701
v -94.296089 8.268780 39.680584
v -94.310822 8.247664 39.668533
v -94.208054 8.228816 39.557438
v -94.199402 8.236614 39.563374
v -94.294289 8.255922 39.656239
v -94.305984 8.243589 39.650562
v -94.038780 8.363266 39.626942
v -94.113037 8.286335 39.572819
v -94.108673 8.286778 39.569176
v -94.113449 8.294355 39.581810
v -94.107071 8.285398 39.563889
v -94.177910 8.324971 39.653320
v -94.107224 8.280857 39.560310
v -94.372864 8.151718 39.554523
v -94.315346 8.252793 39.681335
v -94.032021 8.380729 39.643719
v -94.142830 8.340035 39.650471
v -94.170624 8.330938 39.654385
v -94.117363 8.349202 39.650295
v -94.043823 8.352344 39.609131
v -94.334579 8.224813 39.667995
v -94.334244 8.235594 39.681660
v -94.347404 8.223700 39.680771
v -94.350037 8.209810 39.666336
v -94.342918 8.209414 39.651917
v -94.330070 8.219947 39.648960
v -94.365501 8.206724 39.680302
v -94.368080 8.194600 39.668236
v -94.026901 8.375298 39.631966
v -94.101524 8.283077 39.557358
v -94.383339 8.148355 39.565849
v -94.084412 8.316141 39.585617
v -94.383636 8.191016 39.683331
v -94.338943 8.202819 39.622078
v -94.245331 8.209784 39.544891
v -94.265007 8.206362 39.553497
v -94.099121 8.292399 39.576824
v -94.351936 8.195592 39.631706
v -94.019951 8.386117 39.635399
v -94.364265 8.190704 39.650028
v -94.074684 8.322121 39.585976
v -94.386581 8.166680 39.611351
v -94.168533 8.252738 39.552120
v -94.153793 8.255717 39.545483
v -94.290718 8.277802 39.683861
v -94.266174 8.288641 39.675457
v -94.240669 8.300557 39.666496
v -94.086411 8.302010 39.585968
v -94.087158 8.297233 39.577454
v -94.081734 8.302835 39.585030
v -94.182426 8.243950 39.558231
v -94.314919 8.266067 39.690823
v -94.329712 8.253315 39.691685
v -94.380363 8.182945 39.668846
v -94.392014 8.179862 39.682899
v -94.383286 8.175908 39.654587
v -94.143562 8.260460 39.540958
v -94.379700 8.174141 39.620712
v -94.071297 8.309669 39.581314
v -94.076447 8.309337 39.586128
v -94.176697 8.249128 39.553749
v -94.390343 8.143812 39.577560
v -94.403137 8.137245 39.590076
v -94.406578 8.133194 39.586678
v -94.400887 8.146394 39.599438
v -94.102180 8.303579 39.586903
v -94.091125 8.359175 39.650799
v -94.100288 8.290744 39.569462
v -94.352211 8.230755 39.687454
v -94.389595 8.168518 39.630619
v -94.410301 8.166624 39.691601
v -94.196571 8.229951 39.553688
v -94.402832 8.165399 39.682514
v -94.288246 8.179499 39.534763
v -94.130836 8.275542 39.555939
v -94.189941 8.231735 39.556973
v -94.053131 8.372681 39.649452
v -94.106071 8.279235 39.549774
v -94.220688 8.311772 39.662041
v -94.179489 8.236768 39.557629
v -94.180092 8.234057 39.552303
v -94.172455 8.237697 39.553547
v -94.011765 8.404133 39.640118
v -94.197495 8.322209 39.659046
v -94.048599 8.339762 39.600662
v -94.031357 8.345274 39.599991
v -94.039726 8.337646 39.595306
v -94.028931 8.345838 39.594959
v -94.021645 8.351538 39.601746
v -94.020508 8.358371 39.608856
v -94.052063 8.331135 39.595375
v -94.045784 8.333719 39.591064
v -94.063736 8.322515 39.589611
v -94.060616 8.326601 39.594669
v -94.162674 8.337795 39.655979
v -94.131882 8.352332 39.654366
v -94.108131 8.359374 39.653313
v -94.084633 8.368869 39.654152
v -94.416153 8.153674 39.688774
v -94.420563 8.141103 39.682564
v -94.431320 8.135513 39.692650
v -94.428329 8.144737 39.695183
v -94.012680 8.394762 39.632362
v -94.432236 8.121820 39.682728
v -94.055672 8.352060 39.620174
v -94.366844 8.152527 39.544544
v -94.355904 8.154390 39.533966
v -94.006615 8.408534 39.635498
v -94.440956 8.123371 39.696880
v -94.018242 8.357179 39.601624
v -94.176849 8.240784 39.558010
v -94.208763 8.220772 39.540653
v -94.070267 8.314126 39.582825
v -94.368866 8.216397 39.686447
v -94.376740 8.206469 39.686317
v -94.394142 8.187586 39.688969
v -94.027390 8.389655 39.644474
v -94.398209 8.140299 39.577835
v -94.417511 8.125012 39.591614
v -94.184723 8.331800 39.658298
v -94.340645 8.252064 39.694008
v -94.006058 8.407443 39.630680
v -94.040482 8.384122 39.648563
v -94.251564 8.300747 39.672028
v -94.238289 8.307585 39.667740
v -94.296272 8.279933 39.687016
v -94.271530 8.291955 39.678989
v -94.336838 8.164929 39.543373
v -94.139778 8.264608 39.540558
v -94.024895 8.378810 39.626808
v -94.124992 8.276473 39.556286
v -94.339355 8.161226 39.538643
v -94.006683 8.421591 39.639462
v -94.065994 8.374452 39.652798
v -94.173309 8.338246 39.657368
v -94.409981 8.171284 39.692558
v -94.428543 8.152454 39.696491
v -94.332352 8.261293 39.694710
v -94.016983 8.407964 39.643528
v -94.355537 8.233715 39.688915
v -94.171814 8.239797 39.548092
v -94.169571 8.242362 39.549866
v -94.134529 8.273951 39.552986
v -94.443382 8.137794 39.700581
v -94.264168 8.207744 39.551487
v -94.319321 8.269311 39.692848
v -94.136276 8.270307 39.544147
v -94.013618 8.396209 39.625923
v -94.146217 8.350559 39.655151
v -94.044823 8.389342 39.649250
v -94.023209 8.408166 39.643963
v -94.111404 8.364801 39.653263
v -94.343361 8.258451 39.693874
v -94.066078 8.379776 39.652008
v -94.085815 8.372959 39.653435
v -94.683449 8.283067 39.670158
v -94.674889 8.274893 39.681271
v -94.661636 8.268004 39.673027
v -94.680786 8.282656 39.657707
v -94.664688 8.271204 39.657803
v -94.703224 8.293769 39.656929
v -94.709564 8.294606 39.668934
v -94.688942 8.285815 39.641171
v -94.710541 8.295677 39.641804
v -94.746498 8.310886 39.655743
v -94.769119 8.320840 39.645138
v -94.764297 8.318022 39.654770
v -94.782547 8.325486 39.653580
v -94.801544 8.334444 39.643566
v -94.804779 8.334048 39.653671
v -94.822945 8.340796 39.654228
v -94.836395 8.347824 39.643711
v -94.733879 8.302968 39.668499
v -94.848923 8.350712 39.653042
v -94.881630 8.364566 39.643745
v -94.867477 8.357600 39.652534
v -94.894836 8.368607 39.650188
v -94.917198 8.377188 39.650204
v -94.906609 8.373826 39.642582
v -94.926926 8.381714 39.646069
v -94.947609 8.389420 39.647186
v -94.950356 8.390796 39.643475
v -94.759979 8.312154 39.667446
v -94.692314 8.281618 39.685604
v -94.775589 8.319051 39.662106
v -94.705452 8.286719 39.684322
v -94.723656 8.294167 39.679935
v -94.672966 8.268863 39.691589
v -94.793831 8.327058 39.657928
v -94.744568 8.304645 39.672016
v -94.864769 8.357963 39.640259
v -94.963860 8.398769 39.642891
v -94.658752 8.259853 39.685520
v -94.827965 8.344038 39.640041
v -94.967377 8.397511 39.646442
v -94.667480 8.271288 39.642864
v -94.961586 8.396171 39.637218
v -94.970749 8.400964 39.631142
v -94.646248 8.252973 39.656887
v -94.696770 8.285749 39.629078
v -94.744659 8.305754 39.629787
v -94.774803 8.320534 39.635929
v -94.984276 8.412358 39.630848
v -94.983101 8.412139 39.638607
v -94.999680 8.425494 39.634071
v -94.993027 8.418861 39.639027
v -94.999374 8.425395 39.626144
v -95.003746 8.424644 39.639534
v -95.004326 8.425635 39.624573
v -94.646606 8.250866 39.670383
v -94.650002 8.246677 39.682281
v -94.635544 8.221270 39.680763
v -94.629211 8.223626 39.667419
v -94.625374 8.207491 39.681465
v -94.617012 8.206381 39.669319
v -94.614937 8.196933 39.681347
v -94.599419 8.186574 39.670444
v -94.590698 8.172319 39.685753
v -94.431778 8.050704 39.582989
v -94.429977 8.065073 39.603813
v -94.428406 8.051158 39.601006
v -94.427025 8.054611 39.621674
v -94.430840 8.085444 39.632530
v -94.428558 8.072306 39.635815
v -94.432213 8.092618 39.654446
v -94.434067 8.082237 39.610806
v -94.436050 8.093899 39.612885
v -94.433060 8.097296 39.628590
v -94.431808 8.100148 39.639431
v -94.436279 8.058016 39.573784
v -94.444458 8.050274 39.538387
v -94.441360 8.037992 39.541779
v -94.445770 8.038545 39.521713
v -94.448608 8.049246 39.518055
v -94.450447 8.038706 39.483364
v -94.440674 8.088951 39.598949
v -94.433586 8.041067 39.574039
v -94.444992 8.086402 39.588005
v -94.440163 8.069366 39.577690
v -94.448555 8.065749 39.550182
v -94.450073 8.059861 39.536274
v -94.453072 8.042005 39.479633
v -94.447456 8.081170 39.577702
v -94.452316 8.090397 39.579102
v -94.450424 8.080780 39.572426
v -94.456635 8.057286 39.513031
v -94.430069 8.072123 39.650864
v -94.434174 8.096707 39.668617
v -94.428497 8.055470 39.640438
v -94.431778 8.104218 39.653301
v -94.440781 8.092495 39.596844
v -94.445938 8.095492 39.585987
v -94.430908 8.039239 39.600460
v -94.433289 8.107056 39.668243
v -94.461510 8.048056 39.473213
v -94.449097 8.028705 39.518257
v -94.465912 8.065665 39.513020
v -94.465637 8.080914 39.549088
v -94.460472 8.080917 39.559025
v -94.462135 8.089809 39.571938
v -94.455154 8.042773 39.472561
v -94.464119 8.043112 39.454361
v -94.474945 8.084645 39.541706
v -94.476250 8.076697 39.521301
v -94.475555 8.096456 39.567661
v -94.476479 8.066471 39.495052
v -94.478218 8.055143 39.464031
v -94.462227 8.095055 39.577908
v -94.476791 8.042432 39.436954
v -94.447159 8.100612 39.584770
v -94.432938 8.116241 39.590553
v -94.246780 8.307818 39.669601
v -94.271530 8.291955 39.678989
v -94.251564 8.300747 39.672028
v -94.238289 8.307585 39.667740
v -94.226105 8.317162 39.664455
v -94.283005 8.296015 39.678905
v -94.304024 8.279038 39.688919
v -94.296272 8.279933 39.687016
v -94.253609 8.311683 39.667740
v -94.305847 8.286858 39.684727
v -94.323738 8.277985 39.688759
v -94.319321 8.269311 39.692848
v -94.334007 8.272659 39.690193
v -94.332352 8.261293 39.694710
v -94.343361 8.258451 39.693874
v -94.342522 8.266487 39.690903
v -94.237587 8.318516 39.662285
v -94.214081 8.325274 39.661499
v -94.204002 8.324820 39.661255
v -94.195724 8.333361 39.658291
v -94.184723 8.331800 39.658298
v -94.180321 8.339734 39.656498
v -94.173309 8.338246 39.657368
v -94.146217 8.350559 39.655151
v -94.169502 8.348639 39.652416
v -94.141792 8.358401 39.651440
v -94.111404 8.364801 39.653263
v -94.111748 8.371433 39.649414
v -94.125618 8.365630 39.650204
v -94.098839 8.375955 39.649429
v -94.085815 8.372959 39.653435
v -94.209015 8.333793 39.652058
v -94.187073 8.341914 39.653000
v -94.078217 8.380563 39.650471
v -94.075233 8.385238 39.647675
v -94.066078 8.379776 39.652008
v -94.047966 8.393663 39.647537
v -94.058136 8.393270 39.644672
v -94.047157 8.399730 39.643356
v -94.037590 8.404177 39.643356
v -94.023209 8.408166 39.643963
v -94.024117 8.414882 39.639473
v -94.016983 8.407964 39.643528
v -94.350784 8.261303 39.686970
v -94.011253 8.425271 39.638229
v -94.355423 8.248839 39.687466
v -94.362755 8.244496 39.681519
v -94.378899 8.228776 39.667599
v -94.367996 8.232319 39.682293
v -94.382973 8.211703 39.680115
v -94.390556 8.210505 39.668621
v -94.220688 8.311772 39.662041
v -94.197495 8.322209 39.659046
v -94.314919 8.266067 39.690823
v -94.506073 8.139337 39.772156
v -94.518463 8.139135 39.769691
v -94.505524 8.127221 39.768799
v -94.517960 8.128249 39.766781
v -94.518555 8.150776 39.775780
v -94.506409 8.151667 39.779602
v -94.530167 8.154571 39.770027
v -94.528557 8.140549 39.763786
v -94.527550 8.128835 39.762146
v -94.516357 8.164479 39.789013
v -94.525665 8.171329 39.788887
v -94.505836 8.162710 39.790405
v -94.532410 8.181881 39.791065
v -94.515968 8.173471 39.802387
v -94.524918 8.183893 39.804695
v -94.541321 8.178064 39.776100
v -94.537910 8.149987 39.756653
v -94.528221 8.192170 39.804726
v -94.505981 8.168885 39.800655
v -94.533630 8.131368 39.757050
v -94.505791 8.172516 39.811668
v -94.520630 8.182353 39.815014
v -94.514938 8.177650 39.820473
v -94.527908 8.103292 39.763889
v -94.538048 8.094377 39.756641
v -94.529099 8.085672 39.762253
v -94.539963 8.066385 39.748932
v -94.528625 8.064044 39.756287
v -94.530144 8.048909 39.747040
v -94.539314 8.047346 39.738583
v -94.538307 8.033449 39.726772
v -94.516907 8.076654 39.765171
v -94.514778 8.094417 39.768921
v -94.519661 8.036163 39.741486
v -94.518318 8.048930 39.752483
v -94.517601 8.061918 39.759693
v -94.504776 8.086090 39.768864
v -94.505356 8.064312 39.762562
v -94.505104 8.101878 39.769829
v -94.505745 8.174207 39.828880
v -94.505219 8.172185 39.853111
v -94.512970 8.174960 39.854900
v -94.506935 8.166021 39.884979
v -94.527222 8.196383 39.808472
v -94.525070 8.191432 39.818123
v -94.522705 8.193336 39.833706
v -94.516724 8.179143 39.842728
v -94.516075 8.178840 39.860416
v -94.519264 8.190382 39.859020
v -94.518196 8.187235 39.880970
v -94.517258 8.180145 39.894131
v -94.514076 8.171619 39.884235
v -94.514977 8.172088 39.907764
v -94.511528 8.162438 39.910637
v -94.511879 8.172629 39.915031
v -94.514992 8.185962 39.905361
v -94.545937 8.196072 39.775860
v -94.511902 8.187800 39.912140
v -94.546486 8.187544 39.771721
v -94.552147 8.195900 39.759758
v -94.547981 8.179128 39.762447
v -94.550423 8.212298 39.762859
v -94.554588 8.197164 39.741043
v -94.551949 8.182638 39.748562
v -94.552757 8.212379 39.747284
v -94.545097 8.208389 39.776630
v -94.552895 8.184083 39.734680
v -94.545616 8.161316 39.747643
v -94.544884 8.226337 39.772419
v -94.545776 8.154907 39.724335
v -94.544968 8.149391 39.730541
v -94.540306 8.147560 39.750069
v -94.541489 8.135882 39.745426
v -94.544670 8.136890 39.734425
v -94.546089 8.139909 39.720310
v -94.550125 8.177136 39.720493
v -94.534904 8.201018 39.794338
v -94.547638 8.126409 39.731606
v -94.544312 8.119996 39.744164
v -94.549530 8.224835 39.752186
v -94.544212 8.233954 39.768978
v -94.552841 8.210607 39.736275
v -94.552399 8.198830 39.721508
v -94.543808 8.154267 39.711857
v -94.544106 8.145475 39.703217
v -94.545303 8.233080 39.778210
v -94.554550 8.116557 39.720531
v -94.553696 8.099929 39.732742
v -94.544670 8.107084 39.747841
v -94.547676 8.084491 39.744434
v -94.557381 8.082717 39.727337
v -94.564774 8.099495 39.705750
v -94.568169 8.083039 39.699570
v -94.568779 8.107310 39.694370
v -94.568230 8.115294 39.697109
v -94.574310 8.091314 39.678814
v -94.576164 8.071275 39.672417
v -94.576790 8.096331 39.667767
v -94.573853 8.108545 39.681530
v -94.578285 8.106264 39.663082
v -94.581314 8.068912 39.647072
v -94.581635 8.056011 39.643421
v -94.565346 8.068394 39.706959
v -94.573471 8.056532 39.676483
v -94.584244 8.051212 39.616112
v -94.564568 8.056407 39.703098
v -94.558784 8.120032 39.709637
v -94.554916 8.064198 39.728004
v -94.549149 8.132469 39.715569
v -94.573616 8.041574 39.660164
v -94.512695 8.202341 39.887005
v -94.517227 8.196536 39.858742
v -94.581635 8.041093 39.617264
v -94.511536 8.197552 39.903664
v -94.579262 8.039977 39.630962
v -94.568542 8.043389 39.679859
v -94.562378 8.046268 39.700577
v -94.537788 8.127024 39.752682
v -94.556190 8.044578 39.713192
v -94.583038 8.046472 39.598740
v -94.549438 8.222474 39.736332
v -94.546906 8.064334 39.739838
v -94.545959 8.141746 39.703491
v -94.544304 8.238426 39.783607
v -94.542374 8.235633 39.788097
v -94.578964 8.033377 39.598068
v -94.554916 8.125540 39.710190
v -94.564095 8.127869 39.704025
v -94.579262 8.122407 39.682228
v -94.548729 8.047058 39.727169
v -94.577156 8.130479 39.692886
v -94.556458 8.031780 39.697327
v -94.540756 8.235877 39.800896
v -94.541321 8.242348 39.795784
v -94.539162 8.239953 39.803928
v -94.537453 8.232009 39.808598
v -94.578011 8.036847 39.579430
v -94.578789 8.043245 39.576229
v -94.563141 8.030872 39.676399
v -94.570740 8.030711 39.647964
v -94.511826 8.206173 39.869835
v -94.513603 8.204618 39.851318
v -94.522034 8.203308 39.811348
v -94.573288 8.025723 39.617653
v -94.548447 8.216437 39.722290
v -94.518639 8.202214 39.827789
v -94.541481 8.239773 39.757038
v -94.574303 8.134365 39.697529
v -94.569435 8.028181 39.552917
v -94.569000 8.038815 39.539566
v -94.565285 8.039564 39.521736
v -94.560555 8.029814 39.512260
v -94.560585 8.038956 39.483574
v -94.573143 8.025516 39.578499
v -94.546371 8.179968 39.707947
v -94.541550 8.154862 39.703918
v -94.548004 8.196446 39.709827
v -94.538940 8.148573 39.689846
v -94.541290 8.237265 39.738766
v -94.507721 8.205445 39.897076
v -94.537415 8.241907 39.781330
v -94.506599 8.196754 39.911606
v -94.557938 8.034870 39.479874
v -94.569992 8.019266 39.599846
v -94.548141 8.031904 39.712368
v -94.540825 8.230290 39.723392
v -94.534607 8.159567 39.691544
v -94.537239 8.208496 39.783493
v -94.537392 8.231954 39.784973
v -94.531448 8.212006 39.795300
v -94.531990 8.232721 39.795528
v -94.526169 8.226413 39.804085
v -94.528183 8.204432 39.796917
v -94.524857 8.215709 39.804192
v -94.523056 8.222878 39.809872
v -94.514687 8.206465 39.823456
v -94.518990 8.227914 39.814342
v -94.530739 8.232535 39.800594
v -94.540604 8.243141 39.786949
v -94.526573 8.226872 39.807537
v -94.526947 8.232385 39.806904
v -94.541222 8.217240 39.708847
v -94.541725 8.181711 39.699501
v -94.551468 8.136463 39.702221
v -94.506325 8.188962 39.916256
v -94.505592 8.157323 39.913631
v -94.506058 8.210193 39.880222
v -94.505974 8.156259 39.910587
v -94.548843 8.141209 39.688618
v -94.514481 8.232568 39.816257
v -94.525948 8.236951 39.805691
v -94.541122 8.198944 39.699993
v -94.507317 8.210695 39.827309
v -94.506615 8.171548 39.918385
v -94.536903 8.231770 39.802994
v -94.532944 8.227198 39.806511
v -94.518890 8.242689 39.806995
v -94.526810 8.243567 39.799274
v -94.506439 8.160342 39.901009
v -94.511665 8.166971 39.893059
v -94.506737 8.209784 39.848656
v -94.532219 8.184134 39.689091
v -94.528824 8.156475 39.683491
v -94.526756 8.162973 39.683952
v -94.531540 8.197694 39.690788
v -94.505585 8.235235 39.818081
v -94.518539 8.159748 39.678360
v -94.492134 8.235527 39.708691
v -94.506607 8.236511 39.707272
v -94.492546 8.244964 39.723713
v -94.506325 8.245606 39.721745
v -94.506104 8.251846 39.737514
v -94.492096 8.250350 39.737972
v -94.519737 8.249770 39.736183
v -94.520981 8.242941 39.721001
v -94.518829 8.234447 39.707676
v -94.505531 8.255444 39.753273
v -94.520172 8.253384 39.752686
v -94.491280 8.253640 39.753128
v -94.492523 8.255294 39.767673
v -94.505524 8.257076 39.775879
v -94.517235 8.255534 39.771477
v -94.482491 8.246474 39.737839
v -94.492836 8.254776 39.779243
v -94.482262 8.239676 39.721851
v -94.479073 8.249178 39.765518
v -94.481949 8.249833 39.778198
v -94.475105 8.245465 39.752911
v -94.473564 8.240426 39.736023
v -94.505760 8.254378 39.793827
v -94.492569 8.252129 39.792625
v -94.482620 8.228096 39.706169
v -94.473755 8.233664 39.722622
v -94.482597 8.247243 39.791145
v -94.492439 8.224335 39.697567
v -94.506523 8.223472 39.694820
v -94.519379 8.224001 39.697693
v -94.474083 8.222297 39.708557
v -94.471100 8.241577 39.765282
v -94.481651 8.212681 39.695671
v -94.465935 8.222496 39.721413
v -94.464462 8.228462 39.736320
v -94.469841 8.239048 39.775383
v -94.464897 8.232433 39.750450
v -94.474701 8.241201 39.788624
v -94.492569 8.211523 39.689686
v -94.474831 8.206876 39.698109
v -94.466583 8.208725 39.709095
v -94.506195 8.207894 39.686054
v -94.493256 8.248173 39.801163
v -94.518661 8.213105 39.690445
v -94.480850 8.196122 39.689899
v -94.493942 8.191734 39.682449
v -94.506577 8.187206 39.679745
v -94.486183 8.241190 39.804462
v -94.471420 8.188012 39.696934
v -94.518562 8.191299 39.682400
v -94.480873 8.182884 39.687901
v -94.494728 8.161510 39.678638
v -94.507118 8.160995 39.676197
v -94.485542 8.161224 39.683460
v -94.475716 8.154093 39.690475
v -94.894836 8.368607 39.650188
v -94.917198 8.377188 39.650204
v -94.912254 8.366771 39.654278
v -94.926682 8.373625 39.654408
v -94.884712 8.363805 39.651440
v -94.867477 8.357600 39.652534
v -94.884773 8.360824 39.652950
v -94.902031 8.361136 39.654526
v -94.860947 8.350204 39.654743
v -94.848923 8.350712 39.653042
v -94.848557 8.342616 39.656322
v -94.831863 8.342413 39.655693
v -94.883453 8.353765 39.654484
v -94.833344 8.336018 39.657223
v -94.822289 8.332907 39.658474
v -94.822945 8.340796 39.654228
v -94.811142 8.329983 39.658928
v -94.808746 8.324836 39.660816
v -94.932831 8.376896 39.652653
v -94.942093 8.385400 39.649525
v -94.967377 8.397511 39.646442
v -94.950394 8.382676 39.652084
v -94.929131 8.370851 39.654175
v -94.955330 8.381101 39.652420
v -94.975456 8.397342 39.647690
v -94.991951 8.411377 39.643501
v -94.804779 8.334048 39.653671
v -94.793831 8.327058 39.657928
v -94.947609 8.389420 39.647186
v -94.983101 8.412139 39.638607
v -94.993027 8.418861 39.639027
v -95.003746 8.424644 39.639534
v -94.963860 8.398769 39.642891
v -94.979141 8.393202 39.647587
v -94.860680 8.342962 39.654774
v -94.805023 8.327645 39.661396
v -94.916298 8.363884 39.653992
v -94.822533 8.328105 39.658367
v -94.791931 8.321864 39.663307
v -95.002289 8.415001 39.640274
v -94.971886 8.382473 39.648426
v -94.983864 8.388439 39.645199
v -94.946663 8.367404 39.650486
v -94.965591 8.373326 39.647430
v -94.473785 7.930871 39.569748
v -94.472916 7.924207 39.577183
v -94.471542 7.917129 39.564060
v -94.470985 7.909617 39.567986
v -94.471390 7.910686 39.572727
v -94.470650 7.905265 39.579502
v -94.471291 7.913953 39.587330
v -94.470360 7.904583 39.586452
v -94.470650 7.905537 39.594204
v -94.474609 7.932221 39.580856
v -94.469414 7.887553 39.568420
v -94.474609 7.947286 39.573170
v -94.469810 7.876448 39.584820
v -94.466805 7.889434 39.597340
v -94.465950 7.886674 39.576180
v -94.465378 7.881846 39.579334
v -94.463470 7.870675 39.575390
v -94.477562 7.967326 39.575794
v -94.468643 7.868868 39.587696
v -94.466515 7.875182 39.596748
v -94.468193 7.872180 39.601353
v -94.476753 7.948029 39.567814
v -94.476021 7.968977 39.573254
v -94.477325 7.970664 39.566750
v -94.467209 7.885638 39.573051
v -94.465805 7.869370 39.581043
v -94.464897 7.897953 39.561394
v -94.471306 7.914067 39.560951
v -94.476379 7.931145 39.566917
v -94.468719 7.870698 39.567501
v -94.468697 7.869249 39.596844
v -94.474030 7.917612 39.587971
v -94.463249 7.887645 39.562870
v -94.461533 7.881461 39.558823
v -94.463524 7.870323 39.563488
v -94.462929 7.870474 39.558960
v -94.464478 7.889993 39.556534
v -94.464333 7.872263 39.553928
v -94.464592 7.884627 39.554314
v -94.505219 8.172185 39.853111
v -94.503265 8.169205 39.872181
v -94.506935 8.166021 39.884979
v -94.502914 8.165041 39.891495
v -94.506439 8.160342 39.901009
v -94.502350 8.158936 39.909641
v -94.497009 8.174201 39.867493
v -94.505974 8.156259 39.910587
v -94.496773 8.177239 39.827312
v -94.505745 8.174207 39.828880
v -94.497932 8.167286 39.900692
v -94.505791 8.172516 39.811668
v -94.494469 8.176244 39.808632
v -94.505592 8.157323 39.913631
v -94.494095 8.179591 39.848400
v -94.489716 8.183587 39.818573
v -94.505981 8.168885 39.800655
v -94.497612 8.168664 39.911251
v -94.493347 8.171286 39.797211
v -94.484566 8.186802 39.805130
v -94.505836 8.162710 39.790405
v -94.484726 8.175838 39.793152
v -94.482468 8.164662 39.780033
v -94.493690 8.155801 39.780056
v -94.506409 8.151667 39.779602
v -94.476463 7.890120 39.550591
v -94.485756 7.900140 39.553925
v -94.475174 7.900042 39.555004
v -94.485268 7.888152 39.549236
v -94.485466 7.909576 39.557793
v -94.471306 7.914067 39.560951
v -94.481697 7.925993 39.565334
v -94.476379 7.931145 39.566917
v -94.481140 7.873143 39.546791
v -94.486191 7.918169 39.562164
v -94.485741 7.932039 39.569752
v -94.470818 7.900270 39.557140
v -94.480721 7.946961 39.566555
v -94.476753 7.948029 39.567814
v -94.486176 7.872675 39.548683
v -94.471817 7.886113 39.556023
v -94.464478 7.889993 39.556534
v -94.464592 7.884627 39.554314
v -94.473785 7.877597 39.556400
v -94.476074 7.869188 39.549179
v -94.480858 7.969274 39.563725
v -94.464897 7.897953 39.561394
v -94.464333 7.872263 39.553928
v -94.477325 7.970664 39.566750
v -94.485207 7.869568 39.550068
v -94.723656 8.294167 39.679935
v -94.730148 8.289611 39.682159
v -94.705452 8.286719 39.684322
v -94.747688 8.298798 39.677284
v -94.708076 8.279365 39.689812
v -94.686493 8.276211 39.689503
v -94.694847 8.272148 39.692593
v -94.744568 8.304645 39.672016
v -94.758240 8.303354 39.673573
v -94.759979 8.312154 39.667446
v -94.774155 8.314530 39.666664
v -94.672966 8.268863 39.691589
v -94.775589 8.319051 39.662106
v -94.791931 8.321864 39.663307
v -94.692314 8.281618 39.685604
v -94.793831 8.327058 39.657928
v -94.805023 8.327645 39.661396
v -94.678726 8.261775 39.694782
v -94.785393 8.315564 39.664982
v -94.771423 8.308129 39.668591
v -94.650002 8.246677 39.682281
v -94.646843 8.224388 39.686558
v -94.641975 8.230294 39.682026
v -94.635544 8.221270 39.680763
v -94.637962 8.212135 39.685722
v -94.625374 8.207491 39.681465
v -94.628799 8.201328 39.686382
v -94.614937 8.196933 39.681347
v -94.655205 8.240746 39.688690
v -94.663094 8.258063 39.691772
v -94.658752 8.259853 39.685520
v -94.611221 8.184529 39.689487
v -94.590698 8.172319 39.685753
v -94.597725 8.168845 39.693176
v -94.579697 8.156075 39.693855
v -94.658028 8.236297 39.689072
v -94.576813 8.160250 39.685596
v -94.671486 8.252620 39.693512
v -94.649651 8.219224 39.685013
v -94.682533 8.256724 39.692734
v -94.663750 8.233586 39.687305
v -94.700569 8.271000 39.690815
v -94.614998 8.181873 39.687649
v -94.718269 8.279201 39.685688
v -94.732056 8.282121 39.679031
v -94.740273 8.289760 39.678299
v -94.757278 8.295316 39.671879
v -94.777344 8.304057 39.664913
v -94.800079 8.315228 39.660099
v -94.808746 8.324836 39.660816
v -94.822533 8.328105 39.658367
v -94.595406 8.154379 39.689110
v -94.588242 8.150507 39.693237
v -94.582741 8.153287 39.696545
v -94.577156 8.130479 39.692886
v -94.574303 8.134365 39.697529
v -94.567978 8.135212 39.701057
v -94.564095 8.127869 39.704025
v -94.531548 7.916508 39.562740
v -94.532593 7.905645 39.557537
v -94.539825 7.910970 39.562195
v -94.535088 7.926845 39.568520
v -94.527351 7.930141 39.569191
v -94.526215 7.912118 39.560387
v -94.532845 7.897290 39.553574
v -94.524681 7.904490 39.557281
v -94.524452 7.884975 39.549290
v -94.532890 7.888255 39.549931
v -94.529167 7.875135 39.547325
v -94.524612 7.918424 39.565025
v -94.543663 7.899138 39.560081
v -94.535774 7.898027 39.557827
v -94.541359 7.896459 39.558449
v -94.546997 7.886278 39.557453
v -94.532860 7.870254 39.548801
v -94.538483 7.883437 39.558716
v -94.531197 7.948423 39.569881
v -94.546242 7.871645 39.556183
v -94.526176 7.949247 39.571209
v -94.526794 7.969253 39.569046
v -94.524651 7.870882 39.548954
v -94.536041 7.877242 39.560387
v -94.538200 7.869206 39.561573
v -94.516869 8.247971 39.801273
v -94.526810 8.243567 39.799274
v -94.518890 8.242689 39.806995
v -94.529419 8.245989 39.792171
v -94.517082 8.252411 39.791534
v -94.505760 8.254378 39.793827
v -94.505493 8.247471 39.807320
v -94.529556 8.249362 39.778603
v -94.517235 8.255534 39.771477
v -94.505524 8.257076 39.775879
v -94.531509 8.249182 39.764553
v -94.520172 8.253384 39.752686
v -94.531960 8.247732 39.751499
v -94.537415 8.241907 39.781330
v -94.533012 8.241463 39.794933
v -94.519737 8.249770 39.736183
v -94.533417 8.243029 39.735897
v -94.541481 8.239773 39.757038
v -94.541290 8.237265 39.738766
v -94.520981 8.242941 39.721001
v -94.533020 8.235857 39.720264
v -94.541321 8.242348 39.795784
v -94.540825 8.230290 39.723392
v -94.538132 8.243500 39.800045
v -94.532204 8.225353 39.706177
v -94.518829 8.234447 39.707676
v -94.541222 8.217240 39.708847
v -94.519379 8.224001 39.697693
v -94.529488 8.238474 39.801617
v -94.493256 8.248173 39.801163
v -94.531708 8.207672 39.694530
v -94.518661 8.213105 39.690445
v -94.540604 8.243141 39.786949
v -94.541122 8.198944 39.699993
v -94.518562 8.191299 39.682400
v -94.531540 8.197694 39.690788
v -94.493996 8.242741 39.808338
v -94.505585 8.235235 39.818081
v -94.525948 8.236951 39.805691
v -94.532219 8.184134 39.689091
v -94.518539 8.159748 39.678360
v -94.964828 8.334206 39.590691
v -94.963737 8.338620 39.587898
v -94.948372 8.325339 39.586628
v -94.983025 8.351800 39.591278
v -94.947060 8.330068 39.585411
v -94.939560 8.321623 39.586948
v -94.934326 8.325880 39.586418
v -94.928452 8.321789 39.584980
v -94.974632 8.340621 39.594517
v -94.985710 8.350495 39.596977
v -94.987892 8.357630 39.594082
v -94.990898 8.361176 39.600937
v -94.564384 8.143555 39.697014
v -94.582741 8.153287 39.696545
v -94.567978 8.135212 39.701057
v -94.579697 8.156075 39.693855
v -94.597725 8.168845 39.693176
v -94.561821 8.139252 39.699997
v -94.564095 8.127869 39.704025
v -94.551468 8.136463 39.702221
v -94.554916 8.125540 39.710190
v -94.554192 8.142385 39.689796
v -94.576813 8.160250 39.685596
v -94.561874 8.147573 39.685997
v -94.548843 8.141209 39.688618
v -94.478775 7.869200 39.594730
v -94.478996 7.870068 39.585995
v -94.468643 7.868868 39.587696
v -94.470291 7.868342 39.568813
v -94.478210 7.868630 39.568565
v -94.468697 7.869249 39.596844
v -94.483971 7.870458 39.578587
v -94.478554 7.870412 39.600826
v -94.484482 7.870730 39.571815
v -94.495903 7.869227 39.577866
v -94.465805 7.869370 39.581043
v -94.487587 7.871031 39.580784
v -94.493027 7.870519 39.586693
v -94.496338 7.869442 39.588879
v -94.488388 7.869111 39.594570
v -94.498253 7.870344 39.600433
v -94.491737 7.871191 39.603302
v -94.484688 7.871166 39.598610
v -94.496361 7.871291 39.572639
v -94.463470 7.870675 39.575390
v -94.499214 7.871147 39.590645
v -94.470764 7.869987 39.566025
v -94.468193 7.872180 39.601353
v -94.468719 7.870698 39.567501
v -94.489372 7.874650 39.585735
v -94.485542 7.873470 39.593044
v -94.479240 7.886381 39.598114
v -94.482689 7.892870 39.589859
v -94.482658 7.887379 39.587662
v -94.481155 7.872701 39.596512
v -94.478554 7.870412 39.600826
v -94.478127 7.901141 39.594490
v -94.482033 7.899045 39.591053
v -94.483406 7.901795 39.590790
v -94.483360 7.913970 39.588367
v -94.478996 7.870068 39.585995
v -94.482552 7.885121 39.581875
v -94.480942 7.870880 39.581203
v -94.478775 7.869200 39.594730
v -94.483971 7.870458 39.578587
v -94.013618 8.396209 39.625923
v -94.024895 8.378810 39.626808
v -94.034355 8.374914 39.623245
v -94.038780 8.363266 39.626942
v -94.044151 8.363484 39.622662
v -94.055672 8.352060 39.620174
v -94.057549 8.354856 39.616699
v -94.016708 8.401041 39.623558
v -94.006386 8.412820 39.626339
v -94.012077 8.413967 39.624504
v -94.006699 8.425171 39.626205
v -94.046318 8.366944 39.621944
v -94.060768 8.356672 39.617870
v -94.004532 8.423282 39.628910
v -94.006058 8.407443 39.630680
v -94.058502 8.350370 39.614857
v -94.482689 7.892870 39.589859
v -94.484894 7.888564 39.594479
v -94.482658 7.887379 39.587662
v -94.486313 7.899301 39.593487
v -94.483406 7.901795 39.590790
v -94.483360 7.913970 39.588367
v -94.490517 7.899070 39.596340
v -94.490341 7.883311 39.601471
v -94.484688 7.871166 39.598610
v -94.491737 7.871191 39.603302
v -94.484810 7.885933 39.585777
v -94.485542 7.873470 39.593044
v -94.489372 7.874650 39.585735
v -94.487587 7.871031 39.580784
v -94.482552 7.885121 39.581875
v -94.483971 7.870458 39.578587
v -94.527657 7.892852 39.590736
v -94.528992 7.896649 39.590252
v -94.529785 7.890442 39.590611
v -94.526497 7.902767 39.590603
v -94.530502 7.912777 39.589310
v -94.523216 7.915951 39.587875
v -94.536003 7.921206 39.586601
v -94.529625 7.927738 39.584465
v -94.533157 7.933752 39.583004
v -94.529388 7.952363 39.582047
v -94.520584 7.922410 39.585258
v -94.539345 7.905245 39.594460
v -94.533340 7.901521 39.593803
v -94.525665 7.927867 39.582844
v -94.537888 7.889606 39.600304
v -94.531906 7.886072 39.595703
v -94.534332 7.873544 39.601196
v -94.540337 7.872297 39.602081
v -94.540512 7.884845 39.601040
v -94.536552 7.869480 39.600254
v -94.519089 7.914529 39.589699
v -94.517479 7.907441 39.592869
v -94.519371 7.892622 39.599197
v -94.514893 7.888364 39.600052
v -94.519035 7.874361 39.603821
v -94.520515 7.882822 39.601929
v -94.514931 7.870209 39.602257
v -94.536057 7.933825 39.580757
v -94.536125 7.945763 39.577213
v -94.524788 7.890127 39.595562
v -94.525764 7.871109 39.598701
v -94.520752 7.869456 39.601353
v -94.036514 8.345160 39.589993
v -94.024002 8.356554 39.594852
v -94.028931 8.345838 39.594959
v -94.045784 8.333719 39.591064
v -94.061760 8.326084 39.586258
v -94.018242 8.357179 39.601624
v -94.021645 8.351538 39.601746
v -94.063736 8.322515 39.589611
v -94.074684 8.322121 39.585976
v -94.525864 7.889476 39.585175
v -94.521683 7.873529 39.585415
v -94.526230 7.877649 39.593304
v -94.525764 7.871109 39.598701
v -94.526344 7.887124 39.593655
v -94.527657 7.892852 39.590736
v -94.519257 7.870772 39.586651
v -94.523987 7.873135 39.580929
v -94.524384 7.871024 39.577354
v -94.524788 7.890127 39.595562
v -94.520515 7.882822 39.601929
v -94.526482 7.882417 39.582317
v -94.538170 7.868507 39.570232
v -94.529686 7.869493 39.572414
v -94.536766 7.869524 39.587223
v -94.542038 7.868897 39.588188
v -94.543411 7.868987 39.593010
v -94.536552 7.869480 39.600254
v -94.531265 7.870443 39.594269
v -94.526993 7.871064 39.579861
v -94.524384 7.871024 39.577354
v -94.515358 7.871050 39.571968
v -94.512421 7.870043 39.577244
v -94.519257 7.870772 39.586651
v -94.545959 7.869596 39.582256
v -94.546577 7.869617 39.574337
v -94.514870 7.869924 39.587204
v -94.520752 7.869456 39.601353
v -94.514931 7.870209 39.602257
v -94.525764 7.871109 39.598701
v -94.512688 7.871490 39.595776
v -94.523987 7.873135 39.580929
v -94.540337 7.872297 39.602081
v -94.532616 7.874861 39.586079
v -94.074158 8.324094 39.578888
v -94.083954 8.318738 39.584030
v -94.072433 8.317928 39.583340
v -94.069695 8.323438 39.579224
v -94.076447 8.309337 39.586128
v -94.084412 8.316141 39.585617
v -94.090378 8.313386 39.587330
v -94.070267 8.314126 39.582825
v -94.102180 8.303579 39.586903
v -94.086411 8.302010 39.585968
v -94.069420 8.326137 39.572678
v -94.067291 8.322261 39.570213
v -94.477348 8.239369 39.805984
v -94.473343 8.242447 39.796703
v -94.477852 8.239676 39.795902
v -94.482185 8.237015 39.802494
v -94.474701 8.241201 39.788624
v -94.471931 8.241152 39.803131
v -94.468613 8.242479 39.793156
v -94.465889 8.240331 39.786201
v -94.469841 8.239048 39.775383
v -94.484535 8.230313 39.807350
v -94.478432 8.232764 39.812904
v -94.484039 8.224335 39.810719
v -94.375763 8.153576 39.554214
v -94.372864 8.151718 39.554523
v -94.383339 8.148355 39.565849
v -94.388641 8.148857 39.568783
v -94.366844 8.152527 39.544544
v -94.398209 8.140299 39.577835
v -94.362709 8.157218 39.537716
v -94.355904 8.154390 39.533966
v -94.354187 8.160012 39.532436
v -94.404747 8.139060 39.581966
v -94.417511 8.125012 39.591614
v -94.398743 8.147131 39.579567
v -94.413101 8.138360 39.588490
v -94.415779 8.129889 39.587856
v -94.425049 8.121561 39.590652
v -94.382065 8.154408 39.563557
v -94.471390 7.881392 39.601917
v -94.478554 7.870412 39.600826
v -94.468193 7.872180 39.601353
v -94.479240 7.886381 39.598114
v -94.472481 7.894109 39.598969
v -94.478127 7.901141 39.594490
v -94.489708 7.923281 39.585388
v -94.483360 7.913970 39.588367
v -94.474030 7.917612 39.587971
v -94.480965 7.928674 39.584301
v -94.470650 7.905537 39.594204
v -94.486176 7.931400 39.581059
v -94.491211 7.916557 39.589005
v -94.490517 7.899070 39.596340
v -94.495308 7.906632 39.593346
v -94.495979 7.895687 39.597866
v -94.490341 7.883311 39.601471
v -94.497444 7.884116 39.600780
v -94.474609 7.932221 39.580856
v -94.498520 7.876105 39.601280
v -94.491737 7.871191 39.603302
v -94.482193 7.941911 39.580379
v -94.479012 7.943615 39.580486
v -94.482300 7.966145 39.577950
v -94.479408 7.967435 39.577991
v -94.477562 7.967326 39.575794
v -94.466805 7.889434 39.597340
v -94.498253 7.870344 39.600433
v -94.485306 7.941111 39.577923
v -94.486137 7.968173 39.574081
v -94.084404 8.308233 39.563641
v -94.087723 8.301005 39.565666
v -94.102814 8.295918 39.564461
v -94.105171 8.291094 39.565334
v -94.072006 8.313472 39.565243
v -94.109161 8.288886 39.563648
v -94.074066 8.319261 39.565350
v -94.069031 8.321054 39.566387
v -94.528282 7.883345 39.564564
v -94.534462 7.876909 39.564323
v -94.528664 7.868967 39.559612
v -94.525307 7.873202 39.559246
v -94.531929 7.882743 39.567085
v -94.527786 7.893670 39.568188
v -94.523354 7.870969 39.552814
v -94.535973 7.875591 39.566849
v -94.534271 7.869131 39.558231
v -94.415779 8.129889 39.587856
v -94.417511 8.125012 39.591614
v -94.425049 8.121561 39.590652
v -94.431503 8.112858 39.593052
v -94.432938 8.116241 39.590553
v -94.404747 8.139060 39.581966
v -94.427109 8.115025 39.597580
v -94.435181 8.104183 39.597023
v -94.445938 8.095492 39.585987
v -94.429535 8.108344 39.609249
v -94.419800 8.123439 39.609173
v -94.415382 8.127913 39.599876
v -94.425209 8.115369 39.623184
v -94.400887 8.146394 39.599438
v -94.406578 8.133194 39.586678
v -94.403137 8.137245 39.590076
v -94.417099 8.132293 39.637680
v -94.406349 8.149953 39.634689
v -94.413200 8.141796 39.656387
v -94.397972 8.162456 39.658722
v -94.397110 8.162070 39.632275
v -94.410805 8.147797 39.669537
v -94.396446 8.166158 39.670574
v -94.401230 8.152612 39.615147
v -94.426872 8.122430 39.668545
v -94.380363 8.182945 39.668846
v -94.423912 8.122299 39.653133
v -94.386581 8.166680 39.611351
v -94.426865 8.112982 39.637791
v -94.383286 8.175908 39.654587
v -94.389595 8.168518 39.630619
v -94.385612 8.162511 39.597813
v -94.431778 8.104218 39.653301
v -94.433060 8.097296 39.628590
v -94.436050 8.093899 39.612885
v -94.433289 8.107056 39.668243
v -94.431808 8.100148 39.639431
v -94.420563 8.141103 39.682564
v -94.402832 8.165399 39.682514
v -94.432236 8.121820 39.682728
v -94.436821 8.110434 39.682659
v -94.440781 8.092495 39.596844
v -94.532089 7.977418 39.588310
v -94.536812 7.976140 39.584316
v -94.528831 7.966881 39.580864
v -94.533745 7.967742 39.578278
v -94.542435 7.981200 39.582035
v -94.542305 7.986394 39.583858
v -94.541756 7.976549 39.574497
v -94.535339 7.968345 39.574547
v -94.546440 7.985233 39.574413
v -94.546844 7.991319 39.575676
v -94.533585 7.983642 39.588280
v -94.537354 7.991074 39.586769
v -94.529388 7.952363 39.582047
v -94.543068 7.995386 39.578831
v -94.533920 7.949393 39.580311
v -94.527458 7.977956 39.588131
v -94.525497 7.985842 39.587273
v -94.536125 7.945763 39.577213
v -94.502678 8.035913 39.325054
v -94.499184 8.035988 39.295700
v -94.497597 8.034889 39.287067
v -94.494453 8.039024 39.271931
v -94.504356 8.033834 39.333214
v -94.505127 8.037042 39.337048
v -94.354187 8.160012 39.532436
v -94.347763 8.155469 39.537651
v -94.355904 8.154390 39.533966
v -94.339355 8.161226 39.538643
v -94.340607 8.159125 39.541035
v -94.536903 8.231770 39.802994
v -94.526169 8.226413 39.804085
v -94.532944 8.227198 39.806511
v -94.530739 8.232535 39.800594
v -94.540756 8.235877 39.800896
v -94.531990 8.232721 39.795528
v -94.542374 8.235633 39.788097
v -94.526573 8.226872 39.807537
v -94.531227 8.227360 39.811661
v -94.537453 8.232009 39.808598
v -94.024117 8.414882 39.639473
v -94.040367 8.404401 39.638969
v -94.037590 8.404177 39.643356
v -94.047157 8.399730 39.643356
v -94.022339 8.415967 39.630306
v -94.011597 8.424896 39.628986
v -94.011253 8.425271 39.638229
v -94.006882 8.427067 39.632801
v -94.031219 8.408376 39.630295
v -94.039429 8.401391 39.630627
v -94.058136 8.393270 39.644672
v -94.057335 8.389450 39.634651
v -94.070557 8.386992 39.643940
v -94.081398 8.378840 39.636631
v -94.091309 8.378721 39.644882
v -94.106331 8.369877 39.634964
v -94.118980 8.366819 39.638203
v -94.135567 8.358052 39.630791
v -94.138451 8.360741 39.640594
v -94.164413 8.347425 39.630211
v -94.154610 8.355081 39.642021
v -94.182266 8.344730 39.641098
v -94.006699 8.425171 39.626205
v -94.005089 8.424913 39.636467
v -94.006683 8.421591 39.639462
v -94.016983 8.407964 39.643528
v -94.249107 8.317893 39.654720
v -94.253609 8.311683 39.667740
v -94.237587 8.318516 39.662285
v -94.228020 8.325754 39.653790
v -94.271294 8.303358 39.672123
v -94.283005 8.296015 39.678905
v -94.298904 8.295157 39.669125
v -94.305847 8.286858 39.684727
v -94.318596 8.287158 39.671162
v -94.323738 8.277985 39.688759
v -94.334007 8.272659 39.690193
v -94.276863 8.305729 39.656204
v -94.207886 8.334811 39.645485
v -94.214081 8.325274 39.661499
v -94.334366 8.278506 39.670929
v -94.307617 8.294038 39.655979
v -94.345306 8.270481 39.674061
v -94.323601 8.286442 39.656963
v -94.209015 8.333793 39.652058
v -94.187073 8.341914 39.653000
v -94.169502 8.348639 39.652416
v -94.141792 8.358401 39.651440
v -94.125618 8.365630 39.650204
v -94.342522 8.266487 39.690903
v -94.350784 8.261303 39.686970
v -94.340904 8.275210 39.657177
v -94.111748 8.371433 39.649414
v -94.228661 8.325931 39.642414
v -94.258453 8.313350 39.642849
v -94.272964 8.306770 39.643063
v -94.301491 8.295512 39.641975
v -94.320854 8.286867 39.643131
v -94.337143 8.276105 39.643044
v -94.201584 8.336392 39.639416
v -94.098839 8.375955 39.649429
v -94.075233 8.385238 39.647675
v -94.272842 8.303056 39.629505
v -94.303055 8.290032 39.627693
v -94.185997 8.338765 39.629147
v -94.257851 8.307710 39.627430
v -94.216553 8.326200 39.630196
v -94.484077 7.987251 39.549175
v -94.477890 7.988342 39.549374
v -94.484352 7.979416 39.554459
v -94.477425 7.978434 39.555740
v -94.480858 7.969274 39.563725
v -94.483788 7.996073 39.547291
v -94.486092 7.995670 39.547558
v -94.485352 7.970673 39.565872
v -94.480721 7.946961 39.566555
v -94.485741 7.932039 39.569752
v -94.487465 7.927230 39.574318
v -94.486191 7.918169 39.562164
v -94.487617 7.915806 39.572079
v -94.486237 7.900150 39.560200
v -94.485466 7.909576 39.557793
v -94.485756 7.900140 39.553925
v -94.486687 7.886473 39.552662
v -94.485306 7.941111 39.577923
v -94.485268 7.888152 39.549236
v -94.486176 7.872675 39.548683
v -94.485931 7.871213 39.558498
v -94.483833 7.883613 39.564800
v -94.484146 7.884508 39.570240
v -94.486740 7.954141 39.572063
v -94.486176 7.931400 39.581059
v -94.486137 7.968173 39.574081
v -94.485207 7.869568 39.550068
v -94.490067 7.981451 39.564419
v -94.487648 7.974571 39.579601
v -94.491043 7.988989 39.565407
v -94.489471 7.993574 39.554474
v -94.490799 7.985343 39.574818
v -94.489456 7.984241 39.581642
v -94.488548 7.981624 39.558464
v -94.479240 7.876771 39.565838
v -94.490173 7.923874 39.581165
v -94.492493 7.910431 39.576958
v -94.495865 7.908888 39.590435
v -94.495773 7.901083 39.582672
v -94.498512 7.894113 39.592953
v -94.498360 7.874984 39.585506
v -94.499214 7.871147 39.590645
v -94.497414 7.887647 39.575829
v -94.498123 7.872952 39.575459
v -94.495033 7.899794 39.574043
v -94.498520 7.876105 39.601280
v -94.496361 7.871291 39.572639
v -94.498253 7.870344 39.600433
v -94.496338 7.869442 39.588879
v -94.484482 7.870730 39.571815
v -94.497444 7.884116 39.600780
v -94.495903 7.869227 39.577866
v -94.489708 7.923281 39.585388
v -94.491211 7.916557 39.589005
v -94.495308 7.906632 39.593346
v -94.495979 7.895687 39.597866
v -94.478210 7.868630 39.568565
v -94.482872 7.978263 39.588436
v -94.485954 7.985082 39.586979
v -94.482536 7.874747 39.563595
v -94.480797 7.970880 39.583031
v -94.482300 7.966145 39.577950
v -94.175812 8.254483 39.552315
v -94.168060 8.255354 39.549496
v -94.168533 8.252738 39.552120
v -94.153793 8.255717 39.545483
v -94.153290 8.261195 39.542656
v -94.143562 8.260460 39.540958
v -94.176697 8.249128 39.553749
v -94.184494 8.247233 39.553482
v -94.182884 8.244287 39.555573
v -94.147324 8.267759 39.542664
v -94.139778 8.264608 39.540558
v -94.200523 8.243552 39.554829
v -94.524651 7.870882 39.548954
v -94.528664 7.868967 39.559612
v -94.532860 7.870254 39.548801
v -94.534271 7.869131 39.558231
v -94.523354 7.870969 39.552814
v -94.475502 7.875938 39.562222
v -94.475334 7.869095 39.558636
v -94.473900 7.870773 39.554031
v -94.473785 7.877597 39.556400
v -94.476463 7.890120 39.550591
v -94.476074 7.869188 39.549179
v -94.478859 7.869521 39.560608
v -94.479240 7.876771 39.565838
v -94.691612 8.167303 39.540134
v -94.672676 8.163342 39.539680
v -94.675285 8.162169 39.541824
v -94.697594 8.172938 39.540161
v -94.449753 8.142351 39.697121
v -94.460457 8.138708 39.696407
v -94.459167 8.135279 39.702499
v -94.450066 8.147030 39.685223
v -94.440765 8.149678 39.694023
v -94.428154 8.165939 39.683380
v -94.425110 8.165716 39.688690
v -94.411896 8.180509 39.683952
v -94.405067 8.193058 39.670429
v -94.396454 8.195361 39.682671
v -94.390556 8.210505 39.668621
v -94.382973 8.211703 39.680115
v -94.435272 8.161382 39.672493
v -94.395210 8.207819 39.656460
v -94.460548 8.140411 39.685387
v -94.410210 8.188316 39.659874
v -94.451584 8.145657 39.672104
v -94.378067 8.234241 39.655224
v -94.378899 8.228776 39.667599
v -94.357552 8.259738 39.671722
v -94.366493 8.250242 39.657696
v -94.354256 8.263693 39.658234
v -94.382240 8.228440 39.642036
v -94.345306 8.270481 39.674061
v -94.396835 8.204922 39.643227
v -94.366768 8.248631 39.642628
v -94.434990 8.159935 39.658516
v -94.352814 8.263073 39.643600
v -94.406357 8.191073 39.643948
v -94.418091 8.175744 39.643906
v -94.453270 8.141174 39.658672
v -94.340904 8.275210 39.657177
v -94.441635 8.147457 39.641945
v -94.371231 8.236473 39.625732
v -94.337143 8.276105 39.643044
v -94.455673 8.132172 39.636433
v -94.383186 8.220320 39.626434
v -94.396820 8.197163 39.626297
v -94.409424 8.178424 39.626957
v -94.430420 8.153184 39.627693
v -94.445206 8.135678 39.626797
v -94.356346 8.253342 39.627583
v -94.334267 8.274332 39.631687
v -94.461929 8.138705 39.672470
v -94.462585 8.134007 39.656059
v -94.350784 8.261303 39.686970
v -94.426994 8.148356 39.614517
v -94.408813 8.168989 39.613144
v -94.395126 8.186334 39.611538
v -94.439758 8.130223 39.610619
v -94.383598 8.204763 39.611122
v -94.436188 8.124241 39.597603
v -94.369926 8.225255 39.610966
v -94.449371 8.112098 39.596191
v -94.354897 8.245385 39.614571
v -94.335541 8.267673 39.622066
v -94.320854 8.286867 39.643131
v -94.463257 8.128448 39.640163
v -94.460182 8.117626 39.615707
v -94.419548 8.140212 39.596382
v -94.402359 8.162657 39.598576
v -94.384064 8.187250 39.597969
v -94.318947 8.281137 39.626282
v -94.382973 8.163545 39.576283
v -94.398743 8.147131 39.579567
v -94.413101 8.138360 39.588490
v -94.382065 8.154408 39.563557
v -94.365685 8.159751 39.544125
v -94.434441 8.121517 39.593475
v -94.364845 8.166235 39.556217
v -94.375763 8.153576 39.554214
v -94.362709 8.157218 39.537716
v -94.354187 8.160012 39.532436
v -94.442848 8.109528 39.588921
v -94.351402 8.163199 39.535194
v -94.303055 8.290032 39.627693
v -94.349686 8.171240 39.552647
v -94.451706 8.102093 39.585060
v -94.461784 8.105418 39.593239
v -94.432938 8.116241 39.590553
v -94.447159 8.100612 39.584770
v -94.410622 8.176576 39.689438
v -94.425293 8.160722 39.693493
v -94.428543 8.152454 39.696491
v -94.387024 8.198161 39.686287
v -94.394142 8.187586 39.688969
v -94.376740 8.206469 39.686317
v -94.368866 8.216397 39.686447
v -94.480797 7.970880 39.583031
v -94.477280 7.978479 39.587967
v -94.482872 7.978263 39.588436
v -94.474251 7.973344 39.582230
v -94.479408 7.967435 39.577991
v -94.482300 7.966145 39.577950
v -94.477562 7.967326 39.575794
v -94.468544 7.982968 39.583488
v -94.468399 7.977831 39.575382
v -94.476021 7.968977 39.573254
v -94.464539 7.985212 39.574902
v -94.464333 7.991515 39.575104
v -94.468590 7.981674 39.564690
v -94.477325 7.970664 39.566750
v -94.466393 7.989568 39.565094
v -94.477425 7.978434 39.555740
v -94.480858 7.969274 39.563725
v -94.472313 7.989375 39.553997
v -94.477890 7.988342 39.549374
v -94.472786 7.997393 39.557110
v -94.476898 7.997407 39.551075
v -94.483788 7.996073 39.547291
v -94.469177 7.996517 39.568565
v -94.466553 7.993092 39.571056
v -94.466652 7.996046 39.578960
v -94.450676 8.014427 39.556396
v -94.670052 8.164225 39.543247
v -94.656822 8.159268 39.531544
v -94.667427 8.159288 39.538883
v -94.660286 8.164674 39.537598
v -94.669861 8.168996 39.546135
v -94.654465 8.154622 39.533070
v -94.798576 8.214062 39.534180
v -94.783905 8.214129 39.538155
v -94.773560 8.211714 39.542049
v -94.798264 8.218987 39.534523
v -94.802193 8.221989 39.539299
v -94.709442 8.175305 39.536572
v -94.697594 8.172938 39.540161
v -94.710266 8.172523 39.535397
v -94.718636 8.174883 39.534927
v -94.735107 8.185536 39.541126
v -94.734207 8.189687 39.543003
v -94.715790 8.192271 39.553009
v -94.691277 8.181247 39.551517
v -94.672676 8.163342 39.539680
v -94.665733 8.186611 39.568726
v -94.659431 8.172306 39.555286
v -94.733055 8.194741 39.550404
v -94.653557 8.182780 39.572144
v -94.736496 8.191713 39.548096
v -94.737083 8.203160 39.553879
v -94.741455 8.204659 39.553768
v -94.713806 8.199015 39.559071
v -94.737343 8.215925 39.559624
v -94.720436 8.240777 39.576706
v -94.745796 8.236733 39.566849
v -94.698387 8.224611 39.575661
v -94.684158 8.191422 39.564304
v -94.674637 8.214612 39.579231
v -94.767761 8.225788 39.555626
v -94.701096 8.241547 39.583752
v -94.770729 8.241326 39.563023
v -94.747635 8.254880 39.576885
v -94.795326 8.231201 39.552628
v -94.790947 8.245229 39.560719
v -94.812263 8.242993 39.554585
v -94.804832 8.259007 39.563725
v -94.778023 8.261634 39.573460
v -94.826691 8.256149 39.555450
v -94.817268 8.271126 39.566551
v -94.841660 8.260937 39.552425
v -94.838394 8.254417 39.550514
v -94.790398 8.270866 39.575718
v -94.718781 8.261137 39.589905
v -94.750687 8.270789 39.586926
v -94.845421 8.254576 39.547661
v -94.694496 8.255050 39.595181
v -94.677216 8.241727 39.594692
v -94.849098 8.282537 39.565529
v -94.867577 8.283122 39.561630
v -94.859711 8.272279 39.556137
v -94.828377 8.249352 39.552559
v -94.662346 8.212398 39.583817
v -94.879440 8.282508 39.560123
v -94.857826 8.262100 39.543892
v -94.819061 8.235500 39.551670
v -94.826263 8.242593 39.553413
v -94.834106 8.245990 39.552429
v -94.836830 8.238242 39.548218
v -94.840744 8.242473 39.548882
v -94.865433 8.267160 39.543766
v -94.868599 8.261589 39.540436
v -94.875397 8.267266 39.542213
v -94.763985 8.216000 39.547562
v -94.748268 8.208789 39.550652
v -94.777992 8.226369 39.552364
v -94.797020 8.225165 39.541599
v -94.878304 8.275755 39.552895
v -94.886734 8.285817 39.562866
v -94.895103 8.297070 39.568081
v -94.899986 8.289160 39.564571
v -94.857773 8.256628 39.543835
v -94.884811 8.281955 39.555439
v -94.890404 8.279737 39.553322
v -94.901932 8.285293 39.551739
v -94.901688 8.280190 39.550388
v -94.906891 8.284563 39.552135
v -94.828773 8.234031 39.552494
v -94.908836 8.288747 39.558319
v -94.800423 8.227777 39.547852
v -94.897820 8.293797 39.565891
v -94.802368 8.228897 39.553333
v -94.881027 8.273843 39.553570
v -94.903763 8.306458 39.573246
v -94.871918 8.300467 39.576103
v -94.856789 8.302980 39.583477
v -94.834770 8.284008 39.571941
v -94.818695 8.287073 39.579735
v -94.856277 8.318425 39.596714
v -94.843506 8.317065 39.599087
v -94.789841 8.290139 39.591923
v -94.825081 8.323162 39.611675
v -94.774483 8.303312 39.610722
v -94.910843 8.300296 39.565620
v -94.745003 8.284362 39.600471
v -94.715950 8.271325 39.598923
v -94.719955 8.285374 39.611622
v -94.876434 8.319112 39.594555
v -94.854546 8.326273 39.605743
v -94.853821 8.334013 39.612217
v -94.818451 8.328723 39.619865
v -94.855484 8.343456 39.620575
v -94.877998 8.349861 39.620152
v -94.764091 8.307206 39.620052
v -94.905540 8.312572 39.579933
v -94.900520 8.318351 39.587193
v -94.920227 8.333883 39.597824
v -94.931786 8.329023 39.589344
v -94.937912 8.338812 39.596046
v -94.960335 8.342910 39.589577
v -94.963509 8.348651 39.593887
v -94.917122 8.319026 39.584717
v -94.928452 8.321789 39.584980
v -94.881989 8.342016 39.613400
v -94.934326 8.325880 39.586418
v -94.909096 8.361389 39.624580
v -94.922958 8.372214 39.631424
v -94.889481 8.363603 39.632198
v -94.916298 8.374182 39.635880
v -94.936630 8.381480 39.636295
v -94.947098 8.379547 39.630947
v -94.939262 8.370914 39.628029
v -94.859360 8.352180 39.630402
v -94.979416 8.357414 39.594841
v -94.692589 8.272738 39.612473
v -94.917770 8.339631 39.606102
v -94.901382 8.337154 39.609482
v -94.878105 8.328686 39.605221
v -94.947060 8.330068 39.585411
v -94.819763 8.336568 39.629372
v -94.781868 8.319545 39.627728
v -94.941841 8.351362 39.611736
v -94.942955 8.346775 39.604954
v -94.963211 8.355275 39.604351
v -94.951714 8.351985 39.609497
v -94.950752 8.388413 39.635391
v -94.675301 8.256712 39.608379
v -94.931374 8.353982 39.620678
v -94.713943 8.287731 39.618649
v -94.928047 8.320460 39.574852
v -94.978928 8.363665 39.603603
v -94.986862 8.363947 39.599380
v -94.987892 8.357630 39.594082
v -94.928780 8.314255 39.565933
v -94.744659 8.305754 39.629787
v -94.921577 8.347689 39.617168
v -94.941238 8.320429 39.565037
v -94.958313 8.390119 39.632160
v -94.961586 8.396171 39.637218
v -94.959351 8.373102 39.624874
v -94.983025 8.351800 39.591278
v -94.696770 8.285749 39.629078
v -94.945625 8.355756 39.618828
v -94.950485 8.359475 39.621513
v -94.677307 8.271777 39.625263
v -94.943138 8.324993 39.572475
v -94.928452 8.309008 39.563652
v -94.774803 8.320534 39.635929
v -94.951416 8.351675 39.612926
v -94.906609 8.373826 39.642582
v -94.921188 8.360177 39.623348
v -94.827965 8.344038 39.640041
v -94.801544 8.334444 39.643566
v -94.864769 8.357963 39.640259
v -94.836395 8.347824 39.643711
v -94.926926 8.381714 39.646069
v -94.950356 8.390796 39.643475
v -94.881630 8.364566 39.643745
v -94.969055 8.386895 39.625896
v -94.970749 8.400964 39.631142
v -94.978401 8.402930 39.626961
v -94.984276 8.412358 39.630848
v -94.989449 8.413758 39.626400
v -94.999374 8.425395 39.626144
v -94.994576 8.412921 39.623756
v -95.004326 8.425635 39.624573
v -94.983276 8.396822 39.623589
v -94.963737 8.338620 39.587898
v -94.966560 8.369792 39.623047
v -94.977287 8.381187 39.622894
v -94.951462 8.353121 39.618858
v -94.957993 8.358987 39.621941
v -94.915695 8.296976 39.564556
v -94.987564 8.366069 39.608727
v -94.964874 8.356314 39.610909
v -94.903061 8.287878 39.565723
v -94.990898 8.361176 39.600937
v -94.974213 8.360801 39.610462
v -94.648102 8.156545 39.536839
v -94.639343 8.151785 39.547436
v -94.654465 8.154622 39.533070
v -94.656822 8.159268 39.531544
v -94.643799 8.151960 39.544941
v -94.964874 8.356314 39.610909
v -94.974213 8.360801 39.610462
v -94.971275 8.353588 39.610020
v -94.987495 8.359468 39.608284
v -94.987564 8.366069 39.608727
v -94.951416 8.351675 39.612926
v -94.950554 8.348204 39.612709
v -94.538200 7.869206 39.561573
v -94.539032 7.870915 39.568832
v -94.547638 7.869988 39.566814
v -94.548622 7.869816 39.561550
v -94.541740 7.872163 39.570484
v -94.546242 7.871645 39.556183
v -94.930588 8.322060 39.580578
v -94.935585 8.319469 39.585228
v -94.928452 8.321789 39.584980
v -94.940933 8.324126 39.579609
v -94.943138 8.324993 39.572475
v -94.917122 8.319026 39.584717
v -94.928047 8.320460 39.574852
v -94.940247 8.317871 39.583809
v -94.929077 8.315591 39.586449
v -94.503502 8.207046 39.890724
v -94.507721 8.205445 39.897076
v -94.503670 8.202606 39.903141
v -94.506058 8.210193 39.880222
v -94.506599 8.196754 39.911606
v -94.498230 8.205349 39.852005
v -94.504013 8.209663 39.853802
v -94.503624 8.210439 39.827065
v -94.495506 8.206310 39.822941
v -94.507317 8.210695 39.827309
v -94.506737 8.209784 39.848656
v -94.505585 8.235235 39.818081
v -94.505127 8.037042 39.337048
v -94.504356 8.033834 39.333214
v -94.507538 8.035948 39.318432
v -94.182426 8.243950 39.558231
v -94.189049 8.243197 39.561501
v -94.176849 8.240784 39.558010
v -94.171890 8.246053 39.551945
v -94.172455 8.237697 39.553547
v -94.169571 8.242362 39.549866
v -94.190903 8.234670 39.552032
v -94.196571 8.229951 39.553688
v -94.208000 8.229854 39.552635
v -94.180092 8.234057 39.552303
v -94.210236 8.227087 39.552315
v -94.181557 8.243317 39.552715
v -94.196907 8.238463 39.554279
v -94.200523 8.243552 39.554829
v -94.182884 8.244287 39.555573
v -94.216728 8.232080 39.551765
v -94.171814 8.239797 39.548092
v -94.171890 8.246053 39.551945
v -94.169571 8.242362 39.549866
v -94.843842 8.251685 39.550709
v -94.828377 8.249352 39.552559
v -94.831451 8.246657 39.554298
v -94.838394 8.254417 39.550514
v -94.535973 7.875591 39.566849
v -94.531448 7.872198 39.569294
v -94.538170 7.868507 39.570232
v -94.539032 7.870915 39.568832
v -94.529686 7.869493 39.572414
v -94.526382 7.873545 39.571888
v -94.531929 7.882743 39.567085
v -94.525696 7.891107 39.571873
v -94.527786 7.893670 39.568188
v -94.515358 7.871050 39.571968
v -94.514595 7.889445 39.573875
v -94.523407 7.912026 39.573921
v -94.515793 8.038932 39.271980
v -94.512665 8.037346 39.294235
v -94.512169 8.034971 39.295544
v -94.507538 8.035948 39.318432
v -94.508057 8.033918 39.319595
v -94.505737 8.033013 39.334450
v -94.572998 8.105416 39.585907
v -94.561493 8.096620 39.583130
v -94.566864 8.096361 39.585526
v -94.563988 8.089399 39.584949
v -94.558105 8.090910 39.579456
v -94.548279 8.094872 39.578209
v -94.561722 8.102756 39.586895
v -94.581161 8.056973 39.595547
v -94.573364 8.052526 39.563267
v -94.578789 8.043245 39.576229
v -94.569000 8.038815 39.539566
v -94.566978 8.050014 39.540237
v -94.565285 8.039564 39.521736
v -94.561882 8.051447 39.521255
v -94.583038 8.046472 39.598740
v -94.577896 8.064518 39.593193
v -94.571182 8.059314 39.563980
v -94.577156 8.080613 39.613483
v -94.563690 8.060475 39.544140
v -94.583527 8.060007 39.619091
v -94.579765 8.082486 39.630234
v -94.575516 8.093560 39.618599
v -94.569244 8.089265 39.599274
v -94.571831 8.078837 39.595181
v -94.561127 8.041241 39.495655
v -94.563843 8.081011 39.578342
v -94.557480 8.048228 39.496048
v -94.560585 8.038956 39.483574
v -94.555084 8.044427 39.475388
v -94.579506 8.089697 39.645222
v -94.577812 8.097169 39.629395
v -94.584244 8.051212 39.616112
v -94.555817 8.057932 39.517101
v -94.578873 8.099711 39.639248
v -94.578285 8.106264 39.663082
v -94.581314 8.068912 39.647072
v -94.576790 8.096331 39.667767
v -94.555054 8.073565 39.550156
v -94.557831 8.080813 39.569660
v -94.547623 8.060198 39.503532
v -94.540321 8.082349 39.542141
v -94.538254 8.065849 39.498581
v -94.541756 8.092040 39.565948
v -94.539276 8.054753 39.471371
v -94.547653 8.043972 39.456211
v -94.545586 8.100632 39.584694
v -94.531197 8.083857 39.534184
v -94.533318 8.099548 39.572128
v -94.528847 8.055603 39.460354
v -94.528709 8.044188 39.434029
v -94.529091 8.069456 39.496143
v -94.517807 8.053400 39.442875
v -94.506050 8.051505 39.424652
v -94.514290 8.043223 39.420307
v -94.539734 8.109883 39.596558
v -94.521339 8.104906 39.572876
v -94.519882 8.079100 39.512451
v -94.521446 8.093431 39.547211
v -94.521935 8.121646 39.609795
v -94.506165 8.042910 39.416058
v -94.939560 8.321623 39.586948
v -94.928452 8.321789 39.584980
v -94.931953 8.318692 39.589592
v -94.942451 8.321943 39.591415
v -94.948372 8.325339 39.586628
v -94.951355 8.325305 39.591599
v -94.961548 8.332224 39.594681
v -94.964828 8.334206 39.590691
v -94.929077 8.315591 39.586449
v -94.462578 8.039588 39.297020
v -94.457588 8.037848 39.316406
v -94.462502 8.037621 39.295044
v -94.473999 8.039132 39.273918
v -94.458328 8.041076 39.326118
v -94.455933 8.037630 39.319721
v -94.182426 8.243950 39.558231
v -94.181557 8.243317 39.552715
v -94.182884 8.244287 39.555573
v -94.171890 8.246053 39.551945
v -94.231133 8.213742 39.539776
v -94.210846 8.212968 39.535229
v -94.224342 8.212238 39.539127
v -94.245331 8.209784 39.544891
v -94.215210 8.217933 39.535706
v -94.264168 8.207744 39.551487
v -94.265007 8.206362 39.553497
v -95.004326 8.425635 39.624573
v -95.005142 8.421617 39.624588
v -95.006424 8.422257 39.636021
v -95.005814 8.417850 39.628139
v -95.003532 8.406195 39.633305
v -95.001213 8.405670 39.626072
v -94.995232 8.391752 39.629978
v -94.995781 8.393108 39.635284
v -94.987030 8.379839 39.632061
v -94.985558 8.380507 39.626926
v -94.977425 8.369385 39.627884
v -95.003746 8.424644 39.639534
v -94.977287 8.381187 39.622894
v -94.966560 8.369792 39.623047
v -94.994080 8.402472 39.623100
v -94.967583 8.363988 39.624668
v -94.957993 8.358987 39.621941
v -94.964684 8.358915 39.627018
v -94.951462 8.353121 39.618858
v -94.994576 8.412921 39.623756
v -94.983276 8.396822 39.623589
v -94.475502 7.875938 39.562222
v -94.473785 7.877597 39.556400
v -94.470070 7.869741 39.557140
v -94.464333 7.872263 39.553928
v -94.470764 7.869987 39.566025
v -94.479240 7.876771 39.565838
v -94.463524 7.870323 39.563488
v -94.462929 7.870474 39.558960
v -94.468719 7.870698 39.567501
v -94.478210 7.868630 39.568565
v -94.536041 7.877242 39.560387
v -94.535973 7.875591 39.566849
v -94.538200 7.869206 39.561573
v -94.539032 7.870915 39.568832
v -94.534462 7.876909 39.564323
v -94.542946 7.996565 39.570168
v -94.546844 7.991319 39.575676
v -94.543068 7.995386 39.578831
v -94.545769 7.990145 39.567410
v -94.537880 7.997547 39.556843
v -94.537956 7.988054 39.554169
v -94.533401 7.997910 39.549839
v -94.546440 7.985233 39.574413
v -94.540756 7.981305 39.562626
v -94.541756 7.976549 39.574497
v -94.535339 7.968345 39.574547
v -94.531395 7.968853 39.568249
v -94.531776 7.980814 39.554230
v -94.531258 7.987501 39.548840
v -94.534134 7.965753 39.572079
v -94.531197 7.948423 39.569881
v -94.536026 7.942873 39.574032
v -94.535728 7.932794 39.571426
v -94.538635 7.922178 39.572590
v -94.535088 7.926845 39.568520
v -94.528099 7.991772 39.547001
v -94.528122 7.996516 39.547394
v -94.541260 7.894631 39.583996
v -94.540833 7.906402 39.576508
v -94.544868 7.888018 39.578545
v -94.545959 7.869596 39.582256
v -94.542038 7.868897 39.588188
v -94.539177 7.916924 39.585274
v -94.546577 7.869617 39.574337
v -94.542274 7.903965 39.565197
v -94.543114 7.887553 39.573532
v -94.543274 7.888872 39.568588
v -94.536057 7.933825 39.580757
v -94.536125 7.945763 39.577213
v -94.541740 7.872163 39.570484
v -94.542503 7.897422 39.592392
v -94.543411 7.868987 39.593010
v -94.539825 7.910970 39.562195
v -94.543663 7.899138 39.560081
v -94.546310 7.892010 39.564892
v -94.546997 7.886278 39.557453
v -94.539345 7.905245 39.594460
v -94.549568 7.880559 39.561794
v -94.544136 7.883005 39.596630
v -94.540337 7.872297 39.602081
v -94.547638 7.869988 39.566814
v -94.548622 7.869816 39.561550
v -94.540512 7.884845 39.601040
v -94.536003 7.921206 39.586601
v -94.533745 7.967742 39.578278
v -94.533920 7.949393 39.580311
v -94.546242 7.871645 39.556183
v -94.890404 8.279737 39.553322
v -94.892311 8.276196 39.555244
v -94.901688 8.280190 39.550388
v -94.881027 8.273843 39.553570
v -94.878304 8.275755 39.552895
v -94.458328 8.041076 39.326118
v -94.451073 8.040078 39.312546
v -94.455933 8.037630 39.319721
v -94.834106 8.245990 39.552429
v -94.840164 8.241985 39.553688
v -94.829697 8.243564 39.556843
v -94.831451 8.246657 39.554298
v -94.828377 8.249352 39.552559
v -94.840744 8.242473 39.548882
v -94.536041 7.877242 39.560387
v -94.535538 7.872052 39.553303
v -94.534271 7.869131 39.558231
v -94.534462 7.876909 39.564323
v -94.535774 7.898027 39.557827
v -94.532890 7.888255 39.549931
v -94.532860 7.870254 39.548801
v -94.560585 8.038956 39.483574
v -94.562141 8.042320 39.471581
v -94.563225 8.039801 39.472359
v -94.570442 8.042622 39.456940
v -94.555084 8.044427 39.475388
v -94.595245 8.053483 39.403419
v -94.605125 8.055285 39.388306
v -94.596603 8.052161 39.401638
v -94.589455 8.049470 39.419186
v -94.581497 8.050168 39.426704
v -94.584900 8.047147 39.428516
v -94.577377 8.045494 39.442677
v -94.572250 8.047446 39.443325
v -94.590111 8.054577 39.404819
v -94.565033 8.046024 39.453743
v -94.601234 8.057904 39.386360
v -94.609909 8.058045 39.380833
v -94.620804 8.061954 39.365192
v -94.556213 8.043203 39.471046
v -94.576408 8.051386 39.422096
v -94.211380 8.220172 39.536674
v -94.209976 8.227699 39.546062
v -94.208763 8.220772 39.540653
v -94.210846 8.212968 39.535229
v -94.210236 8.227087 39.552315
v -94.208000 8.229854 39.552635
v -94.564095 8.043693 39.310467
v -94.557304 8.040747 39.316223
v -94.562508 8.039961 39.309929
v -94.551796 8.037376 39.321758
v -94.549812 8.040100 39.327213
v -94.574615 8.044122 39.304634
v -94.442902 8.041759 39.462433
v -94.448654 8.041829 39.471012
v -94.447342 8.040051 39.472111
v -94.450447 8.038706 39.483364
v -94.453072 8.042005 39.479633
v -94.440651 8.045297 39.448772
v -94.437889 8.043130 39.451969
v -94.428574 8.046218 39.432896
v -94.433777 8.049684 39.425133
v -94.419037 8.049967 39.414242
v -94.455154 8.042773 39.472561
v -94.429649 8.052355 39.410522
v -94.411835 8.053538 39.396042
v -94.444427 8.047176 39.441628
v -94.424377 8.054272 39.394032
v -94.406952 8.056911 39.378155
v -94.401512 8.055446 39.383209
v -94.392433 8.059098 39.370548
v -94.383942 8.062815 39.355396
v -94.446083 8.048996 39.424931
v -94.406555 8.057553 39.372124
v -94.390289 8.061985 39.355469
v -94.464119 8.043112 39.454361
v -94.459663 8.046310 39.412704
v -94.476791 8.042432 39.436954
v -94.476814 8.043807 39.396500
v -94.490242 8.042452 39.422546
v -94.493263 8.042176 39.374512
v -94.466606 8.044878 39.374218
v -94.439926 8.049890 39.376022
v -94.506340 8.040322 39.359074
v -94.507988 8.041971 39.384541
v -94.460960 8.043228 39.347771
v -94.476532 8.039815 39.318615
v -94.498009 8.038938 39.330360
v -94.494606 8.038732 39.302795
v -94.452332 8.043695 39.337029
v -94.414474 8.051158 39.337944
v -94.445137 8.043641 39.313629
v -94.428391 8.047310 39.312695
v -94.416733 8.048952 39.315826
v -94.462578 8.039588 39.297020
v -94.458328 8.041076 39.326118
v -94.418121 8.052916 39.359562
v -94.401978 8.053774 39.341358
v -94.490387 8.039917 39.271404
v -94.494453 8.039024 39.271931
v -94.506165 8.042910 39.416058
v -94.515457 8.042137 39.406422
v -94.524597 8.042434 39.424202
v -94.536362 8.042220 39.435806
v -94.534447 8.043259 39.369301
v -94.473999 8.039132 39.273918
v -94.535706 8.044009 39.391781
v -94.509758 8.039240 39.343266
v -94.544456 8.041039 39.331791
v -94.515472 8.038377 39.304016
v -94.543213 8.040408 39.298607
v -94.544884 8.039284 39.283371
v -94.534332 8.040250 39.272572
v -94.515793 8.038932 39.271980
v -94.496422 8.042709 39.420761
v -94.560539 8.046941 39.370758
v -94.558807 8.047309 39.398594
v -94.554871 8.042778 39.337467
v -94.553955 8.045343 39.434307
v -94.549713 8.043272 39.450668
v -94.547653 8.043972 39.456211
v -94.556213 8.043203 39.471046
v -94.411209 8.049554 39.330776
v -94.565033 8.046024 39.453743
v -94.576202 8.050964 39.377647
v -94.597290 8.052374 39.344334
v -94.591743 8.050013 39.325081
v -94.601784 8.050700 39.336105
v -94.571854 8.045867 39.310806
v -94.584602 8.046889 39.309536
v -94.576408 8.051386 39.422096
v -94.587852 8.054855 39.394821
v -94.590111 8.054577 39.404819
v -94.601234 8.057904 39.386360
v -94.609100 8.060384 39.371223
v -94.620804 8.061954 39.365192
v -94.620956 8.063821 39.352722
v -94.627022 8.062498 39.356720
v -94.626389 8.062888 39.351326
v -94.505127 8.037042 39.337048
v -94.502678 8.035913 39.325054
v -94.591881 8.047791 39.317444
v -94.602760 8.056746 39.357536
v -94.607422 8.055767 39.347164
v -94.507538 8.035948 39.318432
v -94.512665 8.037346 39.294235
v -94.486794 8.045316 39.432648
v -94.613564 8.055466 39.344444
v -94.528709 8.044188 39.434029
v -94.514290 8.043223 39.420307
v -94.390976 8.058054 39.346428
v -94.555084 8.044427 39.475388
v -94.562141 8.042320 39.471581
v -94.430016 8.045084 39.308056
v -94.499184 8.035988 39.295700
v -94.531013 8.037871 39.268833
v -94.478218 8.055143 39.464031
v -94.493996 8.054171 39.444977
v -94.490936 8.079361 39.513325
v -94.476479 8.066471 39.495052
v -94.476250 8.076697 39.521301
v -94.506332 8.067080 39.475876
v -94.506287 8.084021 39.520638
v -94.506653 8.058113 39.450470
v -94.506050 8.051505 39.424652
v -94.517807 8.053400 39.442875
v -94.519882 8.079100 39.512451
v -94.490692 8.093487 39.546665
v -94.521446 8.093431 39.547211
v -94.506783 8.115989 39.592377
v -94.489998 8.110750 39.585258
v -94.521339 8.104906 39.572876
v -94.521935 8.121646 39.609795
v -94.488518 8.125690 39.620327
v -94.506989 8.137275 39.642796
v -94.490768 8.135839 39.644054
v -94.493767 8.144866 39.664299
v -94.507378 8.146800 39.665043
v -94.522675 8.133342 39.637833
v -94.519348 8.144858 39.664314
v -94.482803 8.144959 39.671276
v -94.475067 8.130818 39.642433
v -94.471283 8.120611 39.618965
v -94.463257 8.128448 39.640163
v -94.469513 8.140005 39.670765
v -94.478210 8.146654 39.678844
v -94.462585 8.134007 39.656059
v -94.460182 8.117626 39.615707
v -94.461929 8.138705 39.672470
v -94.465813 8.141784 39.686684
v -94.460548 8.140411 39.685387
v -94.461784 8.105418 39.593239
v -94.549797 8.120093 39.620712
v -94.534904 8.131768 39.641689
v -94.548668 8.129007 39.640556
v -94.548935 8.135388 39.659203
v -94.534851 8.138898 39.660717
v -94.550056 8.139028 39.672890
v -94.477623 8.107555 39.587780
v -94.536018 8.143605 39.673218
v -94.539734 8.109883 39.596558
v -94.550652 8.111627 39.604237
v -94.475555 8.096456 39.567661
v -94.520493 8.151046 39.673527
v -94.548843 8.141209 39.688618
v -94.554192 8.142385 39.689796
v -94.502274 8.048776 39.422146
v -94.494492 8.152194 39.673512
v -94.545586 8.100632 39.584694
v -94.553558 8.105703 39.593060
v -94.462227 8.095055 39.577908
v -94.451706 8.102093 39.585060
v -94.548279 8.094872 39.578209
v -94.561722 8.102756 39.586895
v -94.489639 8.037658 39.268936
v -94.533653 8.147335 39.679062
v -94.460457 8.138708 39.696407
v -94.442802 8.041157 39.309231
v -94.451073 8.040078 39.312546
v -94.471268 8.146019 39.688480
v -94.506454 8.153047 39.671402
v -94.538940 8.148573 39.689846
v -94.465858 8.143076 39.702461
v -94.447159 8.100612 39.584770
v -94.484253 8.153017 39.680084
v -94.475716 8.154093 39.690475
v -94.528824 8.156475 39.683491
v -94.518539 8.159748 39.678360
v -94.494728 8.161510 39.678638
v -94.507118 8.160995 39.676197
v -94.485542 8.161224 39.683460
v -94.526756 8.162973 39.683952
v -94.518562 8.191299 39.682400
v -94.549721 8.037923 39.301060
v -94.526573 8.226872 39.807537
v -94.532120 8.234655 39.810799
v -94.531227 8.227360 39.811661
v -94.526947 8.232385 39.806904
v -94.529488 8.238474 39.801617
v -94.534607 8.239376 39.807922
v -94.538132 8.243500 39.800045
v -94.533012 8.241463 39.794933
v -94.845421 8.254576 39.547661
v -94.838394 8.254417 39.550514
v -94.843842 8.251685 39.550709
v -94.857773 8.256628 39.543835
v -94.859238 8.256291 39.546436
v -94.868599 8.261589 39.540436
v -94.537453 8.232009 39.808598
v -94.531227 8.227360 39.811661
v -94.532120 8.234655 39.810799
v -94.534607 8.239376 39.807922
v -94.539162 8.239953 39.803928
v -94.538132 8.243500 39.800045
v -94.541321 8.242348 39.795784
v -94.940933 8.324126 39.579609
v -94.943138 8.324993 39.572475
v -94.940247 8.317871 39.583809
v -94.942955 8.318368 39.571259
v -94.938011 8.309199 39.580154
v -94.935318 8.310730 39.585487
v -94.941238 8.320429 39.565037
v -94.928452 8.309008 39.563652
v -94.933731 8.309088 39.566162
v -94.915695 8.296976 39.564556
v -94.925186 8.300686 39.568417
v -94.907974 8.288632 39.570538
v -94.903061 8.287878 39.565723
v -94.928589 8.300916 39.577946
v -94.917290 8.293839 39.576916
v -94.104530 8.283594 39.549629
v -94.101524 8.283077 39.557358
v -94.106071 8.279235 39.549774
v -94.100624 8.288005 39.557831
v -94.544884 8.039284 39.283371
v -94.534332 8.040250 39.272572
v -94.531013 8.037871 39.268833
v -94.100624 8.288005 39.557831
v -94.109161 8.288886 39.563648
v -94.107071 8.285398 39.563889
v -94.101524 8.283077 39.557358
v -94.108673 8.286778 39.569176
v -94.020065 8.363030 39.603405
v -94.021393 8.362902 39.609310
v -94.018242 8.357179 39.601624
v -94.020508 8.358371 39.608856
v -94.022781 8.360980 39.598511
v -94.024002 8.356554 39.594852
v -94.800423 8.227777 39.547852
v -94.799927 8.221125 39.543842
v -94.802368 8.228897 39.553333
v -94.525864 7.889476 39.585175
v -94.528664 7.890302 39.585953
v -94.526482 7.882417 39.582317
v -94.532616 7.874861 39.586079
v -94.526993 7.871064 39.579861
v -94.536766 7.869524 39.587223
v -94.523987 7.873135 39.580929
v -94.527657 7.892852 39.590736
v -94.529785 7.890442 39.590611
v -94.531265 7.870443 39.594269
v -94.531906 7.886072 39.595703
v -94.534332 7.873544 39.601196
v -94.533340 7.901521 39.593803
v -94.536552 7.869480 39.600254
v -94.541740 7.872163 39.570484
v -94.538170 7.868507 39.570232
v -94.546577 7.869617 39.574337
v -94.539032 7.870915 39.568832
v -94.484535 8.230313 39.807350
v -94.480019 8.226644 39.807014
v -94.484039 8.224335 39.810719
v -94.480042 8.228907 39.804085
v -94.908836 8.288747 39.558319
v -94.903061 8.287878 39.565723
v -94.899986 8.289160 39.564571
v -94.430016 8.045084 39.308056
v -94.416733 8.048952 39.315826
v -94.419456 8.046118 39.314384
v -94.431465 8.041972 39.311996
v -94.442802 8.041157 39.309231
v -94.411209 8.049554 39.330776
v -94.411835 8.053538 39.396042
v -94.419037 8.049967 39.414242
v -94.413078 8.050565 39.398159
v -94.401512 8.055446 39.383209
v -94.423088 8.046037 39.403625
v -94.408302 8.051234 39.382130
v -94.392433 8.059098 39.370548
v -94.389282 8.058185 39.352676
v -94.428574 8.046218 39.432896
v -94.440811 8.039957 39.442574
v -94.437889 8.043130 39.451969
v -94.453979 8.034810 39.474495
v -94.383942 8.062815 39.355396
v -94.410095 8.048623 39.342834
v -94.418900 8.046004 39.355923
v -94.437325 8.040712 39.370121
v -94.432770 8.041067 39.337486
v -94.453339 8.035921 39.440208
v -94.458046 8.033079 39.463371
v -94.390976 8.058054 39.346428
v -94.458504 8.035352 39.394833
v -94.472969 8.031395 39.431252
v -94.471893 8.030466 39.447330
v -94.455475 8.035959 39.346931
v -94.450905 8.037197 39.317104
v -94.472778 8.033265 39.372547
v -94.461937 8.035070 39.320297
v -94.477654 8.032723 39.331566
v -94.455933 8.037630 39.319721
v -94.486519 8.029239 39.432697
v -94.488327 8.025370 39.451508
v -94.492760 8.030735 39.370113
v -94.472252 8.035480 39.285133
v -94.462502 8.037621 39.295044
v -94.506363 8.027321 39.429520
v -94.506462 8.030419 39.353046
v -94.499008 8.031413 39.336761
v -94.506439 8.023867 39.450920
v -94.492355 8.034629 39.276810
v -94.472122 8.024487 39.471100
v -94.480209 8.037091 39.272240
v -94.457588 8.037848 39.316406
v -94.458900 8.029604 39.478279
v -94.488701 8.018319 39.474216
v -94.473488 8.011344 39.509922
v -94.488464 8.006171 39.512177
v -94.460472 8.022847 39.497234
v -94.506660 8.016523 39.474472
v -94.506523 8.006112 39.506592
v -94.473839 8.003008 39.538044
v -94.483788 7.996073 39.547291
v -94.476898 7.997407 39.551075
v -94.472786 7.997393 39.557110
v -94.486092 7.995670 39.547558
v -94.505844 7.993575 39.550343
v -94.489471 7.993574 39.554474
v -94.457756 8.013721 39.532772
v -94.473999 8.039132 39.273918
v -94.401978 8.053774 39.341358
v -94.489639 8.037658 39.268936
v -94.491043 7.988989 39.565407
v -94.490799 7.985343 39.574818
v -94.508713 7.984415 39.575768
v -94.450676 8.014427 39.556396
v -94.469177 7.996517 39.568565
v -94.522377 8.030978 39.372837
v -94.523506 8.028915 39.430012
v -94.523834 8.032108 39.335949
v -94.069031 8.321054 39.566387
v -94.067291 8.322261 39.570213
v -94.067772 8.318318 39.569267
v -94.072006 8.313472 39.565243
v -94.071297 8.309669 39.581314
v -94.070267 8.314126 39.582825
v -94.087158 8.297233 39.577454
v -94.087723 8.301005 39.565666
v -94.100288 8.290744 39.569462
v -94.105171 8.291094 39.565334
v -94.108673 8.286778 39.569176
v -94.109161 8.288886 39.563648
v -94.069695 8.323438 39.579224
v -94.083954 8.318738 39.584030
v -94.074684 8.322121 39.585976
v -94.084412 8.316141 39.585617
v -94.006882 8.427067 39.632801
v -94.005089 8.424913 39.636467
v -94.004532 8.423282 39.628910
v -94.006699 8.425171 39.626205
v -94.006058 8.407443 39.630680
v -94.006615 8.408534 39.635498
v -94.006683 8.421591 39.639462
v -94.055099 8.353527 39.611061
v -94.057549 8.354856 39.616699
v -94.058502 8.350370 39.614857
v -94.034439 8.357828 39.609970
v -94.036560 8.359788 39.608562
v -94.043823 8.352344 39.609131
v -94.021393 8.362902 39.609310
v -94.020508 8.358371 39.608856
v -94.054100 8.351381 39.611702
v -94.489639 8.037658 39.268936
v -94.473999 8.039132 39.273918
v -94.480209 8.037091 39.272240
v -94.482803 8.227679 39.801170
v -94.480042 8.228907 39.804085
v -94.484535 8.230313 39.807350
v -94.479370 8.233008 39.797039
v -94.470024 8.237738 39.798912
v -94.472687 8.234390 39.804813
v -94.474915 8.236649 39.790390
v -94.477905 8.228569 39.811501
v -94.480019 8.226644 39.807014
v -94.484039 8.224335 39.810719
v -94.467270 8.237453 39.788181
v -94.478432 8.232764 39.812904
v -94.471931 8.241152 39.803131
v -94.468613 8.242479 39.793156
v -94.465889 8.240331 39.786201
v -94.182884 8.244287 39.555573
v -94.176697 8.249128 39.553749
v -94.182426 8.243950 39.558231
v -94.840744 8.242473 39.548882
v -94.836830 8.238242 39.548218
v -94.840294 8.237948 39.550201
v -94.828773 8.234031 39.552494
v -94.748268 8.208789 39.550652
v -94.737083 8.203160 39.553879
v -94.741455 8.204659 39.553768
v -94.748993 8.208127 39.555309
v -94.763855 8.210280 39.547207
v -94.768509 8.212784 39.550941
v -94.773560 8.211714 39.542049
v -94.740753 8.205560 39.557465
v -94.798576 8.214062 39.534180
v -94.791183 8.218585 39.547665
v -94.742226 8.210864 39.564751
v -94.769226 8.219392 39.560055
v -94.727646 8.203053 39.565392
v -94.799927 8.221125 39.543842
v -94.795189 8.224986 39.553654
v -94.802444 8.231576 39.559914
v -94.809395 8.236259 39.562920
v -94.802368 8.228897 39.553333
v -94.755531 8.221280 39.569798
v -94.724503 8.218934 39.586716
v -94.702187 8.206787 39.586807
v -94.691628 8.193930 39.577080
v -94.694633 8.186404 39.563576
v -94.671013 8.165130 39.548908
v -94.674759 8.180551 39.568886
v -94.699158 8.173406 39.543037
v -94.661865 8.160304 39.548744
v -94.711098 8.185761 39.554298
v -94.708206 8.222700 39.602707
v -94.691612 8.167303 39.540134
v -94.675285 8.162169 39.541824
v -94.768028 8.234801 39.577560
v -94.732750 8.184781 39.544567
v -94.718636 8.174883 39.534927
v -94.710266 8.172523 39.535397
v -94.726257 8.239668 39.607891
v -94.735252 8.192652 39.551952
v -94.788795 8.247046 39.582462
v -94.755577 8.242111 39.591679
v -94.740280 8.240857 39.598392
v -94.778160 8.255683 39.600662
v -94.807487 8.262904 39.590458
v -94.804535 8.253690 39.581802
v -94.837250 8.275193 39.583752
v -94.807709 8.245422 39.571869
v -94.836563 8.264825 39.573978
v -94.827057 8.246557 39.559986
v -94.859062 8.266454 39.560047
v -94.799065 8.269624 39.607216
v -94.822716 8.275964 39.596958
v -94.854324 8.269927 39.570103
v -94.852417 8.288558 39.592632
v -94.878639 8.294247 39.587585
v -94.873726 8.279378 39.572231
v -94.869156 8.272829 39.565372
v -94.894005 8.283210 39.567139
v -94.835144 8.296216 39.617443
v -94.867073 8.313862 39.619289
v -94.868179 8.301807 39.600159
v -94.888306 8.308559 39.598835
v -94.803307 8.281812 39.622227
v -94.849709 8.315801 39.634850
v -94.835114 8.302943 39.626537
v -94.874397 8.312989 39.611843
v -94.896576 8.323875 39.614429
v -94.916679 8.326910 39.608234
v -94.929405 8.326606 39.600311
v -94.942055 8.342861 39.615456
v -94.917168 8.337455 39.622971
v -94.917847 8.312603 39.588608
v -94.944328 8.339047 39.608135
v -94.931953 8.318692 39.589592
v -94.905731 8.306486 39.588463
v -94.871109 8.326428 39.636082
v -94.839729 8.321768 39.646809
v -94.776451 8.270372 39.626282
v -94.929077 8.315591 39.586449
v -94.811684 8.297440 39.638309
v -94.807465 8.306174 39.651161
v -94.757545 8.255600 39.613689
v -94.897270 8.334427 39.633450
v -94.887596 8.339933 39.644272
v -94.844460 8.252264 39.552383
v -94.873848 8.269194 39.555531
v -94.881233 8.273656 39.558781
v -94.859238 8.256291 39.546436
v -94.870888 8.261776 39.545586
v -94.783836 8.286592 39.647572
v -94.774384 8.280149 39.643673
v -94.751678 8.270165 39.642735
v -94.736931 8.253680 39.624279
v -94.763237 8.281187 39.653625
v -94.769135 8.290665 39.660271
v -94.731232 8.277805 39.675838
v -94.892311 8.276196 39.555244
v -94.946648 8.347915 39.621613
v -94.911125 8.347589 39.644665
v -94.920502 8.344462 39.635113
v -94.931587 8.354979 39.644592
v -94.951523 8.357711 39.638721
v -94.952698 8.363318 39.645733
v -94.972801 8.368366 39.636997
v -94.956413 8.353139 39.626759
v -94.965591 8.373326 39.647430
v -94.902306 8.280381 39.556763
v -94.906746 8.284188 39.559143
v -94.903061 8.287878 39.565723
v -94.863182 8.335113 39.648109
v -94.979950 8.375876 39.639057
v -94.893608 8.285138 39.572639
v -94.898270 8.294533 39.581837
v -94.818100 8.239615 39.561024
v -94.780670 8.299391 39.660213
v -94.942451 8.321943 39.591415
v -94.951553 8.336324 39.604115
v -94.951355 8.325305 39.591599
v -94.968803 8.342474 39.602825
v -94.961548 8.332224 39.594681
v -94.974632 8.340621 39.594517
v -94.981911 8.350430 39.602879
v -94.950554 8.348204 39.612709
v -94.757278 8.295316 39.671879
v -94.732056 8.282121 39.679031
v -94.718269 8.279201 39.685688
v -94.831451 8.246657 39.554298
v -94.881027 8.273843 39.553570
v -94.907974 8.288632 39.570538
v -94.917290 8.293839 39.576916
v -94.915352 8.296493 39.582230
v -94.923828 8.301844 39.585987
v -94.928596 8.302524 39.584999
v -94.918991 8.356687 39.649776
v -94.946663 8.367404 39.650486
v -94.887749 8.347557 39.650349
v -94.971275 8.353588 39.610020
v -94.987495 8.359468 39.608284
v -94.985710 8.350495 39.596977
v -94.836464 8.329795 39.654152
v -94.860680 8.342962 39.654774
v -94.820694 8.232203 39.557213
v -94.964684 8.358915 39.627018
v -94.695297 8.260276 39.688145
v -94.708618 8.261741 39.678886
v -94.687859 8.244686 39.681347
v -94.674805 8.242055 39.688068
v -94.664589 8.221853 39.678829
v -94.663750 8.233586 39.687305
v -94.649651 8.219224 39.685013
v -94.983864 8.388439 39.645199
v -94.990364 8.389124 39.639900
v -94.843842 8.251685 39.550709
v -94.928589 8.300916 39.577946
v -94.800079 8.315228 39.660099
v -94.777344 8.304057 39.664913
v -94.977425 8.369385 39.627884
v -94.987030 8.379839 39.632061
v -94.682533 8.256724 39.692734
v -94.735107 8.185536 39.541126
v -94.736496 8.191713 39.548096
v -94.833450 8.237700 39.557335
v -94.828773 8.234031 39.552494
v -94.840294 8.237948 39.550201
v -94.840164 8.241985 39.553688
v -94.829697 8.243564 39.556843
v -94.646568 8.209871 39.681583
v -94.648026 8.205367 39.676971
v -94.634621 8.194806 39.680206
v -94.938011 8.309199 39.580154
v -94.935318 8.310730 39.585487
v -94.995781 8.393108 39.635284
v -94.700569 8.271000 39.690815
v -94.628799 8.201328 39.686382
v -94.951462 8.353121 39.618858
v -94.740273 8.289760 39.678299
v -94.822533 8.328105 39.658367
v -94.998253 8.403124 39.639904
v -94.637962 8.212135 39.685722
v -94.802193 8.221989 39.539299
v -94.964828 8.334206 39.590691
v -94.971886 8.382473 39.648426
v -94.883453 8.353765 39.654484
v -94.916298 8.363884 39.653992
v -94.901688 8.280190 39.550388
v -94.902031 8.361136 39.654526
v -95.003532 8.406195 39.633305
v -94.614998 8.181873 39.687649
v -94.990898 8.361176 39.600937
v -94.697594 8.172938 39.540161
v -94.671486 8.252620 39.693512
v -94.906891 8.284563 39.552135
v -94.833344 8.336018 39.657223
v -95.002289 8.415001 39.640274
v -94.908836 8.288747 39.558319
v -94.875397 8.267266 39.542213
v -94.868599 8.261589 39.540436
v -94.800423 8.227777 39.547852
v -95.006424 8.422257 39.636021
v -95.003746 8.424644 39.639534
v -94.987564 8.366069 39.608727
v -94.951416 8.351675 39.612926
v -94.935585 8.319469 39.585228
v -94.940247 8.317871 39.583809
v -94.840744 8.242473 39.548882
v -94.717567 8.240076 39.619263
v -94.709572 8.244714 39.641571
v -94.726891 8.258054 39.642696
v -94.706589 8.234542 39.625980
v -94.717918 8.257675 39.657532
v -94.695366 8.219193 39.614544
v -94.679863 8.200901 39.599422
v -94.672989 8.191057 39.590363
v -94.661987 8.188799 39.600735
v -94.663795 8.196923 39.623081
v -94.681488 8.221290 39.650906
v -94.651466 8.189373 39.627178
v -94.700554 8.247505 39.668602
v -94.719742 8.264315 39.669487
v -94.668495 8.216655 39.667244
v -94.660126 8.202192 39.650497
v -94.647545 8.197777 39.667252
v -94.628639 8.176958 39.655819
v -94.631180 8.183352 39.669453
v -94.639687 8.184642 39.646240
v -94.617226 8.169417 39.670719
v -94.611519 8.169579 39.682846
v -94.613213 8.162387 39.658939
v -94.619827 8.165833 39.622688
v -94.642723 8.177991 39.601997
v -94.623207 8.161107 39.599182
v -94.637161 8.168487 39.589066
v -94.611084 8.154616 39.614590
v -94.612442 8.160490 39.632195
v -94.603683 8.138991 39.596901
v -94.630196 8.155895 39.577454
v -94.653778 8.174809 39.578545
v -94.738319 8.265352 39.645462
v -94.739876 8.273026 39.660904
v -94.644104 8.156304 39.557785
v -94.630905 8.150927 39.565884
v -94.615982 8.140123 39.577076
v -94.596275 8.131149 39.597855
v -94.600594 8.128686 39.580738
v -94.584885 8.117840 39.593033
v -94.597099 8.133415 39.606174
v -94.604362 8.149070 39.629501
v -94.599442 8.146767 39.669331
v -94.601662 8.147249 39.655346
v -94.628502 8.149071 39.562557
v -94.643799 8.151960 39.544941
v -94.591805 8.143166 39.683270
v -94.612160 8.137275 39.574577
v -94.589233 8.120776 39.584259
v -94.578186 8.111423 39.586678
v -94.624184 8.183270 39.680748
v -94.582779 8.119967 39.667931
v -94.592224 8.132372 39.655582
v -94.586777 8.118965 39.607006
v -94.592926 8.128869 39.617527
v -94.593437 8.131659 39.636761
v -94.625252 8.148315 39.564003
v -94.579262 8.122407 39.682228
v -94.654373 8.155323 39.543423
v -94.584053 8.114182 39.644764
v -94.572998 8.105416 39.585907
v -94.577156 8.130479 39.692886
v -94.595406 8.154379 39.689110
v -94.584763 8.114438 39.624874
v -94.577766 8.102530 39.612854
v -94.662163 8.155397 39.538181
v -94.667427 8.159288 39.538883
v -94.670052 8.164225 39.543247
v -94.588242 8.150507 39.693237
v -94.654465 8.154622 39.533070
v -94.573853 8.108545 39.681530
v -94.578285 8.106264 39.663082
v -94.578873 8.099711 39.639248
v -94.577812 8.097169 39.629395
v -94.566864 8.096361 39.585526
v -94.639343 8.151785 39.547436
v -94.575516 8.093560 39.618599
v -94.569244 8.089265 39.599274
v -94.563988 8.089399 39.584949
v -94.672676 8.163342 39.539680
v -94.480942 7.870880 39.581203
v -94.483971 7.870458 39.578587
v -94.478996 7.870068 39.585995
v -94.355537 8.233715 39.688915
v -94.367996 8.232319 39.682293
v -94.368866 8.216397 39.686447
v -94.382973 8.211703 39.680115
v -94.355423 8.248839 39.687466
v -94.343361 8.258451 39.693874
v -94.727646 8.203053 39.565392
v -94.740753 8.205560 39.557465
v -94.735252 8.192652 39.551952
v -94.741455 8.204659 39.553768
v -94.736496 8.191713 39.548096
v -94.449753 8.142351 39.697121
v -94.443382 8.137794 39.700581
v -94.428543 8.152454 39.696491
v -94.459167 8.135279 39.702499
v -94.451508 8.131350 39.704311
v -94.737343 8.215925 39.559624
v -94.737083 8.203160 39.553879
v -94.748268 8.208789 39.550652
v -94.023209 8.408166 39.643963
v -94.047966 8.393663 39.647537
v -94.044823 8.389342 39.649250
v -94.066078 8.379776 39.652008
v -94.394142 8.187586 39.688969
v -94.410622 8.176576 39.689438
v -94.409981 8.171284 39.692558
v -94.425293 8.160722 39.693493
v -94.428543 8.152454 39.696491
v -94.440765 8.149678 39.694023
v -94.468544 7.982968 39.583488
v -94.475227 7.990151 39.586224
v -94.477280 7.978479 39.587967
v -94.469040 7.994577 39.579033
v -94.464333 7.991515 39.575104
v -94.480545 7.983603 39.587570
v -94.482872 7.978263 39.588436
v -94.485954 7.985082 39.586979
v -94.485207 7.869568 39.550068
v -94.476074 7.869188 39.549179
v -94.478859 7.869521 39.560608
v -94.475334 7.869095 39.558636
v -94.485931 7.871213 39.558498
v -94.482536 7.874747 39.563595
v -94.479240 7.876771 39.565838
v -94.483833 7.883613 39.564800
v -94.413101 8.138360 39.588490
v -94.425049 8.121561 39.590652
v -94.432938 8.116241 39.590553
v -94.451073 8.040078 39.312546
v -94.442802 8.041157 39.309231
v -94.450905 8.037197 39.317104
v -94.455933 8.037630 39.319721
v -94.288246 8.179499 39.534763
v -94.277458 8.189900 39.546768
v -94.283241 8.182971 39.541721
v -94.466553 7.993092 39.571056
v -94.469040 7.994577 39.579033
v -94.464333 7.991515 39.575104
v -94.525948 8.236951 39.805691
v -94.529488 8.238474 39.801617
v -94.526947 8.232385 39.806904
v -94.620804 8.061954 39.365192
v -94.620285 8.059322 39.366222
v -94.607727 8.054092 39.380318
v -94.609909 8.058045 39.380833
v -94.605125 8.055285 39.388306
v -94.622711 8.058111 39.354828
v -94.596146 8.048836 39.385551
v -94.598289 8.048320 39.352180
v -94.582443 8.043414 39.365097
v -94.566849 8.038938 39.371010
v -94.608849 8.052022 39.347061
v -94.568649 8.039246 39.403248
v -94.552513 8.035509 39.384941
v -94.546440 8.034367 39.349030
v -94.522377 8.030978 39.372837
v -94.523834 8.032108 39.335949
v -94.540642 8.031523 39.442539
v -94.547791 8.034397 39.320484
v -94.523506 8.028915 39.430012
v -94.524208 8.027026 39.444836
v -94.506363 8.027321 39.429520
v -94.539169 8.026381 39.465412
v -94.523399 8.021879 39.463787
v -94.554604 8.034215 39.461441
v -94.551086 8.029785 39.475189
v -94.559395 8.036450 39.469563
v -94.565979 8.038690 39.447529
v -94.574005 8.042846 39.446892
v -94.538239 8.017611 39.490795
v -94.570442 8.042622 39.456940
v -94.577377 8.045494 39.442677
v -94.584900 8.047147 39.428516
v -94.563225 8.039801 39.472359
v -94.541275 8.035114 39.295605
v -94.578812 8.043069 39.423325
v -94.574409 8.040009 39.336674
v -94.552292 8.034735 39.439342
v -94.506439 8.023867 39.450920
v -94.515350 8.034349 39.294193
v -94.506462 8.030419 39.353046
v -94.508057 8.033918 39.319595
v -94.512169 8.034971 39.295544
v -94.557938 8.034870 39.479874
v -94.627022 8.062498 39.356720
v -94.549721 8.037923 39.301060
v -94.551796 8.037376 39.321758
v -94.540749 8.036110 39.282459
v -94.544884 8.039284 39.283371
v -94.549271 8.035147 39.334026
v -94.613564 8.055466 39.344444
v -94.601784 8.050700 39.336105
v -94.505737 8.033013 39.334450
v -94.499008 8.031413 39.336761
v -94.504356 8.033834 39.333214
v -94.497597 8.034889 39.287067
v -94.492355 8.034629 39.276810
v -94.494453 8.039024 39.271931
v -94.489639 8.037658 39.268936
v -94.531013 8.037871 39.268833
v -94.527390 8.036207 39.273796
v -94.595543 8.046320 39.333443
v -94.522743 8.011017 39.495670
v -94.539520 8.009829 39.516880
v -94.522705 8.001969 39.526306
v -94.506523 8.006112 39.506592
v -94.505844 7.993575 39.550343
v -94.520798 7.993505 39.553848
v -94.508713 7.984415 39.575768
v -94.519218 7.989573 39.564075
v -94.528122 7.996516 39.547394
v -94.533401 7.997910 39.549839
v -94.519875 7.985399 39.575176
v -94.581345 8.042422 39.311043
v -94.570389 8.039971 39.309166
v -94.574615 8.044122 39.304634
v -94.562508 8.039961 39.309929
v -94.584602 8.046889 39.309536
v -94.546867 8.005853 39.546856
v -94.554703 8.018512 39.520756
v -94.557266 8.012918 39.549355
v -94.543068 7.995386 39.578831
v -94.542946 7.996565 39.570168
v -94.563370 8.013311 39.579365
v -94.555908 8.005244 39.600536
v -94.569992 8.019266 39.599846
v -94.573143 8.025516 39.578499
v -94.537354 7.991074 39.586769
v -94.566177 8.017252 39.618130
v -94.573288 8.025723 39.617653
v -94.557320 8.016164 39.657276
v -94.570740 8.030711 39.647964
v -94.563141 8.030872 39.676399
v -94.555122 8.020892 39.678635
v -94.556458 8.031780 39.697327
v -94.541641 8.017344 39.699108
v -94.548141 8.031904 39.712368
v -94.540199 8.022493 39.709946
v -94.538307 8.033449 39.726772
v -94.531349 8.020719 39.715347
v -94.520554 8.024241 39.726555
v -94.520302 8.014404 39.711796
v -94.519661 8.036163 39.741486
v -94.522697 8.007243 39.696495
v -94.554993 8.007917 39.629578
v -94.542381 7.996855 39.617729
v -94.532188 7.989132 39.598835
v -94.525497 7.985842 39.587273
v -94.522308 7.984701 39.596092
v -94.521118 7.984556 39.581303
v -94.522491 7.987906 39.621899
v -94.537880 7.997547 39.556843
v -94.562508 8.019387 39.546814
v -94.569435 8.028181 39.552917
v -94.560555 8.029814 39.512260
v -94.540443 8.000731 39.646633
v -94.550003 8.022693 39.497730
v -94.506660 8.016523 39.474472
v -94.591881 8.047791 39.317444
v -94.557793 8.036657 39.322731
v -94.560585 8.038956 39.483574
v -94.531822 8.000119 39.662991
v -94.593338 8.048578 39.399078
v -94.596603 8.052161 39.401638
v -94.541077 8.008506 39.676743
v -94.557198 8.028646 39.499393
v -94.589455 8.049470 39.419186
v -94.523315 8.001102 39.679779
v -94.626389 8.062888 39.351326
v -94.515793 8.038932 39.271980
v -94.593338 8.048578 39.399078
v -94.568649 8.039246 39.403248
v -94.578812 8.043069 39.423325
v -94.565979 8.038690 39.447529
v -94.552292 8.034735 39.439342
v -94.551796 8.037376 39.321758
v -94.557793 8.036657 39.322731
v -94.570389 8.039971 39.309166
v -94.562508 8.039961 39.309929
v -94.560555 8.029814 39.512260
v -94.557938 8.034870 39.479874
v -94.557198 8.028646 39.499393
v -94.507538 8.035948 39.318432
v -94.504356 8.033834 39.333214
v -94.505737 8.033013 39.334450
v -94.502724 8.182490 39.917202
v -94.506615 8.171548 39.918385
v -94.502167 8.170033 39.917027
v -94.505592 8.157323 39.913631
v -94.497612 8.168664 39.911251
v -94.506325 8.188962 39.916256
v -94.498917 8.192565 39.908546
v -94.506599 8.196754 39.911606
v -94.497635 8.181166 39.911686
v -94.503670 8.202606 39.903141
v -94.498138 8.201151 39.887577
v -94.503502 8.207046 39.890724
v -94.493622 8.184995 39.889656
v -94.491928 8.190983 39.857792
v -94.494026 8.197610 39.857224
v -94.488777 8.192356 39.835339
v -94.494095 8.179591 39.848400
v -94.489716 8.183587 39.818573
v -94.483765 8.192933 39.808475
v -94.484566 8.186802 39.805130
v -94.476845 8.188625 39.793922
v -94.473595 8.201427 39.791893
v -94.463852 8.197225 39.774162
v -94.466499 8.184316 39.774212
v -94.472984 8.171388 39.775688
v -94.463028 8.178509 39.762100
v -94.464951 8.212318 39.775505
v -94.460503 8.213148 39.762394
v -94.465363 8.224543 39.771774
v -94.467033 8.234421 39.769707
v -94.465637 8.233880 39.771568
v -94.469841 8.239048 39.775383
v -94.471100 8.241577 39.765282
v -94.465889 8.240331 39.786201
v -94.472504 8.208807 39.783165
v -94.481682 8.200681 39.803486
v -94.464157 8.229514 39.762554
v -94.485893 8.195146 39.816376
v -94.484726 8.175838 39.793152
v -94.470352 8.215888 39.778812
v -94.498230 8.205349 39.852005
v -94.464806 8.233374 39.776752
v -94.494789 8.178887 39.868786
v -94.458832 8.195933 39.759613
v -94.482468 8.164662 39.780033
v -94.473526 8.151587 39.759037
v -94.482170 8.150689 39.769138
v -94.482567 8.140582 39.764301
v -94.492020 8.139425 39.769550
v -94.476166 8.132618 39.756168
v -94.483803 8.129290 39.762627
v -94.474632 8.099497 39.758244
v -94.467621 8.109190 39.749180
v -94.467934 8.121570 39.745861
v -94.458527 8.098589 39.735249
v -94.455162 8.112437 39.720764
v -94.450684 8.118067 39.707447
v -94.456184 8.125258 39.710472
v -94.464607 8.138177 39.716312
v -94.445938 8.129381 39.702343
v -94.451508 8.131350 39.704311
v -94.443382 8.137794 39.700581
v -94.440956 8.123371 39.696880
v -94.459282 8.131038 39.706974
v -94.443916 8.097095 39.700916
v -94.452583 8.084755 39.724655
v -94.462761 8.124257 39.730808
v -94.442207 8.079692 39.698334
v -94.447281 8.068775 39.710644
v -94.442734 8.058635 39.694565
v -94.450882 8.057364 39.713997
v -94.450996 8.042480 39.703053
v -94.459244 8.051705 39.726326
v -94.457771 8.039255 39.713436
v -94.458328 8.024079 39.692341
v -94.451302 8.026292 39.677624
v -94.434143 8.069303 39.670452
v -94.442436 8.042079 39.678844
v -94.471046 8.040191 39.732033
v -94.467010 8.060877 39.741920
v -94.464584 8.089859 39.746681
v -94.481529 8.101414 39.763302
v -94.482201 8.081668 39.761566
v -94.492355 8.085237 39.766827
v -94.483612 8.067251 39.757954
v -94.492271 8.068281 39.761917
v -94.492622 8.102547 39.768177
v -94.504776 8.086090 39.768864
v -94.505104 8.101878 39.769829
v -94.505524 8.127221 39.768799
v -94.476227 8.047248 39.742939
v -94.476936 8.060607 39.751308
v -94.437904 8.099611 39.683498
v -94.493690 8.155801 39.780056
v -94.492706 8.127883 39.766880
v -94.465889 8.137324 39.730061
v -94.466377 8.148132 39.727894
v -94.467300 8.145535 39.701637
v -94.466187 8.152988 39.719612
v -94.462090 8.166967 39.735344
v -94.460640 8.179419 39.720036
v -94.468285 8.163327 39.704586
v -94.464325 8.194849 39.707470
v -94.458839 8.199166 39.721436
v -94.461983 8.213127 39.721054
v -94.466583 8.208725 39.709095
v -94.471420 8.188012 39.696934
v -94.465935 8.222496 39.721413
v -94.458031 8.184772 39.734299
v -94.469444 8.152677 39.702629
v -94.469086 8.133424 39.744164
v -94.474831 8.206876 39.698109
v -94.434174 8.096707 39.668617
v -94.430069 8.072123 39.650864
v -94.428497 8.055470 39.640438
v -94.433289 8.107056 39.668243
v -94.436821 8.110434 39.682659
v -94.506073 8.139337 39.772156
v -94.506409 8.151667 39.779602
v -94.456528 8.069508 39.730457
v -94.434303 8.058639 39.667664
v -94.497009 8.174201 39.867493
v -94.497932 8.167286 39.900692
v -94.473747 8.079395 39.755054
v -94.479309 8.204990 39.792664
v -94.480728 8.215093 39.797897
v -94.485207 8.215815 39.804028
v -94.482803 8.227679 39.801170
v -94.487373 8.219674 39.810165
v -94.484535 8.230313 39.807350
v -94.479370 8.233008 39.797039
v -94.496063 8.218421 39.820518
v -94.495506 8.206310 39.822941
v -94.503624 8.210439 39.827065
v -94.505585 8.235235 39.818081
v -94.495178 8.230720 39.816170
v -94.484695 8.204771 39.802387
v -94.486183 8.241190 39.804462
v -94.482185 8.237015 39.802494
v -94.477852 8.239676 39.795902
v -94.482597 8.247243 39.791145
v -94.474701 8.241201 39.788624
v -94.493996 8.242741 39.808338
v -94.443405 8.111377 39.697235
v -94.442078 8.030546 39.655834
v -94.443420 8.024226 39.643642
v -94.432022 8.041111 39.635311
v -94.436066 8.029197 39.616215
v -94.430122 8.041693 39.617996
v -94.427025 8.054611 39.621674
v -94.428406 8.051158 39.601006
v -94.436775 8.026579 39.600098
v -94.430908 8.039239 39.600460
v -94.443230 8.017093 39.601910
v -94.459908 8.178075 39.749733
v -94.493256 8.248173 39.801163
v -94.436043 8.043874 39.658829
v -94.437119 8.028199 39.578590
v -94.446014 8.014863 39.579567
v -94.442513 8.024692 39.556381
v -94.469543 8.147274 39.746765
v -94.433586 8.041067 39.574039
v -94.467270 8.237453 39.788181
v -94.470024 8.237738 39.798912
v -94.449097 8.028705 39.518257
v -94.474831 8.160594 39.693672
v -94.480873 8.182884 39.687901
v -94.472717 8.231886 39.783230
v -94.474915 8.236649 39.790390
v -94.475716 8.154093 39.690475
v -94.465858 8.143076 39.702461
v -94.492363 8.200638 39.833504
v -94.464897 8.232433 39.750450
v -94.458710 8.215279 39.747208
v -94.463539 8.074590 39.742695
v -94.471268 8.146019 39.688480
v -94.459167 8.135279 39.702499
v -94.460457 8.138708 39.696407
v -94.495064 8.176507 39.904175
v -94.488861 8.202826 39.812218
v -94.460503 8.213148 39.762394
v -94.458832 8.195933 39.759613
v -94.456841 8.196361 39.747929
v -94.458710 8.215279 39.747208
v -94.459908 8.178075 39.749733
v -94.456589 8.196383 39.737141
v -94.458031 8.184772 39.734299
v -94.458450 8.212828 39.736671
v -94.464157 8.229514 39.762554
v -94.458839 8.199166 39.721436
v -94.461983 8.213127 39.721054
v -94.464462 8.228462 39.736320
v -94.465935 8.222496 39.721413
v -94.464897 8.232433 39.750450
v -94.459908 8.178075 39.749733
v -94.463028 8.178509 39.762100
v -94.469543 8.147274 39.746765
v -94.462090 8.166967 39.735344
v -94.436821 8.110434 39.682659
v -94.440956 8.123371 39.696880
v -94.443405 8.111377 39.697235
v -94.432236 8.121820 39.682728
v -94.428497 8.055470 39.640438
v -94.436043 8.043874 39.658829
v -94.432022 8.041111 39.635311
v -94.427025 8.054611 39.621674
v -94.495064 8.176507 39.904175
v -94.497612 8.168664 39.911251
v -94.497932 8.167286 39.900692
v -94.495506 8.206310 39.822941
v -94.498230 8.205349 39.852005
v -94.492363 8.200638 39.833504
v -94.488861 8.202826 39.812218
v -94.473747 8.079395 39.755054
v -94.483612 8.067251 39.757954
v -94.476936 8.060607 39.751308
v -94.492020 8.139425 39.769550
v -94.505524 8.127221 39.768799
v -94.492706 8.127883 39.766880
v -94.506073 8.139337 39.772156
v -94.277458 8.189900 39.546768
v -94.271187 8.194097 39.551163
v -94.283241 8.182971 39.541721
v -94.274719 8.202242 39.553635
v -94.281570 8.193381 39.549850
v -94.270363 8.202744 39.553726
v -94.302879 8.196549 39.558346
v -94.307327 8.189024 39.552113
v -94.302078 8.180534 39.539043
v -94.319000 8.179976 39.547886
v -94.306190 8.174592 39.535049
v -94.297760 8.174554 39.534264
v -94.285965 8.210855 39.560856
v -94.265900 8.214596 39.554996
v -94.276161 8.238804 39.571346
v -94.257202 8.236764 39.564468
v -94.306305 8.241904 39.582813
v -94.252670 8.220940 39.553425
v -94.231133 8.213742 39.539776
v -94.279243 8.256235 39.582249
v -94.232910 8.229562 39.553425
v -94.320969 8.193871 39.563049
v -94.307808 8.171060 39.535809
v -94.319580 8.168479 39.541161
v -94.264168 8.207744 39.551487
v -94.353493 8.175295 39.560555
v -94.215210 8.217933 39.535706
v -94.306961 8.213113 39.568253
v -94.319267 8.170997 39.540714
v -94.256683 8.249587 39.571831
v -94.311226 8.252563 39.591198
v -94.299782 8.268466 39.597874
v -94.321724 8.254925 39.597919
v -94.321815 8.269563 39.611698
v -94.300568 8.282170 39.612526
v -94.286751 8.284212 39.607922
v -94.282509 8.293465 39.618179
v -94.249023 8.303299 39.616077
v -94.236855 8.293570 39.600368
v -94.213852 8.320497 39.620655
v -94.216553 8.326200 39.630196
v -94.185997 8.338765 39.629147
v -94.188034 8.331768 39.620949
v -94.303055 8.290032 39.627693
v -94.257851 8.307710 39.627430
v -94.215561 8.301868 39.601353
v -94.157684 8.343542 39.621422
v -94.145111 8.346161 39.619518
v -94.135567 8.358052 39.630791
v -94.174683 8.326242 39.610558
v -94.156204 8.328441 39.607635
v -94.126534 8.341655 39.612068
v -94.165802 8.317575 39.599075
v -94.136909 8.327763 39.603825
v -94.122986 8.330101 39.604656
v -94.130356 8.322969 39.598068
v -94.107964 8.360976 39.625248
v -94.098824 8.355250 39.620567
v -94.080040 8.372079 39.630440
v -94.081398 8.378840 39.636631
v -94.068092 8.381656 39.633789
v -94.072845 8.357722 39.622372
v -94.164413 8.347425 39.630211
v -94.057335 8.389450 39.634651
v -94.102730 8.341200 39.611324
v -94.147629 8.320994 39.598186
v -94.271889 8.278385 39.596363
v -94.056961 8.384087 39.631767
v -94.039429 8.401391 39.630627
v -94.033669 8.387188 39.623692
v -94.023010 8.408175 39.626125
v -94.016708 8.401041 39.623558
v -94.012077 8.413967 39.624504
v -94.006699 8.425171 39.626205
v -94.022339 8.415967 39.630306
v -94.011597 8.424896 39.628986
v -94.106331 8.369877 39.634964
v -94.031219 8.408376 39.630295
v -94.318947 8.281137 39.626282
v -94.337730 8.243572 39.598640
v -94.348709 8.214561 39.585552
v -94.353081 8.231343 39.600147
v -94.363976 8.214262 39.596451
v -94.369926 8.225255 39.610966
v -94.384064 8.187250 39.597969
v -94.372528 8.186730 39.586342
v -94.382973 8.163545 39.576283
v -94.367554 8.175079 39.572449
v -94.364845 8.166235 39.556217
v -94.355331 8.194963 39.578075
v -94.354897 8.245385 39.614571
v -94.338516 8.256232 39.610512
v -94.046318 8.366944 39.621944
v -94.355652 8.181517 39.569279
v -94.224777 8.255187 39.567360
v -94.222122 8.271646 39.577122
v -94.197426 8.269723 39.567005
v -94.195580 8.289129 39.582718
v -94.204987 8.253625 39.560463
v -94.181053 8.257352 39.554768
v -94.160469 8.267169 39.553726
v -94.167984 8.260666 39.551414
v -94.147324 8.267759 39.542664
v -94.153290 8.261195 39.542656
v -94.150406 8.272440 39.556633
v -94.144005 8.270611 39.545658
v -94.136276 8.270307 39.544147
v -94.139778 8.264608 39.540558
v -94.134529 8.273951 39.552986
v -94.153412 8.278015 39.559944
v -94.120644 8.285904 39.562393
v -94.127769 8.291653 39.566307
v -94.115005 8.295877 39.566326
v -94.109161 8.288886 39.563648
v -94.151649 8.287436 39.567421
v -94.103180 8.302047 39.567142
v -94.101891 8.309876 39.576649
v -94.120811 8.312836 39.585213
v -94.092552 8.318431 39.583614
v -94.080803 8.322239 39.574036
v -94.083954 8.318738 39.584030
v -94.083199 8.329289 39.590721
v -94.074158 8.324094 39.578888
v -94.086769 8.311695 39.565826
v -94.069420 8.326137 39.572678
v -94.081329 8.324482 39.586815
v -94.106964 8.287800 39.554626
v -94.124489 8.281175 39.557819
v -94.114578 8.281808 39.551495
v -94.124992 8.276473 39.556286
v -94.111435 8.276017 39.552818
v -94.104530 8.283594 39.549629
v -94.106071 8.279235 39.549774
v -94.100624 8.288005 39.557831
v -94.102814 8.295918 39.564461
v -94.168060 8.255354 39.549496
v -94.200523 8.243552 39.554829
v -94.175812 8.254483 39.552315
v -94.185936 8.275896 39.568069
v -94.219574 8.237252 39.555305
v -94.188942 8.309148 39.598629
v -94.272842 8.303056 39.629505
v -94.265373 8.267088 39.585327
v -94.340218 8.169938 39.547684
v -94.349686 8.171240 39.552647
v -94.351402 8.163199 39.535194
v -94.339355 8.161226 39.538643
v -94.354187 8.160012 39.532436
v -94.099686 8.332535 39.599258
v -94.334564 8.216372 39.579872
v -94.211380 8.220172 39.536674
v -94.210846 8.212968 39.535229
v -94.216728 8.232080 39.551765
v -94.147453 8.309053 39.588200
v -94.049988 8.369498 39.622517
v -94.088661 8.348650 39.617081
v -94.335541 8.267673 39.622066
v -94.084404 8.308233 39.563641
v -94.209976 8.227699 39.546062
v -94.208000 8.229854 39.552635
v -94.346207 8.187130 39.569210
v -94.076210 8.349319 39.612030
v -94.130836 8.275542 39.555939
v -94.224609 8.284683 39.588478
v -94.184494 8.247233 39.553482
v -94.060768 8.356672 39.617870
v -94.055099 8.353527 39.611061
v -94.050049 8.354293 39.605831
v -94.057549 8.354856 39.616699
v -94.059143 8.345578 39.597595
v -94.037758 8.356431 39.599838
v -94.039101 8.351104 39.593460
v -94.055656 8.339417 39.589161
v -94.036514 8.345160 39.589993
v -94.062057 8.330245 39.586117
v -94.061760 8.326084 39.586258
v -94.027718 8.362947 39.604637
v -94.022781 8.360980 39.598511
v -94.020065 8.363030 39.603405
v -94.024002 8.356554 39.594852
v -94.036560 8.359788 39.608562
v -94.021393 8.362902 39.609310
v -94.336838 8.164929 39.543373
v -94.160179 8.297758 39.580364
v -94.074066 8.319261 39.565350
v -94.069031 8.321054 39.566387
v -94.067291 8.322261 39.570213
v -94.079002 8.339278 39.598991
v -94.215561 8.301868 39.601353
v -94.188942 8.309148 39.598629
v -94.195580 8.289129 39.582718
v -94.160179 8.297758 39.580364
v -94.224609 8.284683 39.588478
v -94.130356 8.322969 39.598068
v -94.120811 8.312836 39.585213
v -94.147453 8.309053 39.588200
v -94.099686 8.332535 39.599258
v -94.079002 8.339278 39.598991
v -94.055656 8.339417 39.589161
v -94.083199 8.329289 39.590721
v -94.062057 8.330245 39.586117
v -94.081329 8.324482 39.586815
v -94.074684 8.322121 39.585976
v -94.061760 8.326084 39.586258
v -94.083954 8.318738 39.584030
v -94.353493 8.175295 39.560555
v -94.355652 8.181517 39.569279
v -94.346207 8.187130 39.569210
v -94.367554 8.175079 39.572449
v -94.364845 8.166235 39.556217
v -94.349686 8.171240 39.552647
v -94.302078 8.180534 39.539043
v -94.288246 8.179499 39.534763
v -94.297760 8.174554 39.534264
v -94.281570 8.193381 39.549850
v -94.277458 8.189900 39.546768
v -94.336838 8.164929 39.543373
v -94.319267 8.170997 39.540714
v -94.319580 8.168479 39.541161
v -94.531395 7.968853 39.568249
v -94.529037 7.971994 39.563889
v -94.526794 7.969253 39.569046
v -94.531197 7.948423 39.569881
v -94.524437 7.982017 39.555233
v -94.520973 7.981844 39.563927
v -94.526222 7.986261 39.549496
v -94.522690 7.972628 39.578506
v -94.524460 7.966955 39.576366
v -94.519875 7.985399 39.575176
v -94.519218 7.989573 39.564075
v -94.521118 7.984556 39.581303
v -94.525497 7.985842 39.587273
v -94.527458 7.977956 39.588131
v -94.520798 7.993505 39.553848
v -94.531776 7.980814 39.554230
v -94.528831 7.966881 39.580864
v -94.531258 7.987501 39.548840
v -94.528099 7.991772 39.547001
v -94.528122 7.996516 39.547394
v -94.524612 7.918424 39.565025
v -94.523643 7.922375 39.574432
v -94.523819 7.912852 39.566502
v -94.524261 7.932968 39.575314
v -94.527351 7.930141 39.569191
v -94.526176 7.949247 39.571209
v -94.524521 7.943863 39.576309
v -94.526215 7.912118 39.560387
v -94.524681 7.904490 39.557281
v -94.524422 7.896445 39.559151
v -94.527786 7.893670 39.568188
v -94.528282 7.883345 39.564564
v -94.525307 7.873202 39.559246
v -94.523354 7.870969 39.552814
v -94.523407 7.912026 39.573921
v -94.524460 7.966955 39.576366
v -94.526794 7.969253 39.569046
v -94.524452 7.884975 39.549290
v -94.523140 7.926980 39.579235
v -94.525246 7.953646 39.578918
v -94.528831 7.966881 39.580864
v -94.529388 7.952363 39.582047
v -94.525696 7.891107 39.571873
v -94.525665 7.927867 39.582844
v -94.524651 7.870882 39.548954
v -94.519676 7.915977 39.577244
v -94.515572 7.904455 39.578331
v -94.516792 7.911489 39.586109
v -94.513435 7.894684 39.592682
v -94.517479 7.907441 39.592869
v -94.513878 7.893847 39.580406
v -94.513382 7.873070 39.585129
v -94.512688 7.871490 39.595776
v -94.512421 7.870043 39.577244
v -94.513519 7.883414 39.598610
v -94.519089 7.914529 39.589699
v -94.514870 7.869924 39.587204
v -94.514893 7.888364 39.600052
v -94.514931 7.870209 39.602257
v -94.514595 7.889445 39.573875
v -94.515358 7.871050 39.571968
v -94.520584 7.922410 39.585258
v -94.931953 8.318692 39.589592
v -94.831451 8.246657 39.554298
v -94.798576 8.214062 39.534180
v -94.691612 8.167303 39.540134
v -94.691612 8.167303 39.540134
v -94.540756 8.235877 39.800896
v -94.540756 8.235877 39.800896
v -94.542038 7.868897 39.588188
v -94.535339 7.968345 39.574547
v -94.499214 7.871147 39.590645
v -94.485741 7.932039 39.569752
v -94.486092 7.995670 39.547558
v -94.470070 7.869741 39.557140
v -94.297760 8.174554 39.534264
v -94.987564 8.366069 39.608727
v -94.951462 8.353121 39.618858
v -94.928452 8.321789 39.584980
v -94.928452 8.321789 39.584980
v -94.899986 8.289160 39.564571
v -94.899986 8.289160 39.564571
v -94.899986 8.289160 39.564571
v -94.470024 8.237738 39.798912
v -94.628502 8.149071 39.562557
v -94.465363 8.224543 39.771774
v -94.055099 8.353527 39.611061
v -94.055099 8.353527 39.611061
v -94.208000 8.229854 39.552635
v -94.208763 8.220772 39.540653
v -94.464478 7.889993 39.556534
v -94.478432 8.232764 39.812904
v -94.478432 8.232764 39.812904
v -94.484039 8.224335 39.810719
v -94.475502 7.875938 39.562222
v -94.662163 8.155397 39.538181
v -94.903061 8.287878 39.565723
v -94.467033 8.234421 39.769707
v -94.484077 7.987251 39.549175
v -94.482658 7.887379 39.587662
v -94.069420 8.326137 39.572678
v -94.069420 8.326137 39.572678
v -94.487617 7.915806 39.572079
v -94.419456 8.046118 39.314384
v -94.470764 7.869987 39.566025
v -94.245331 8.209784 39.544891
v -94.526794 7.969253 39.569046
v -94.209976 8.227699 39.546062
v -94.209976 8.227699 39.546062
v -94.482552 7.885121 39.581875
v -94.527657 7.892852 39.590736
v -94.527657 7.892852 39.590736
v -94.625252 8.148315 39.564003
v -94.654465 8.154622 39.533070
v -94.020065 8.363030 39.603405
v -94.572998 8.105416 39.585907
v -94.092552 8.318431 39.583614
v -94.109161 8.288886 39.563648
v -94.319580 8.168479 39.541161
v -94.735107 8.185536 39.541126
v -94.542374 8.235633 39.788097
v -94.637962 8.212135 39.685722
v -94.475174 7.900042 39.555004
v -94.181557 8.243317 39.552715
v -94.181557 8.243317 39.552715
v -94.336838 8.164929 39.543373
v -94.182426 8.243950 39.558231
v -94.419037 8.049967 39.414242
v -94.551468 8.136463 39.702221
v -94.528183 8.204432 39.796917
v -94.130836 8.275542 39.555939
v -94.627022 8.062498 39.356720
v -94.210236 8.227087 39.552315
v -94.656822 8.159268 39.531544
v -94.482803 8.227679 39.801170
v -94.503624 8.210439 39.827065
v -94.469177 7.996517 39.568565
v -94.060768 8.356672 39.617870
v -94.057549 8.354856 39.616699
v -94.484894 7.888564 39.594479
v -94.532845 7.897290 39.553574
v -94.840164 8.241985 39.553688
v -94.530739 8.232535 39.800594
v -94.897820 8.293797 39.565891
v -94.522034 8.203308 39.811348
v -94.468719 7.870698 39.567501
v -94.416733 8.048952 39.315826
v -94.058502 8.350370 39.614857
v -94.270363 8.202744 39.553726
v -94.069031 8.321054 39.566387
v -94.493027 7.870519 39.586693
v -94.669861 8.168996 39.546135
v -94.620285 8.059322 39.366222
v -94.182884 8.244287 39.555573
v -94.340607 8.159125 39.541035
v -94.264168 8.207744 39.551487
v -94.264168 8.207744 39.551487
v -94.531395 7.968853 39.568249
v -94.531395 7.968853 39.568249
v -95.004326 8.425635 39.624573
v -94.478554 7.870412 39.600826
v -94.615982 8.140123 39.577076
v -94.083954 8.318738 39.584030
v -94.802193 8.221989 39.539299
v -94.336342 8.164495 39.547241
v -94.336342 8.164495 39.547241
v -94.533012 8.241463 39.794933
v -95.003746 8.424644 39.639534
v -94.472687 8.234390 39.804813
v -94.699158 8.173406 39.543037
v -94.476074 7.869188 39.549179
v -94.476074 7.869188 39.549179
v -94.475334 7.869095 39.558636
v -94.473785 7.877597 39.556400
v -94.479240 7.876771 39.565838
v -94.480721 7.946961 39.566555
v -94.895103 8.297070 39.568081
v -94.480042 8.228907 39.804085
v -94.484146 7.884508 39.570240
v -94.479408 7.967435 39.577991
v -94.274719 8.202242 39.553635
v -94.532616 7.874861 39.586079
v -94.541740 7.872163 39.570484
v -94.541740 7.872163 39.570484
v -94.487587 7.871031 39.580784
v -94.484810 7.885933 39.585777
v -94.484810 7.885933 39.585777
v -94.484688 7.871166 39.598610
v -94.489372 7.874650 39.585735
v -94.489372 7.874650 39.585735
v -94.589455 8.049470 39.419186
v -94.196907 8.238463 39.554279
v -94.477905 8.228569 39.811501
v -94.477905 8.228569 39.811501
v -94.536041 7.877242 39.560387
v -94.507317 8.210695 39.827309
v -94.507317 8.210695 39.827309
v -94.536125 7.945763 39.577213
v -94.514687 8.206465 39.823456
v -94.523407 7.912026 39.573921
v -94.521683 7.873529 39.585415
v -94.474915 8.236649 39.790390
v -94.660286 8.164674 39.537598
v -94.520515 7.882822 39.601929
v -94.528099 7.991772 39.547001
v -94.526993 7.871064 39.579861
v -94.525864 7.889476 39.585175
v -94.528664 7.890302 39.585953
v -94.526169 8.226413 39.804085
v -94.526573 8.226872 39.807537
v -94.529388 7.952363 39.582047
v -94.528992 7.896649 39.590252
v -94.529785 7.890442 39.590611
v -94.464333 7.872263 39.553928
v -94.401512 8.055446 39.383209
v -94.533920 7.949393 39.580311
v -94.537415 8.241907 39.781330
v -94.537453 8.232009 39.808598
v -94.535973 7.875591 39.566849
v -94.626389 8.062888 39.351326
v -94.545303 8.233080 39.778210
v -94.551796 8.037376 39.321758
v -94.574615 8.044122 39.304634
v -94.413078 8.050565 39.398159
v -94.519257 7.870772 39.586651
v -94.595245 8.053483 39.403419
v -94.597725 8.168845 39.693176
v -94.611221 8.184529 39.689487
v -94.605125 8.055285 39.388306
v -94.628799 8.201328 39.686382
v -94.466652 7.996046 39.578960
v -94.670052 8.164225 39.543247
v -94.670052 8.164225 39.543247
v -94.672676 8.163342 39.539680
v -94.697594 8.172938 39.540161
v -94.667427 8.159288 39.538883
v -94.667427 8.159288 39.538883
v -94.430016 8.045084 39.308056
v -94.929077 8.315591 39.586449
v -94.798264 8.218987 39.534523
v -94.802368 8.228897 39.553333
v -94.805023 8.327645 39.661396
vn 0.9897 0.0510 -0.1338
vn 0.6180 -0.1380 -0.7739
vn -0.1910 0.3862 -0.9024
vn 0.7551 0.6354 -0.1613
vn 0.7903 0.6027 -0.1103
vn 0.9900 0.0515 -0.1317
vn 0.9599 -0.2666 -0.0862
vn 0.9884 -0.0321 0.1487
vn 0.9602 -0.2662 -0.0845
vn 0.8746 -0.2746 0.3996
vn 0.2197 0.7570 0.6154
vn -0.2024 0.9790 0.0224
vn -0.3153 0.6721 0.6700
vn 0.5239 0.0191 0.8515
vn 0.5212 0.0186 0.8532
vn 0.5245 0.0178 0.8513
vn 0.6329 -0.3405 0.6954
vn 0.8762 -0.2748 0.3959
vn 0.6301 -0.3682 -0.6837
vn 0.6294 -0.3678 -0.6845
vn 0.9599 -0.2660 -0.0888
vn 0.8416 -0.5304 0.1021
vn -0.5813 0.8007 -0.1450
vn 0.1958 0.0753 0.9777
vn 0.1961 0.0739 0.9778
vn -0.1900 0.3860 -0.9027
vn -0.3228 0.3027 -0.8967
vn -0.5782 0.7071 -0.4071
vn 0.7011 -0.5394 -0.4664
vn 0.6792 -0.5069 0.5308
vn -0.4817 0.7636 0.4299
vn 0.0016 0.3061 0.9520
vn 0.1960 0.0734 0.9778
vn -0.3147 0.6713 0.6710
vn 0.9480 0.2291 0.2210
vn 0.9497 0.1951 0.2449
vn 0.9392 -0.1448 -0.3112
vn 0.9386 -0.1442 -0.3134
vn 0.2969 -0.5490 0.7813
vn 0.6267 -0.7284 0.2770
vn 0.2977 -0.5488 0.7812
vn 0.7069 -0.6472 0.2853
vn -0.5783 0.7074 -0.4065
vn -0.4818 0.7636 0.4298
vn 0.4143 -0.2228 0.8825
vn 0.5236 -0.4821 0.7024
vn -0.2432 0.7939 -0.5573
vn -0.2756 0.9312 -0.2387
vn -0.0382 0.9846 -0.1707
vn -0.0889 0.7126 0.6959
vn 0.0015 0.3057 0.9521
vn 0.2519 -0.0993 0.9626
vn -0.2482 0.8229 0.5110
vn -0.0888 0.7123 0.6963
vn -0.0168 0.0185 0.9997
vn 0.2967 -0.5494 0.7811
vn 0.6626 -0.7281 -0.1757
vn -0.2936 0.6420 0.7083
vn -0.1884 0.6448 -0.7408
vn -0.3144 0.7888 -0.5281
vn 0.1857 -0.5421 0.8196
vn -0.2486 0.8228 0.5110
vn -0.5465 0.6284 -0.5536
vn -0.5925 0.8019 -0.0769
vn -0.2942 0.6423 0.7077
vn 0.5107 -0.6997 0.4997
vn -0.1450 0.4839 0.8630
vn 0.0018 0.3051 0.9523
vn -0.1448 0.4828 0.8637
vn 0.0812 0.1609 0.9836
vn 0.0812 0.1616 0.9835
vn 0.6706 -0.5901 -0.4495
vn 0.4315 -0.7714 0.4678
vn 0.5534 -0.7241 -0.4117
vn 0.1856 -0.5433 0.8188
vn 0.2102 -0.5914 0.7785
vn 0.2780 -0.6907 0.6676
vn -0.5120 0.8353 0.2003
vn -0.5121 0.8354 0.1996
vn 0.2040 0.0432 -0.9780
vn -0.2373 0.6008 -0.7633
vn -0.2373 0.6594 -0.7133
vn 0.4019 -0.7576 0.5144
vn -0.2447 0.4134 -0.8771
vn -0.3370 0.3671 -0.8670
vn -0.2894 0.2807 -0.9151
vn 0.4276 -0.8058 0.4097
vn 0.3980 -0.6838 0.6116
vn 0.3114 -0.3752 0.8731
vn -0.3165 0.8685 -0.3815
vn -0.2349 0.9192 -0.3162
vn 0.2027 0.0576 0.9775
vn -0.2280 0.6570 0.7186
vn 0.1563 -0.1251 0.9798
vn -0.3041 0.7677 -0.5641
vn 0.2883 0.3938 0.8728
vn 0.1513 -0.6331 0.7591
vn 0.2698 -0.6815 0.6803
vn 0.4538 0.4416 0.7740
vn 0.2319 -0.5852 0.7771
vn -0.0507 0.3453 0.9371
vn -0.0507 0.3463 0.9367
vn 0.8223 -0.3555 0.4443
vn 0.6740 -0.3523 -0.6493
vn 0.6264 -0.6777 -0.3852
vn 0.8809 0.0057 -0.4733
vn -0.4516 0.7252 -0.5197
vn -0.3926 0.8634 -0.3167
vn -0.5073 0.8128 -0.2864
vn 0.3017 -0.8166 0.4921
vn -0.1531 0.5520 0.8197
vn -0.2445 0.8080 -0.5361
vn 0.4937 0.8696 0.0068
vn -0.1264 0.5084 0.8518
vn -0.0508 0.3460 0.9369
vn 0.2275 -0.7796 0.5835
vn -0.2715 0.7369 -0.6191
vn -0.1183 0.6131 -0.7811
vn 0.2489 -0.7266 0.6404
vn 0.8334 0.0843 -0.5461
vn 0.9277 -0.3585 -0.1042
vn 0.6640 -0.7083 -0.2396
vn 0.8329 0.0823 -0.5472
vn 0.6058 0.6359 -0.4782
vn 0.9895 0.0981 0.1062
vn 0.9069 0.3752 0.1920
vn 0.7757 0.3956 0.4917
vn 0.9895 0.0976 0.1063
vn -0.2645 0.9181 -0.2952
vn -0.1586 0.8728 0.4616
vn 0.7749 0.3951 0.4934
vn 0.1782 0.3982 0.8998
vn 0.9893 0.0983 0.1077
vn 0.7756 0.3952 0.4923
vn 0.9139 -0.0833 0.3974
vn 0.9137 -0.0827 0.3978
vn 0.7232 -0.6906 -0.0088
vn 0.3263 -0.8223 0.4662
vn -0.3873 0.9200 -0.0599
vn 0.0758 -0.1752 0.9816
vn 0.1599 -0.5045 0.8485
vn -0.1431 0.7653 -0.6276
vn -0.2525 0.5786 -0.7756
vn -0.2642 0.9179 -0.2959
vn 0.1907 -0.0367 0.9810
vn 0.9139 -0.0829 0.3973
vn 0.1919 -0.0382 0.9807
vn 0.7232 -0.6906 -0.0098
vn -0.1374 0.5409 -0.8298
vn -0.1057 0.3808 0.9186
vn -0.1055 0.3786 0.9195
vn -0.4297 0.8401 -0.3309
vn -0.1587 0.8733 0.4607
vn -0.2226 0.9400 0.2585
vn 0.1163 0.4324 0.8942
vn 0.5097 -0.7513 0.4192
vn -0.1006 0.6720 -0.7337
vn 0.3438 -0.8283 0.4424
vn -0.4328 0.6491 -0.6256
vn 0.2110 0.3164 0.9249
vn 0.2599 -0.4848 0.8351
vn 0.3552 -0.5325 -0.7683
vn 0.1298 -0.6209 0.7730
vn 0.2917 -0.9353 -0.2001
vn 0.4881 -0.8410 0.2335
vn -0.2781 0.7738 -0.5692
vn -0.3398 0.9089 -0.2416
vn -0.3247 0.7343 -0.5961
vn -0.0490 0.9476 0.3158
vn -0.2184 0.7364 -0.6403
vn -0.3546 0.9349 -0.0164
vn -0.1612 0.5021 0.8496
vn 0.1218 -0.3715 0.9204
vn 0.1299 -0.6239 0.7707
vn -0.2444 0.8038 -0.5424
vn -0.3276 0.6178 -0.7149
vn 0.2598 -0.4851 0.8350
vn 0.3271 -0.6146 0.7179
vn 0.1218 -0.3706 0.9208
vn 0.3192 -0.7365 0.5964
vn -0.1146 0.6770 -0.7270
vn -0.0942 0.3093 0.9463
vn 0.1990 -0.5594 0.8046
vn -0.0943 0.3100 0.9460
vn 0.0939 -0.2625 0.9604
vn 0.9209 -0.1328 -0.3665
vn 0.7579 -0.6214 0.1985
vn 0.9027 -0.2247 -0.3669
vn -0.0844 0.5995 -0.7959
vn -0.2315 0.8714 -0.4325
vn 0.1280 0.9409 -0.3136
vn 0.6670 0.0739 0.7414
vn 0.6572 -0.3594 0.6625
vn 0.7583 -0.6213 0.1973
vn 0.1683 -0.6761 0.7173
vn 0.2332 -0.8395 0.4908
vn -0.2153 0.6473 -0.7312
vn -0.1893 0.6938 -0.6949
vn 0.3014 -0.7757 0.5544
vn -0.1372 0.9789 -0.1514
vn 0.7010 0.4584 0.5463
vn 0.2632 -0.6613 0.7024
vn -0.3246 0.9101 -0.2575
vn -0.3487 0.9313 -0.1053
vn -0.1637 0.4884 0.8571
vn -0.3723 0.2857 -0.8831
vn 0.6567 -0.3605 0.6624
vn 0.2619 -0.7911 0.5528
vn 0.3964 -0.7714 0.4978
vn 0.3927 -0.6227 -0.6768
vn 0.4271 -0.8979 0.1067
vn 0.5713 -0.6345 -0.5205
vn 0.8474 0.5170 0.1210
vn 0.3458 -0.7970 0.4952
vn 0.3513 -0.7756 0.5244
vn -0.0907 0.5918 -0.8010
vn -0.1383 0.6642 -0.7346
vn -0.0114 0.5392 -0.8421
vn -0.1758 0.6682 -0.7229
vn 0.2611 -0.7047 0.6597
vn 0.1505 -0.2833 0.9471
vn -0.4113 0.6853 -0.6009
vn -0.1378 0.6068 -0.7828
vn -0.1032 0.3627 -0.9262
vn -0.1893 0.6936 -0.6950
vn -0.1595 0.7059 -0.6901
vn -0.2182 0.7363 -0.6405
vn -0.1595 0.7063 -0.6897
vn -0.1258 0.6771 -0.7251
vn -0.1557 0.4917 0.8567
vn -0.2792 0.8270 -0.4879
vn 0.3323 -0.7443 0.5793
vn -0.3340 0.9170 -0.2182
vn -0.3687 0.9265 0.0751
vn -0.1995 0.6840 -0.7016
vn -0.2445 0.8039 -0.5421
vn -0.0599 0.3083 0.9494
vn -0.1582 0.6873 -0.7089
vn -0.2791 0.8264 -0.4890
vn 0.2670 -0.6003 0.7539
vn -0.1505 0.4914 0.8578
vn -0.0599 0.3077 0.9496
vn 0.3452 -0.7462 0.5693
vn 0.2365 -0.7256 0.6462
vn 0.9181 -0.3841 -0.0983
vn 0.6781 -0.7026 0.2158
vn 0.8173 -0.5516 -0.1669
vn -0.1221 0.9485 -0.2924
vn -0.1706 0.7539 -0.6344
vn -0.1821 0.7220 -0.6675
vn -0.3480 0.9357 -0.0581
vn -0.0406 0.7835 -0.6200
vn -0.3554 0.6597 -0.6622
vn -0.1669 0.9232 -0.3463
vn 0.6332 -0.7528 0.1798
vn 0.3881 -0.7838 0.4847
vn 0.3639 -0.7717 0.5216
vn 0.3851 -0.7553 0.5302
vn -0.2739 0.7644 -0.5836
vn 0.3408 -0.6737 0.6558
vn -0.3503 0.9244 0.1507
vn -0.1250 0.6720 -0.7299
vn -0.1629 0.6479 -0.7441
vn -0.0987 0.6401 -0.7619
vn 0.1987 -0.3322 0.9220
vn 0.3844 -0.7212 0.5763
vn -0.3437 0.9348 0.0893
vn 0.2963 -0.5634 0.7712
vn -0.1548 0.5377 0.8288
vn -0.4395 0.5076 -0.7411
vn -0.2767 0.6063 -0.7455
vn 0.3054 -0.7505 0.5861
vn 0.3745 -0.7145 0.5910
vn 0.3389 -0.5433 0.7681
vn -0.1141 0.4625 0.8793
vn 0.0808 -0.0353 0.9961
vn 0.0807 -0.0348 0.9961
vn -0.3526 0.9262 -0.1334
vn 0.7330 0.0799 0.6755
vn 0.6075 0.2814 0.7428
vn 0.7173 -0.5290 0.4534
vn -0.1959 0.6743 -0.7120
vn -0.2311 0.6353 -0.7369
vn -0.2021 0.6569 -0.7264
vn -0.3297 0.8161 -0.4745
vn -0.3153 0.8598 -0.4018
vn 0.4025 0.0125 0.9153
vn -0.3153 0.8594 -0.4025
vn 0.1772 -0.1222 0.9766
vn 0.3386 0.5406 0.7701
vn 0.4023 0.0129 0.9154
vn 0.3235 -0.6021 0.7299
vn 0.7172 -0.5288 0.4538
vn -0.3295 0.8162 -0.4746
vn 0.3722 -0.6156 0.6946
vn -0.3279 0.8851 0.3303
vn -0.3278 0.8851 0.3304
vn -0.2802 0.9478 -0.1522
vn 0.5920 0.8059 -0.0000
vn 0.2216 -0.8001 0.5574
vn 0.3637 -0.9196 0.1483
vn 0.5464 -0.8281 0.1252
vn 0.5093 -0.6857 0.5200
vn 0.6311 -0.6735 0.3849
vn 0.4031 -0.6824 0.6098
vn 0.4056 -0.5828 0.7042
vn -0.2342 0.6424 -0.7297
vn -0.2350 0.6630 -0.7108
vn -0.2021 0.6570 -0.7263
vn 0.3994 -0.7560 0.5186
vn -0.3676 0.9298 0.0146
vn 0.1774 -0.1222 0.9765
vn 0.2626 -0.6237 0.7362
vn 0.4049 -0.5847 0.7030
vn -0.2656 0.5387 -0.7995
vn 0.2953 -0.4031 0.8662
vn -0.0559 0.0529 -0.9970
vn -0.0617 0.2266 -0.9720
vn -0.2047 0.1861 -0.9610
vn -0.3113 0.8466 -0.4317
vn -0.3676 0.8802 -0.3003
vn -0.1445 0.5740 0.8060
vn 0.2059 -0.8131 0.5445
vn 0.3661 -0.6646 0.6513
vn 0.4178 -0.6887 0.5926
vn 0.1495 -0.0055 0.9887
vn 0.2956 -0.4036 0.8659
vn 0.1939 -0.9674 0.1629
vn 0.3947 -0.7363 0.5496
vn -0.3423 0.8213 -0.4564
vn -0.3115 0.8418 0.4409
vn -0.2351 0.6629 -0.7108
vn -0.2560 0.6787 -0.6883
vn -0.2723 0.7015 -0.6586
vn -0.3117 0.8417 0.4409
vn -0.1855 0.6985 0.6911
vn 0.3900 -0.7557 0.5262
vn 0.3894 -0.7646 0.5136
vn 0.3888 -0.7617 0.5184
vn -0.2882 0.7294 -0.6204
vn -0.2317 0.5712 -0.7874
vn -0.2206 0.6385 -0.7373
vn -0.2342 0.6423 -0.7298
vn -0.3422 0.8210 -0.4571
vn 0.3307 -0.3603 0.8722
vn 0.0957 0.2582 0.9613
vn -0.0533 0.7136 -0.6986
vn 0.7535 0.3591 -0.5507
vn 0.8122 0.1732 -0.5571
vn 0.2162 0.8068 -0.5498
vn 0.9406 -0.2373 0.2428
vn 0.5532 -0.7126 0.4315
vn 0.4079 -0.7404 0.5342
vn 0.2959 -0.7805 0.5507
vn 0.9898 0.1313 0.0557
vn 0.5517 -0.7131 0.4325
vn 0.9389 -0.2378 0.2489
vn 0.7792 -0.6263 -0.0265
vn 0.2157 0.8082 -0.5479
vn -0.0852 0.6145 -0.7843
vn 0.2640 0.8904 -0.3708
vn 0.2808 -0.7094 0.6464
vn 0.2895 -0.7695 0.5692
vn -0.3784 0.8944 -0.2384
vn 0.3990 -0.5478 0.7353
vn 0.4105 -0.7485 0.5208
vn 0.4330 -0.5862 0.6847
vn -0.0542 0.7128 -0.6993
vn 0.3547 -0.7529 0.5543
vn -0.2368 0.7054 -0.6681
vn 0.4126 -0.7920 0.4499
vn -0.3029 0.8763 0.3745
vn -0.1854 0.6982 0.6915
vn 0.3707 -0.7803 0.5037
vn 0.3246 -0.1169 0.9386
vn 0.3309 -0.3608 0.8720
vn 0.3251 -0.1181 0.9383
vn 0.4451 -0.4227 0.7895
vn 0.3223 -0.8001 0.5060
vn -0.2711 0.7567 -0.5949
vn -0.3729 0.9191 0.1274
vn -0.2179 0.8162 0.5351
vn -0.2178 0.8165 0.5346
vn -0.2210 0.5679 -0.7929
vn -0.2295 0.5092 -0.8295
vn -0.1993 0.4833 -0.8525
vn -0.3324 0.8410 -0.4270
vn 0.3765 -0.8100 0.4496
vn 0.3049 -0.7374 0.6028
vn 0.4336 -0.7417 0.5117
vn -0.1504 0.7593 0.6331
vn 0.1178 0.3602 0.9254
vn -0.2816 0.5514 -0.7853
vn -0.2934 0.5473 -0.7838
vn 0.3807 -0.1453 0.9132
vn -0.3390 0.3149 -0.8865
vn -0.2245 0.5770 -0.7853
vn -0.2555 -0.2805 -0.9252
vn -0.3650 0.3041 -0.8799
vn -0.3386 0.3192 -0.8851
vn 0.3088 -0.7649 0.5653
vn 0.3773 -0.6858 0.6224
vn -0.2315 0.6554 -0.7190
vn -0.3806 0.8993 -0.2154
vn -0.1503 0.7592 0.6332
vn 0.3807 -0.1438 0.9135
vn 0.4801 -0.6220 0.6186
vn 0.4582 -0.4052 0.7911
vn 0.4050 -0.6445 0.6485
vn 0.2557 0.1281 0.9582
vn 0.2549 0.1287 0.9584
vn -0.3500 0.8773 -0.3284
vn -0.3826 0.9158 -0.1220
vn -0.3613 0.9275 0.0961
vn -0.3326 0.8955 0.2956
vn -0.0604 0.6513 0.7564
vn -0.0603 0.6512 0.7565
vn 0.3265 -0.7971 0.5080
vn 0.4292 -0.6846 0.5892
vn 0.5697 -0.6898 0.4468
vn 0.2515 0.3554 -0.9003
vn -0.2199 0.4304 -0.8754
vn -0.0127 0.2863 -0.9581
vn 0.3460 -0.6662 0.6607
vn 0.4056 -0.6798 0.6110
vn -0.2581 0.7239 -0.6398
vn -0.3049 0.8063 -0.5069
vn 0.3345 -0.8163 0.4709
vn 0.4270 -0.8020 0.4177
vn 0.4163 -0.7643 0.4925
vn -0.3499 0.8773 -0.3286
vn -0.3322 0.8409 -0.4272
vn 0.4515 -0.7661 0.4575
vn 0.5228 -0.7361 0.4300
vn 0.3472 -0.7187 0.6024
vn 0.2645 -0.7932 0.5485
vn 0.1095 0.5653 -0.8176
vn -0.1061 0.7131 -0.6930
vn -0.1652 0.7057 -0.6890
vn 0.1090 0.5677 -0.8160
vn 0.4192 0.2831 -0.8626
vn -0.3109 0.6123 -0.7270
vn -0.3705 0.7421 -0.5586
vn -0.3193 0.9094 0.2665
vn 0.5246 -0.6487 0.5514
vn 0.4563 -0.4615 0.7608
vn 0.3376 -0.1440 0.9302
vn 0.2797 -0.7840 0.5541
vn 0.3879 -0.7285 0.5646
vn -0.3805 0.8430 -0.3802
vn 0.5583 -0.7510 0.3525
vn 0.5351 -0.7378 0.4115
vn -0.3728 0.9118 -0.1722
vn 0.4550 -0.8049 0.3810
vn 0.5222 -0.7948 0.3092
vn 0.0640 0.3935 0.9171
vn 0.3374 -0.1429 0.9305
vn -0.2232 0.7323 -0.6433
vn -0.3830 0.9229 0.0388
vn 0.4655 -0.8068 0.3639
vn 0.5770 -0.7538 0.3145
vn -0.2233 0.7319 -0.6437
vn -0.2771 0.7103 -0.6471
vn -0.1653 0.7061 -0.6886
vn -0.2487 0.5197 -0.8173
vn -0.2797 0.4250 -0.8609
vn -0.2901 0.4522 -0.8434
vn -0.2816 0.4485 -0.8483
vn 0.4655 -0.7116 0.5263
vn -0.3807 0.8431 -0.3798
vn -0.2393 0.8161 0.5260
vn -0.2393 0.8162 0.5258
vn 0.6471 -0.6959 0.3113
vn 0.4137 -0.4109 0.8124
vn 0.4218 -0.7654 0.4860
vn 0.3429 -0.7683 0.5405
vn -0.4640 0.8594 -0.2148
vn 0.6313 -0.7005 0.3327
vn 0.6144 -0.6872 0.3876
vn -0.4006 0.8833 0.2434
vn 0.0654 0.2092 0.9757
vn 0.0655 0.2085 0.9758
vn -0.3358 0.6661 -0.6660
vn -0.4478 0.7805 -0.4362
vn -0.2317 0.7129 0.6618
vn 0.3874 -0.7776 0.4952
vn 0.5403 -0.5935 0.5965
vn 0.6153 -0.7240 0.3118
vn 0.6394 -0.7084 0.2988
vn -0.2319 0.7130 0.6617
vn 0.3876 -0.4660 0.7954
vn 0.3512 -0.7561 0.5523
vn 0.3607 -0.7280 0.5831
vn 0.3957 -0.7130 0.5788
vn 0.3917 -0.7504 0.5324
vn -0.4272 0.6785 -0.5977
vn -0.5383 0.6935 -0.4789
vn -0.5003 0.8658 0.0072
vn -0.4834 0.8299 0.2787
vn 0.4953 -0.5783 0.6483
vn -0.1175 0.3630 0.9244
vn 0.0679 0.0315 0.9972
vn 0.4138 -0.4113 0.8122
vn 0.0677 0.0322 0.9972
vn -0.5381 0.6932 -0.4794
vn -0.5681 0.7524 -0.3333
vn -0.4479 0.7805 -0.4360
vn -0.4639 0.8595 -0.2147
vn -0.5797 0.7991 -0.1593
vn -0.6038 0.7967 -0.0256
vn -0.5146 0.8411 0.1663
vn 0.6160 -0.6678 0.4177
vn -0.3512 0.7002 -0.6216
vn -0.3176 0.5846 -0.7466
vn -0.1450 0.7533 -0.6415
vn 0.6035 -0.7545 0.2580
vn 0.5765 -0.7549 0.3128
vn -0.5797 0.7990 -0.1597
vn 0.0771 -0.2669 0.9606
vn 0.6028 -0.6637 0.4429
vn 0.6299 -0.7252 0.2781
vn 0.3240 -0.4482 0.8332
vn 0.5268 -0.5990 0.6030
vn -0.5548 0.6856 0.4713
vn -0.3784 0.1690 0.9101
vn -0.3785 0.1695 0.9100
vn 0.8992 -0.4058 -0.1636
vn 0.8529 -0.5111 -0.1064
vn 0.5986 -0.5437 -0.5882
vn 0.7110 -0.6689 -0.2171
vn -0.2790 0.8577 -0.4318
vn 0.4437 -0.7823 0.4372
vn -0.6114 0.7738 0.1655
vn -0.5548 0.6859 0.4709
vn -0.2136 0.8511 -0.4796
vn 0.2910 0.6563 -0.6961
vn 0.5871 -0.7778 0.2241
vn -0.6585 0.7246 -0.2034
vn -0.6042 0.7964 -0.0255
vn -0.3395 0.0178 0.9404
vn -0.3513 0.7003 -0.6215
vn -0.4314 0.5776 -0.6931
vn -0.3441 0.4930 -0.7991
vn -0.3435 0.4925 -0.7996
vn -0.5000 0.4714 -0.7265
vn -0.4277 0.4793 -0.7664
vn -0.5943 0.6043 -0.5307
vn -0.6414 0.6775 -0.3600
vn -0.6957 0.7179 -0.0256
vn -0.7772 0.6019 0.1837
vn -0.6116 0.7737 0.1652
vn -0.7435 0.5278 0.4107
vn -0.7436 0.5279 0.4103
vn -0.5824 0.1828 0.7921
vn 0.3962 -0.3920 -0.8302
vn 0.4338 -0.4629 -0.7730
vn 0.4239 -0.3559 -0.8329
vn -0.7436 0.5278 0.4105
vn -0.3782 0.1691 0.9102
vn -0.5816 0.1821 0.7928
vn -0.3392 0.0169 0.9406
vn -0.4927 0.7337 -0.4679
vn -0.6051 0.6625 -0.4415
vn -0.2133 0.8512 -0.4795
vn -0.4756 0.7666 -0.4314
vn -0.2787 0.8575 -0.4324
vn -0.4755 0.7667 -0.4313
vn -0.2785 0.8578 -0.4319
vn -0.5365 0.6010 -0.5925
vn 0.5027 -0.8187 0.2775
vn 0.5496 -0.7404 0.3869
vn -0.7409 0.6495 -0.1708
vn 0.5229 -0.5479 0.6530
vn -0.7641 0.3679 0.5300
vn 0.5049 -0.7676 0.3947
vn 0.3929 -0.8011 0.4515
vn -0.5851 0.4570 -0.6700
vn -0.6621 0.5025 -0.5559
vn -0.5354 0.5312 -0.6567
vn 0.3255 -0.3797 0.8660
vn -0.6405 0.3319 0.6926
vn -0.4310 0.5776 -0.6933
vn -0.5365 0.6012 -0.5923
vn 0.5483 -0.8031 0.2333
vn -0.4726 0.2727 0.8380
vn 0.4768 -0.3689 0.7979
vn 0.6444 -0.6753 0.3589
vn -0.6606 0.4712 -0.5844
vn -0.7364 0.4614 -0.4948
vn -0.6621 0.5023 -0.5562
vn 0.5868 -0.4767 0.6545
vn 0.6324 -0.6650 0.3974
vn -0.6342 0.4834 0.6034
vn -0.7622 -0.0852 -0.6417
vn -0.7139 0.5058 -0.4843
vn 0.4016 -0.8859 0.2321
vn 0.5445 -0.8269 0.1405
vn 0.6681 -0.6557 0.3518
vn -0.7908 0.5056 -0.3450
vn -0.7201 0.5938 -0.3590
vn 0.6546 -0.7247 0.2151
vn 0.5781 -0.7995 0.1630
vn 0.6633 -0.5486 0.5090
vn 0.6834 -0.6713 0.2869
vn 0.6720 -0.6823 0.2879
vn 0.6353 -0.7663 0.0956
vn -0.6341 0.4837 0.6033
vn -0.4120 0.4758 0.7771
vn -0.4219 0.4311 0.7976
vn -0.3497 0.4959 0.7948
vn 0.5114 -0.3213 0.7971
vn -0.1577 0.9098 -0.3840
vn -0.2757 0.9505 -0.1432
vn -0.0869 0.9929 0.0819
vn 0.6547 -0.7247 0.2150
vn 0.6355 -0.7662 0.0954
vn 0.7386 -0.6645 0.1139
vn -0.0304 0.9829 0.1815
vn -0.0174 0.9691 0.2459
vn 0.6940 -0.6204 0.3653
vn 0.6679 -0.6558 0.3518
vn 0.7707 -0.6045 0.2016
vn 0.7532 -0.5973 0.2756
vn -0.7957 0.4983 -0.3443
vn -0.8308 0.5368 -0.1466
vn 0.7490 -0.6580 0.0773
vn 0.6833 -0.6711 0.2877
vn 0.7380 -0.6346 0.2295
vn 0.7165 -0.5529 0.4255
vn 0.7158 -0.5528 0.4266
vn -0.5913 0.6158 0.5207
vn -0.6031 -0.0320 -0.7971
vn -0.6736 0.4729 -0.5680
vn -0.7037 -0.0025 -0.7104
vn 0.5721 -0.3727 0.7306
vn -0.2499 0.9410 -0.2282
vn -0.2401 0.9691 -0.0557
vn 0.0379 0.9700 0.2403
vn -0.7243 0.4905 -0.4847
vn -0.7437 0.5658 -0.3561
vn -0.4117 0.5643 0.7156
vn 0.8269 -0.5563 0.0827
vn 0.7923 -0.5685 0.2217
vn -0.7114 0.6734 0.2009
vn -0.6127 0.6813 0.4005
vn -0.3494 0.4976 0.7939
vn -0.4118 0.5656 0.7145
vn -0.2619 0.4460 0.8559
vn 0.4090 -0.2115 0.8877
vn 0.5015 -0.8441 -0.1897
vn 0.3798 -0.9250 -0.0044
vn 0.5909 -0.7938 -0.1442
vn -0.2647 0.9541 -0.1404
vn 0.0666 0.9794 0.1905
vn 0.8712 -0.0155 0.4906
vn 0.8719 -0.0169 0.4893
vn 0.7615 0.1330 0.6344
vn 0.8360 -0.5417 0.0872
vn 0.0331 0.9784 -0.2039
vn -0.0264 0.9894 -0.1431
vn -0.1806 0.9796 -0.0882
vn 0.6940 -0.6204 0.3654
vn 0.7341 -0.6533 0.1852
vn 0.6038 -0.7955 0.0513
vn 0.8281 -0.5528 0.0932
vn 0.8716 -0.4851 0.0709
vn 0.7679 -0.5100 0.3876
vn 0.6788 -0.4592 0.5730
vn -0.1782 0.9838 0.0174
vn 0.9293 -0.1487 0.3381
vn -0.6757 0.5797 -0.4554
vn -0.6823 0.5459 -0.4863
vn -0.3488 0.5229 0.7778
vn -0.2317 0.4687 0.8524
vn 0.3817 -0.1613 0.9101
vn 0.7592 -0.5984 -0.2561
vn 0.3735 -0.9253 -0.0659
vn -0.2038 0.9765 -0.0699
vn 0.6408 -0.7486 -0.1703
vn 0.8925 -0.4510 0.0028
vn 0.8861 -0.4491 0.1150
vn 0.8581 -0.4610 0.2263
vn -0.5392 0.6641 0.5180
vn -0.1746 0.9787 -0.1083
vn 0.0251 0.9859 0.1654
vn 0.1544 0.9562 0.2486
vn 0.0926 0.9741 0.2061
vn 0.2481 0.9285 0.2761
vn -0.5987 0.4673 -0.6506
vn -0.5952 0.5985 -0.5362
vn -0.6291 0.5566 -0.5425
vn 0.9111 -0.4081 0.0578
vn -0.7108 0.7028 0.0296
vn -0.6501 0.7133 0.2617
vn 0.7979 -0.4214 0.4311
vn 0.5178 -0.2678 0.8125
vn 0.7213 -0.4358 0.5383
vn 0.7679 -0.5098 0.3879
vn -0.4666 0.4704 -0.7490
vn 0.7702 -0.6232 -0.1358
vn 0.8558 -0.5047 -0.1137
vn 0.9528 -0.2800 0.1174
vn -0.7484 0.6241 -0.2243
vn -0.7292 0.6680 -0.1484
vn -0.7664 0.6402 -0.0533
vn 0.7975 -0.4208 0.4323
vn -0.1947 0.9770 -0.0866
vn -0.1680 0.9832 0.0717
vn 0.8289 -0.4702 -0.3032
vn 0.9927 -0.0640 -0.1018
vn 0.9427 -0.3323 0.0310
vn 0.9483 -0.3110 -0.0635
vn 0.9601 0.2218 -0.1703
vn 0.9999 -0.0052 -0.0139
vn 0.9928 -0.0643 -0.1013
vn 0.9999 -0.0050 -0.0145
vn 0.9599 -0.2043 -0.1920
vn 0.9819 0.1646 -0.0940
vn 0.9674 -0.2415 -0.0766
vn 0.9947 0.0931 0.0437
vn 0.9999 -0.0048 -0.0135
vn 0.9774 -0.1312 0.1655
vn 0.9039 -0.4027 0.1442
vn 0.9037 -0.4032 0.1441
vn 0.9940 -0.1090 0.0124
vn 0.9774 -0.1318 0.1650
vn 0.9873 0.0312 0.1555
vn -0.5033 0.6916 0.5180
vn -0.3482 0.5211 0.7793
vn 0.3237 -0.9456 0.0311
vn 0.3755 -0.9259 0.0411
vn 0.2793 -0.9602 0.0087
vn 0.2230 0.9457 0.2366
vn 0.3470 0.8879 0.3020
vn 0.9571 0.1552 -0.2446
vn 0.9575 -0.2283 -0.1762
vn 0.9574 -0.2287 -0.1760
vn 0.8852 -0.4554 -0.0952
vn 0.9013 0.3306 -0.2799
vn 0.8899 0.3547 -0.2869
vn 0.9485 -0.3104 -0.0637
vn 0.8795 -0.4759 -0.0054
vn 0.8478 -0.5216 0.0960
vn 0.9598 -0.2042 -0.1924
vn 0.9674 -0.2414 -0.0765
vn 0.9939 -0.1091 0.0128
vn 0.9952 0.0704 0.0687
vn 0.9135 -0.3378 0.2267
vn 0.9527 -0.2802 0.1175
vn 0.9873 0.0311 0.1556
vn 0.9670 -0.0279 0.2534
vn 0.9774 -0.1315 0.1657
vn 0.9434 -0.2014 0.2636
vn 0.9131 -0.3383 0.2274
vn 0.9458 -0.2334 0.2256
vn 0.9817 0.0059 0.1905
vn 0.9458 -0.2338 0.2252
vn 0.9818 0.0061 0.1898
vn 0.8942 -0.2421 0.3766
vn 0.9562 -0.0001 0.2926
vn 0.9461 -0.2333 0.2248
vn 0.8942 -0.2425 0.3762
vn -0.5030 0.6922 0.5175
vn 0.2446 0.1522 0.9576
vn -0.1909 0.8686 -0.4573
vn -0.2318 0.9658 -0.1158
vn 0.0139 0.9885 0.1505
vn 0.9704 0.0227 -0.2406
vn 0.8361 0.4405 -0.3271
vn 0.4549 -0.2354 -0.8589
vn 0.6697 -0.5151 -0.5349
vn 0.7665 -0.2446 -0.5939
vn 0.8564 0.3217 -0.4038
vn 0.7695 -0.6374 0.0401
vn 0.9245 0.1086 -0.3654
vn 0.8912 -0.2879 -0.3504
vn 0.8912 -0.2877 -0.3508
vn 0.7827 -0.6028 0.1551
vn 0.8461 -0.4864 0.2180
vn -0.5895 0.7878 0.1786
vn 0.9470 -0.0157 0.3207
vn 0.7972 -0.4211 0.4325
vn 0.7319 -0.2330 0.6403
vn 0.8940 -0.2423 0.3770
vn 0.8878 -0.0319 0.4592
vn 0.8881 -0.0320 0.4585
vn -0.2314 0.4675 0.8531
vn -0.2873 0.7137 0.6388
vn -0.2873 0.7136 0.6390
vn 0.2443 0.1526 0.9576
vn -0.2316 0.4681 0.8528
vn 0.2440 0.1522 0.9577
vn 0.6182 0.0887 0.7810
vn 0.7325 -0.2329 0.6397
vn 0.7322 -0.2329 0.6400
vn -0.3035 0.7515 -0.5857
vn -0.1077 0.9904 -0.0863
vn -0.1917 0.9814 0.0125
vn 0.4472 0.8380 0.3127
vn 0.9194 0.2961 -0.2588
vn 0.7562 0.5592 -0.3397
vn 0.9098 -0.3714 -0.1851
vn 0.8732 -0.4565 -0.1705
vn 0.7339 -0.6745 -0.0795
vn -0.3425 0.5925 -0.7291
vn -0.4856 0.7272 -0.4851
vn -0.6368 0.6344 -0.4382
vn -0.7194 0.6076 -0.3367
vn -0.6739 0.6262 -0.3920
vn -0.7063 0.6569 -0.2638
vn -0.6499 0.7307 -0.2092
vn -0.6517 0.7537 -0.0851
vn 0.8828 -0.3740 0.2841
vn 0.9302 -0.1806 0.3196
vn 0.9199 0.1000 0.3792
vn 0.1678 -0.9834 -0.0694
vn 0.2701 -0.9628 0.0011
vn 0.1917 -0.9814 -0.0027
vn 0.3657 0.8986 0.2425
vn 0.5755 -0.8074 0.1300
vn 0.6719 -0.7115 0.2059
vn 0.5733 -0.8191 -0.0218
vn 0.6481 0.6845 0.3339
vn 0.9864 0.0126 -0.1637
vn 0.9097 -0.3719 -0.1849
vn 0.7721 0.5147 -0.3727
vn 0.8731 -0.4567 -0.1705
vn 0.7340 -0.6745 -0.0794
vn 0.6607 -0.7327 -0.1632
vn 0.7666 -0.2441 -0.5939
vn -0.5818 0.7249 -0.3689
vn 0.7845 -0.5649 0.2559
vn 0.8491 -0.3963 0.3492
vn 0.1734 0.6888 0.7039
vn 0.2370 0.4748 0.8476
vn 0.8584 0.1421 0.4929
vn 0.9201 -0.0912 0.3809
vn -0.5516 0.7180 -0.4245
vn -0.1541 0.9818 -0.1112
vn 0.0589 0.9954 0.0760
vn 0.6415 -0.7575 0.1210
vn 0.9857 -0.1179 -0.1206
vn 0.9856 -0.1180 -0.1210
vn 0.7212 0.6674 -0.1855
vn 0.9855 -0.1188 -0.1209
vn 0.8769 0.4384 -0.1972
vn 0.6971 0.6743 -0.2437
vn 0.7155 0.6361 -0.2888
vn 0.9099 -0.3711 -0.1854
vn 0.7610 -0.6189 -0.1946
vn 0.5802 0.6669 -0.4675
vn 0.5950 0.4079 -0.6925
vn -0.1881 0.7393 -0.6466
vn 0.7693 -0.6376 0.0403
vn 0.6382 -0.7693 0.0308
vn 0.7115 -0.6930 0.1162
vn 0.2368 0.4761 0.8469
vn 0.7520 0.4050 0.5201
vn 0.8806 -0.2386 0.4094
vn 0.9003 0.1339 0.4142
vn 0.9107 0.0099 0.4128
vn -0.1323 0.9903 -0.0420
vn 0.0559 0.9960 -0.0692
vn 0.7371 -0.6449 -0.2021
vn 0.7212 0.6676 -0.1849
vn 0.5734 -0.7883 -0.2230
vn 0.6051 0.6942 -0.3898
vn 0.0351 0.8646 -0.5013
vn 0.5846 -0.8005 0.1323
vn 0.7826 -0.6029 0.1550
vn 0.7846 -0.5646 0.2564
vn 0.6414 -0.7405 0.2005
vn -0.5576 0.8151 -0.1568
vn -0.5423 0.8401 0.0130
vn -0.4035 0.8604 0.3113
vn 0.1735 0.6887 0.7040
vn 0.1745 0.6898 0.7026
vn 0.7248 0.5973 0.3434
vn 0.8869 0.2905 0.3593
vn 0.8617 -0.1447 0.4864
vn 0.0593 0.9953 0.0761
vn 0.5810 0.7655 -0.2764
vn 0.5360 -0.8064 -0.2500
vn 0.5563 -0.8041 -0.2098
vn 0.6135 0.7173 -0.3303
vn 0.2826 0.7571 -0.5890
vn 0.0353 0.8643 -0.5018
vn -0.1882 0.7386 -0.6474
vn -0.2361 0.8610 -0.4505
vn -0.0579 0.9265 -0.3718
vn -0.3468 0.8952 -0.2798
vn 0.7421 -0.4991 0.4475
vn 0.6753 -0.6623 0.3245
vn 0.7886 -0.3452 0.5088
vn 0.9706 0.0427 -0.2369
vn 0.9719 0.2094 -0.1072
vn 0.9988 -0.0275 -0.0402
vn 0.8246 -0.0252 0.5651
vn 0.9704 0.2385 0.0384
vn 0.9957 0.0147 0.0913
vn 0.9634 -0.2344 0.1303
vn 0.9858 -0.1553 -0.0645
vn 0.9661 0.1174 0.2298
vn 0.9626 -0.0852 0.2572
vn 0.8353 0.4961 -0.2370
vn 0.8088 0.5603 -0.1788
vn 0.8734 0.3615 -0.3264
vn 0.7402 0.6531 -0.1598
vn 0.5541 0.8021 -0.2229
vn 0.0582 0.9939 -0.0941
vn 0.0559 0.9960 -0.0693
vn 0.6102 0.7368 -0.2910
vn 0.2129 0.9555 -0.2041
vn 0.4344 0.8902 -0.1375
vn 0.2486 0.9685 -0.0151
vn 0.5634 0.8235 0.0665
vn 0.5636 0.8233 0.0669
vn 0.7508 0.6565 0.0729
vn 0.7422 -0.4990 0.4473
vn 0.6368 -0.6217 0.4561
vn 0.6756 -0.6622 0.3242
vn 0.9277 0.3378 0.1592
vn 0.9091 0.2772 -0.3109
vn 0.9707 0.0430 -0.2365
vn 0.8954 0.0201 -0.4448
vn 0.9628 -0.1439 -0.2288
vn 0.9858 -0.1550 -0.0649
vn 0.9248 0.2710 0.2670
vn 0.9092 0.2774 -0.3104
vn 0.8681 0.4590 -0.1890
vn 0.9694 -0.2450 0.0154
vn 0.9802 -0.1289 -0.1503
vn 0.8895 0.1816 0.4193
vn 0.7197 -0.3146 0.6189
vn 0.7755 -0.1649 0.6094
vn 0.8583 0.5102 -0.0555
vn 0.9634 -0.2343 0.1300
vn 0.8582 0.5102 -0.0568
vn 0.9383 0.3320 0.0966
vn 0.9703 0.2389 0.0374
vn 0.9385 0.3315 0.0964
vn 0.9634 -0.2344 0.1305
vn 0.9626 -0.0853 0.2571
vn 0.8872 -0.3024 0.3484
vn 0.9658 0.1174 0.2310
vn 0.9076 -0.0816 0.4119
vn -0.1115 0.9937 0.0116
vn 0.4699 0.8231 -0.3189
vn 0.8500 0.0829 -0.5202
vn 0.8106 0.3108 -0.4964
vn 0.9914 0.0515 -0.1204
vn 0.8971 -0.0390 -0.4401
vn 0.5307 0.7064 -0.4683
vn 0.9589 0.2629 0.1064
vn 0.9859 -0.1267 -0.1095
vn 0.7562 0.0605 0.6516
vn 0.8338 -0.0182 0.5518
vn 0.6441 0.0010 0.7650
vn 0.1387 -0.9531 0.2689
vn 0.0751 -0.9937 0.0826
vn 0.0845 -0.9951 0.0519
vn 0.4108 0.8233 -0.3918
vn 0.2826 0.7572 -0.5888
vn 0.7905 0.5879 -0.1715
vn 0.5561 0.8309 0.0196
vn 0.9335 0.2571 0.2499
vn 0.9773 0.1967 -0.0784
vn 0.8523 0.1325 0.5060
vn 0.9653 0.1193 -0.2324
vn 0.8571 0.1104 0.5032
vn -0.2362 0.8608 -0.4508
vn 0.2142 0.8896 -0.4033
vn -0.0581 0.9263 -0.3722
vn -0.3465 0.8956 -0.2791
vn 0.2532 0.9117 -0.3234
vn 0.4677 -0.7978 0.3804
vn 0.4863 -0.8345 0.2590
vn 0.7513 0.6558 0.0734
vn 0.7877 0.2832 -0.5471
vn 0.9127 -0.0903 -0.3986
vn 0.9504 0.2729 -0.1490
vn 0.7891 0.4669 -0.3991
vn 0.9970 -0.0555 0.0546
vn 0.9761 0.1220 0.1799
vn 0.6187 -0.5299 0.5800
vn 0.7895 0.4670 -0.3982
vn 0.9248 0.0890 0.3698
vn 0.6190 -0.5296 0.5800
vn 0.9695 -0.2448 0.0131
vn 0.9634 -0.2343 0.1301
vn 0.9399 -0.2277 0.2543
vn 0.8163 0.0918 0.5702
vn 0.8870 -0.3024 0.3490
vn 0.9276 0.3479 0.1360
vn 0.8621 0.0330 0.5057
vn 0.8544 0.1534 0.4965
vn 0.7990 0.0106 -0.6012
vn 0.8491 0.4455 -0.2838
vn 0.9543 0.0217 -0.2979
vn 0.8476 -0.2728 0.4551
vn 0.6323 0.7744 0.0197
vn 0.8386 -0.3999 0.3698
vn 0.7009 0.7085 -0.0822
vn 0.8303 -0.1901 0.5238
vn 0.8326 0.1114 0.5425
vn 0.8025 0.4379 -0.4053
vn -0.0189 0.9998 -0.0094
vn -0.0604 0.9965 -0.0578
vn 0.4136 0.8446 -0.3398
vn 0.4117 0.8402 -0.3530
vn 0.5604 0.7592 -0.3310
vn 0.8122 0.3104 -0.4939
vn 0.4374 0.2092 -0.8746
vn 0.9589 0.2631 0.1063
vn 0.9309 0.1101 -0.3483
vn 0.8554 0.3263 -0.4022
vn 0.8512 0.4738 -0.2259
vn 0.7953 -0.1366 -0.5907
vn 0.7934 -0.4733 -0.3827
vn 0.2743 0.3672 -0.8888
vn 0.9718 0.2339 -0.0304
vn 0.7904 0.5876 -0.1733
vn 0.9454 0.1168 0.3042
vn 0.9409 0.0954 0.3251
vn 0.9600 -0.2791 -0.0209
vn 0.8126 -0.5827 -0.0130
vn 0.8873 0.1258 -0.4437
vn 0.8614 0.0977 -0.4985
vn 0.6473 -0.7579 -0.0813
vn 0.5213 -0.8423 0.1369
vn 0.5047 -0.8064 0.3081
vn 0.8397 0.5118 -0.1817
vn 0.9842 0.1468 -0.0990
vn 0.6649 0.2920 0.6875
vn 0.7477 -0.1046 0.6557
vn 0.9335 0.2576 0.2495
vn 0.9337 0.2575 0.2488
vn 0.7479 -0.1050 0.6554
vn 0.6398 -0.6151 0.4609
vn 0.9796 0.1348 0.1491
vn 0.9465 0.1024 0.3061
vn 0.9802 0.0250 -0.1964
vn 0.3104 0.8426 -0.4400
vn 0.9759 0.1893 0.1083
vn 0.9660 0.2391 0.0988
vn 0.9868 0.0711 -0.1457
vn 0.9845 0.1258 0.1226
vn 0.9956 -0.0931 -0.0107
vn 0.9374 -0.3441 0.0526
vn -0.0418 0.3870 0.9211
vn -0.0393 0.2893 0.9564
vn 0.9844 0.1259 0.1229
vn -0.0080 0.1333 0.9910
vn 0.5734 -0.0216 0.8190
vn 0.5714 -0.0207 0.8204
vn 0.2057 0.9129 -0.3527
vn 0.4966 0.7559 -0.4266
vn 0.7170 0.6401 -0.2760
vn 0.7171 0.6400 -0.2760
vn 0.7750 0.0539 -0.6297
vn 0.4789 -0.7475 0.4602
vn 0.6641 0.4823 -0.5713
vn 0.7894 0.4672 -0.3981
vn 0.7881 0.2834 -0.5465
vn 0.9360 0.1089 -0.3346
vn 0.6628 0.6230 -0.4153
vn 0.4629 -0.6803 0.5682
vn 0.8681 0.4588 -0.1893
vn 0.6786 0.6955 -0.2363
vn 0.9397 -0.2275 0.2552
vn 0.6164 0.7787 -0.1172
vn 0.8584 0.5099 -0.0561
vn 0.6618 -0.1776 0.7283
vn 0.5441 -0.3592 0.7582
vn 0.7856 -0.3610 0.5025
vn 0.7959 0.6052 0.0150
vn 0.7958 0.6053 0.0147
vn 0.7485 -0.4269 0.5074
vn 0.8361 0.0144 0.5484
vn 0.5579 0.4840 0.6741
vn 0.8101 -0.2988 0.5045
vn 0.6322 0.7745 0.0210
vn 0.4231 0.9032 0.0721
vn 0.7006 0.7089 -0.0821
vn 0.7008 0.7086 -0.0825
vn 0.9369 0.1201 0.3282
vn 0.9423 0.0100 0.3345
vn 0.9424 0.0098 0.3343
vn 0.5044 -0.7872 0.3549
vn 0.8702 0.0261 0.4921
vn 0.6359 0.1507 -0.7569
vn 0.5309 -0.5692 -0.6279
vn 0.3922 0.2059 -0.8965
vn 0.9591 0.1385 -0.2470
vn 0.8108 -0.4206 -0.4070
vn 0.9927 0.1181 0.0239
vn 0.9953 0.0941 0.0234
vn 0.4109 0.8233 -0.3915
vn 0.9678 -0.2370 -0.0846
vn 0.7886 0.2264 0.5717
vn 0.3861 0.1889 0.9029
vn 0.3547 -0.2447 0.9024
vn 0.3546 -0.2448 0.9024
vn 0.1018 0.3790 0.9198
vn -0.4750 0.2571 0.8416
vn -0.3965 0.0535 0.9165
vn 0.8178 0.0080 -0.5754
vn 0.7617 0.2921 -0.5783
vn 0.6859 0.2777 -0.6726
vn 0.6867 0.2779 -0.6717
vn 0.5083 -0.5145 0.6906
vn 0.7848 -0.0037 0.6197
vn 0.6776 0.0119 0.7353
vn 0.5417 0.8406 0.0010
vn 0.6321 0.7746 0.0209
vn 0.8223 0.1667 0.5441
vn -0.2794 0.9588 0.0522
vn 0.0040 0.9926 -0.1210
vn 0.0263 0.9095 0.4149
vn 0.8320 0.0453 0.5530
vn -0.4672 0.8025 0.3712
vn 0.1339 0.7060 0.6954
vn 0.8546 -0.0639 0.5154
vn 0.8148 -0.0019 0.5798
vn 0.0679 0.9888 -0.1332
vn -0.0158 0.9997 -0.0183
vn -0.0126 0.9997 -0.0222
vn 0.0577 0.9939 -0.0944
vn 0.3815 -0.8828 -0.2742
vn 0.3921 -0.8782 -0.2739
vn 0.1669 -0.9422 -0.2905
vn 0.3724 -0.2841 -0.8835
vn 0.2449 -0.0570 -0.9679
vn 0.5380 0.1993 -0.8190
vn 0.9838 -0.0573 -0.1699
vn 0.7145 0.0602 -0.6970
vn 0.9166 -0.3697 0.1520
vn 0.6714 -0.7386 -0.0604
vn 0.9355 0.0358 -0.3516
vn 0.9758 0.0227 -0.2175
vn 0.5401 0.1992 -0.8177
vn 0.9753 0.0229 -0.2199
vn 0.9610 -0.1077 0.2548
vn 0.4956 -0.4464 0.7451
vn -0.0147 -0.4594 0.8881
vn -0.0467 -0.9177 0.3945
vn 0.4058 -0.4173 0.8132
vn 0.3925 0.2062 -0.8963
vn -0.0995 0.3047 -0.9472
vn 0.2854 -0.0075 -0.9584
vn 0.8116 -0.4207 -0.4055
vn 0.9679 -0.2371 -0.0829
vn 0.8008 0.0248 -0.5984
vn 0.9476 -0.0374 0.3174
vn 0.5047 0.1379 0.8522
vn 0.2500 0.1539 0.9559
vn 0.7876 0.2268 0.5729
vn -0.0485 0.2129 0.9759
vn 0.0185 0.1714 0.9850
vn 0.0007 0.3297 0.9441
vn 0.1023 0.3793 0.9196
vn 0.0257 0.3400 0.9401
vn -0.5504 0.0735 0.8317
vn -0.5799 -0.1306 0.8041
vn -0.4751 0.2571 0.8416
vn -0.7102 0.1395 0.6901
vn 0.1648 0.9095 -0.3817
vn 0.2461 -0.9386 0.2419
vn 0.4520 -0.8730 0.1831
vn 0.3082 0.8581 -0.4108
vn 0.7621 0.2920 -0.5779
vn 0.4780 0.6255 -0.6166
vn 0.4469 0.7747 -0.4474
vn 0.4277 0.8655 -0.2607
vn 0.6623 -0.1775 0.7279
vn 0.4303 -0.3156 0.8457
vn 0.5446 -0.3593 0.7579
vn 0.5051 -0.1532 0.8494
vn 0.4298 -0.3159 0.8459
vn 0.6033 -0.2506 0.7571
vn 0.5613 0.0159 0.8274
vn 0.4674 -0.0026 0.8841
vn 0.5766 -0.4392 0.6889
vn 0.5842 -0.5459 0.6006
vn 0.5432 0.8300 0.1269
vn 0.4228 0.9034 0.0720
vn 0.6537 -0.5220 0.5479
vn 0.8663 -0.0545 0.4966
vn 0.8621 -0.2589 0.4357
vn 0.8760 -0.0769 0.4762
vn -0.5040 0.8634 0.0240
vn -0.5786 0.7633 0.2873
vn 0.6364 -0.7106 -0.3002
vn 0.6512 -0.7455 -0.1421
vn 0.7207 -0.6920 -0.0428
vn 0.0903 -0.3070 0.9474
vn -0.0989 0.9951 -0.0003
vn -0.0496 0.9960 -0.0739
vn 0.4082 0.8275 -0.3856
vn 0.3647 -0.8942 -0.2597
vn 0.1758 -0.9380 -0.2988
vn 0.5377 0.1994 -0.8192
vn 0.0849 0.3779 -0.9219
vn 0.1691 0.2923 -0.9413
vn -0.9703 -0.1414 0.1965
vn -0.5022 -0.4052 0.7639
vn -0.0139 -0.4601 0.8877
vn -0.9782 -0.2064 -0.0208
vn -0.9700 -0.1418 0.1976
vn -0.8321 -0.5526 0.0468
vn -0.0463 -0.9175 0.3951
vn 0.2286 0.8862 -0.4029
vn 0.3834 -0.7389 0.5541
vn -0.2277 -0.6704 0.7062
vn 0.3204 -0.7370 0.5950
vn 0.7656 0.0796 0.6384
vn -0.4967 0.0505 0.8665
vn -0.4123 0.1703 0.8950
vn -0.0606 0.1031 0.9928
vn -0.9228 -0.1655 0.3480
vn -0.6427 -0.1085 0.7584
vn -0.8269 -0.1193 0.5495
vn -0.5333 -0.3448 0.7725
vn -0.0418 0.3487 0.9363
vn 0.2137 0.9036 -0.3713
vn 0.5557 0.4920 -0.6702
vn 0.5775 0.0750 -0.8130
vn 0.2273 -0.8364 0.4987
vn 0.5079 -0.5146 0.6908
vn 0.2833 -0.6715 0.6847
vn 0.3258 0.9339 -0.1472
vn 0.5450 0.7626 0.3485
vn 0.5449 0.7625 0.3489
vn 0.6309 0.6107 0.4785
vn 0.4229 0.9032 0.0726
vn 0.5667 0.5309 0.6301
vn 0.8689 -0.0745 0.4894
vn 0.8702 -0.0669 0.4881
vn 0.8953 0.1295 0.4262
vn 0.7768 0.4294 0.4606
vn 0.5297 -0.8042 -0.2696
vn 0.6536 -0.6797 -0.3328
vn 0.9169 -0.1955 0.3479
vn 0.7796 -0.5066 0.3682
vn -0.6764 0.5093 0.5321
vn -0.7052 0.3036 0.6407
vn -0.6883 0.4785 0.5453
vn -0.1996 0.9778 -0.0634
vn -0.0737 0.9972 -0.0145
vn 0.2659 0.9025 -0.3388
vn 0.4137 0.8446 -0.3398
vn 0.2405 0.9037 -0.3542
vn 0.4701 0.8231 -0.3187
vn 0.4118 0.8404 -0.3524
vn 0.2231 0.8922 -0.3927
vn -0.9986 -0.0281 0.0451
vn -0.9478 -0.1963 0.2512
vn -0.5045 -0.4047 0.7627
vn -0.9476 -0.1968 0.2517
vn -0.9898 -0.0076 -0.1425
vn -0.9511 -0.1759 0.2539
vn -0.9232 0.0725 0.3774
vn 0.6551 -0.2879 0.6985
vn 0.7041 -0.3267 0.6305
vn 0.4774 -0.2359 0.8464
vn -0.7713 0.3824 0.5089
vn 0.1566 0.3964 0.9046
vn 0.0267 0.3400 0.9400
vn 0.6426 0.1371 0.7538
vn 0.6441 0.0746 0.7613
vn 0.3176 0.3145 0.8945
vn 0.3175 0.3139 0.8948
vn -0.8547 0.0469 0.5169
vn 0.8365 0.0256 0.5474
vn 0.8528 0.1262 0.5067
vn 0.9360 -0.1265 0.3284
vn 0.3317 -0.8930 0.3043
vn 0.3598 -0.8926 0.2718
vn 0.3315 -0.8929 0.3046
vn 0.9712 -0.1349 -0.1964
vn 0.9263 0.0118 0.3766
vn 0.3118 0.6449 -0.6978
vn 0.2213 -0.8990 0.3779
vn 0.2241 -0.7841 0.5788
vn 0.1975 0.8776 -0.4368
vn 0.1937 0.9429 -0.2708
vn 0.2735 -0.5013 0.8209
vn 0.5441 -0.3590 0.7583
vn 0.4302 -0.3159 0.8457
vn 0.2754 -0.1892 0.9425
vn 0.2537 0.9668 -0.0288
vn 0.3328 -0.0291 0.9425
vn 0.2281 0.0024 0.9736
vn 0.3230 -0.3766 0.8682
vn 0.3138 -0.6013 0.7349
vn 0.3368 0.9044 0.2621
vn 0.3209 0.8148 0.4829
vn 0.5672 0.5317 0.6290
vn 0.6713 0.3307 0.6633
vn 0.7198 0.1385 0.6802
vn 0.8649 -0.0089 0.5019
vn 0.8669 0.3189 0.3831
vn 0.8906 0.3755 0.2567
vn -0.3900 0.9205 -0.0262
vn 0.3975 0.7206 -0.5681
vn -0.9608 0.1783 -0.2123
vn -0.9271 0.2342 -0.2926
vn -0.9394 0.3317 -0.0871
vn 0.7894 -0.3217 0.5229
vn 0.7550 -0.3701 0.5412
vn 0.7549 -0.3684 0.5426
vn 0.6729 -0.4595 0.5796
vn 0.7042 -0.3254 0.6311
vn 0.0306 0.3842 0.9227
vn 0.8275 -0.3888 -0.4051
vn 0.7378 -0.4777 -0.4769
vn 0.8275 -0.3883 -0.4055
vn 0.9269 0.0113 0.3752
vn 0.2621 -0.9618 -0.0787
vn 0.3452 0.2022 0.9165
vn 0.1944 -0.9349 0.2970
vn 0.0937 -0.9599 0.2643
vn 0.1193 0.0717 0.9903
vn 0.1596 0.8847 -0.4380
vn 0.2503 0.7636 -0.5953
vn 0.2397 -0.3559 0.9033
vn 0.2396 -0.3567 0.9030
vn 0.2524 0.9590 0.1291
vn 0.6537 -0.5225 0.5474
vn 0.4869 -0.7112 0.5072
vn 0.5845 -0.5459 0.6003
vn 0.3203 0.8146 0.4835
vn 0.3289 0.6031 0.7267
vn 0.4868 0.3486 0.8009
vn 0.5614 0.2178 0.7983
vn 0.7795 -0.5069 0.3679
vn 0.8432 -0.5172 0.1468
vn 0.8431 -0.5173 0.1466
vn 0.9884 -0.0430 0.1454
vn 0.8390 0.5234 0.1486
vn -0.4869 0.8727 -0.0380
vn 0.4164 0.7790 -0.4689
vn -0.7941 0.4793 0.3738
vn -0.9630 0.2627 -0.0602
vn -0.8660 0.2815 0.4134
vn 0.3344 -0.9305 -0.1494
vn -0.4380 -0.8978 -0.0457
vn 0.0104 0.3085 0.9512
vn 0.3453 0.2022 0.9165
vn -0.0749 0.1807 0.9807
vn -0.1269 -0.9858 0.1101
vn -0.1931 0.0704 0.9786
vn 0.1195 0.0716 0.9903
vn -0.3815 -0.1515 0.9119
vn 0.0291 -0.3889 0.9208
vn 0.7538 0.0945 0.6503
vn 0.8668 0.3184 0.3837
vn 0.6389 0.7615 0.1096
vn 0.8396 0.5223 0.1492
vn 0.7172 0.6933 0.0702
vn 0.9107 -0.4101 0.0499
vn 0.9958 0.0360 0.0837
vn 0.8974 0.4289 0.1032
vn -0.4678 0.8792 -0.0899
vn 0.0182 0.9995 -0.0269
vn -0.0103 0.9854 -0.1697
vn 0.0006 0.9374 -0.3483
vn -0.8949 0.2148 0.3913
vn -0.9948 0.1015 0.0069
vn -0.9164 0.1814 0.3567
vn -0.9939 0.0324 0.1050
vn -0.0062 0.7767 -0.6299
vn 0.0101 -0.8102 0.5860
vn -0.0030 -0.8676 0.4972
vn 0.0170 0.9509 -0.3089
vn -0.0101 0.9890 -0.1477
vn 0.2751 -0.1888 0.9427
vn 0.3232 -0.3764 0.8682
vn -0.0031 -0.0529 0.9986
vn 0.3333 -0.0290 0.9424
vn -0.0033 -0.0531 0.9986
vn 0.0316 -0.1745 0.9842
vn 0.0140 0.9525 0.3041
vn 0.3206 0.8148 0.4830
vn -0.0205 0.7822 0.6227
vn 0.3291 0.6032 0.7266
vn 0.0522 0.4909 0.8696
vn 0.0525 0.4912 0.8695
vn 0.6385 0.7618 0.1092
vn 0.4602 0.8863 0.0523
vn 0.7169 0.6937 0.0699
vn 0.9103 -0.4109 0.0495
vn 0.6435 -0.7590 -0.0994
vn 0.5041 -0.8636 0.0029
vn 0.7167 0.6939 0.0696
vn 0.9636 -0.2674 -0.0035
vn 0.8992 0.4203 0.1219
vn 0.6433 -0.7591 -0.0995
vn 0.9900 0.1024 0.0966
vn 0.9912 -0.0962 0.0914
vn 0.8721 -0.4842 -0.0704
vn 0.8759 0.3434 0.3390
vn 0.8623 0.0867 0.4989
vn 0.8980 -0.2710 0.3465
vn 0.9911 -0.0962 0.0917
vn 0.8983 -0.2707 0.3461
vn 0.8722 -0.4841 -0.0704
vn 0.5386 0.1865 0.8217
vn 0.6164 -0.1419 0.7746
vn -0.0759 0.9863 -0.1463
vn -0.1730 0.9053 -0.3879
vn -0.0053 0.9568 -0.2908
vn -0.0041 0.9217 -0.3879
vn 0.0019 0.9156 -0.4020
vn 0.0019 0.9211 -0.3893
vn -0.0077 0.8585 -0.5127
vn 0.0449 0.1849 -0.9817
vn 0.2924 0.2021 -0.9347
vn 0.3024 0.1889 -0.9343
vn -0.0355 0.8960 -0.4426
vn 0.0158 -0.5946 0.8039
vn -0.0218 0.9985 0.0499
vn 0.0313 -0.1738 0.9843
vn 0.0033 -0.4416 0.8972
vn 0.0329 0.0023 0.9995
vn 0.0031 -0.4424 0.8968
vn -0.0113 -0.6150 0.7884
vn -0.0157 -0.7591 0.6507
vn -0.0113 -0.6156 0.7880
vn 0.3140 -0.6015 0.7346
vn 0.0138 0.9526 0.3039
vn 0.3587 0.3078 0.8812
vn 0.4069 0.9131 0.0272
vn 0.4015 -0.8957 -0.1909
vn 0.0215 -0.9932 -0.1148
vn -0.0892 0.9941 0.0617
vn 0.6552 0.7434 0.1346
vn 0.6552 0.7434 0.1348
vn 0.5188 -0.8266 -0.2179
vn 0.8719 -0.4846 -0.0708
vn 0.6259 0.6833 0.3759
vn 0.7301 -0.6754 -0.1040
vn 0.5457 0.5229 0.6548
vn 0.8980 -0.2713 0.3464
vn -0.1675 0.3064 0.9370
vn 0.0232 -0.4896 0.8716
vn 0.0212 -0.4877 0.8727
vn 0.0395 0.9992 0.0027
vn 0.0525 0.4913 0.8694
vn -0.3430 0.3089 0.8871
vn 0.3588 0.3080 0.8811
vn -0.2759 0.9601 0.0452
vn -0.4864 0.8730 0.0365
vn -0.5645 0.7804 0.2689
vn 0.6257 0.6834 0.3761
vn 0.5386 -0.8101 -0.2317
vn -0.2320 -0.0786 0.9695
vn 0.9686 -0.1636 -0.1871
vn 0.9288 -0.3321 -0.1646
vn 0.9270 -0.3345 -0.1697
vn 0.9112 0.3873 -0.1403
vn 0.3728 0.9255 -0.0669
vn 0.1110 0.9918 -0.0641
vn 0.3561 -0.9113 -0.2068
vn -0.3044 -0.9463 -0.1088
vn 0.0331 -0.9840 -0.1750
vn -0.1127 0.9854 -0.1280
vn -0.3657 0.7765 -0.5131
vn -0.2666 0.9029 -0.3372
vn -0.1880 0.8994 -0.3947
vn -0.2014 0.8929 -0.4027
vn -0.2530 0.9240 -0.2868
vn -0.2230 -0.5258 0.8209
vn -0.2527 -0.6964 0.6716
vn 0.0286 -0.7438 0.6678
vn -0.2672 0.9634 0.0194
vn -0.2407 -0.0307 0.9701
vn -0.2495 -0.2523 0.9349
vn 0.0315 -0.1742 0.9842
vn 0.0291 -0.3891 0.9207
vn 0.0031 -0.4417 0.8972
vn -0.3536 -0.3539 0.8658
vn -0.0032 -0.0529 0.9986
vn 0.0325 0.0020 0.9995
vn -0.0217 0.9985 0.0498
vn -0.3090 0.9256 0.2184
vn -0.3185 0.8285 0.4607
vn -0.3690 0.6173 0.6948
vn 0.0518 0.4915 0.8693
vn -0.4645 0.3414 0.8172
vn -0.3424 0.3085 0.8875
vn -0.0891 0.9941 0.0617
vn -0.7965 0.6005 0.0703
vn -0.5644 0.7806 0.2685
vn -0.2314 -0.0786 0.9697
vn -0.7632 -0.0411 0.6449
vn 0.0196 -0.4876 0.8729
vn 0.9796 0.1131 -0.1660
vn 0.9845 -0.0321 -0.1723
vn 0.3428 0.9394 -0.0005
vn 0.1067 0.9942 -0.0130
vn -0.3664 0.7748 -0.5152
vn -0.4012 0.8395 -0.3663
vn -0.1731 0.9050 -0.3885
vn -0.2245 0.9077 -0.3545
vn -0.2601 0.8773 -0.4033
vn -0.1800 0.8969 -0.4040
vn -0.1745 0.9101 -0.3760
vn -0.3219 0.6912 -0.6470
vn -0.0250 0.5796 -0.8145
vn -0.2929 0.7321 -0.6150
vn -0.3093 0.8232 -0.4761
vn -0.2859 0.9495 -0.1289
vn -0.2351 -0.3945 0.8883
vn -0.2229 -0.5258 0.8209
vn -0.3193 -0.0259 0.9473
vn -0.3154 -0.5616 0.7649
vn -0.0113 -0.6152 0.7883
vn -0.0157 -0.7590 0.6509
vn -0.3994 -0.6632 0.6330
vn -0.2674 0.9634 0.0196
vn -0.3685 0.6172 0.6952
vn -0.6655 0.1570 0.7297
vn -0.7214 0.1240 0.6813
vn -0.5983 0.7967 0.0850
vn -0.7485 0.6591 0.0729
vn 0.9826 0.1349 -0.1274
vn 0.1113 0.9931 -0.0378
vn 0.0946 0.9939 -0.0572
vn -0.2664 0.9028 -0.3375
vn 0.8746 0.0140 -0.4846
vn 0.6116 0.1212 -0.7818
vn 0.9929 0.0268 -0.1157
vn 0.9304 0.2310 -0.2847
vn 0.9967 0.0680 -0.0451
vn 0.9999 -0.0113 -0.0043
vn 0.2742 -0.9615 -0.0161
vn 0.2732 -0.9618 -0.0156
vn -0.2398 -0.9660 -0.0969
vn -0.1030 -0.9937 -0.0440
vn 0.9591 0.2825 0.0175
vn 0.9917 0.1159 0.0548
vn 0.8978 0.2882 0.3330
vn 0.9955 -0.0859 0.0390
vn 0.5787 0.2468 0.7773
vn 0.5778 0.2472 0.7778
vn -0.2701 0.3611 0.8925
vn -0.2961 0.3315 0.8958
vn 0.9575 0.0529 0.2835
vn 0.9956 -0.0849 0.0407
vn 0.2570 -0.9662 0.0194
vn -0.0782 0.0677 0.9946
vn 0.7053 -0.0084 0.7089
vn 0.7019 -0.0080 0.7122
vn -0.4758 -0.8786 0.0407
vn -0.7871 -0.6033 0.1285
vn -0.4863 -0.7796 0.3947
vn -0.7644 0.5780 0.2858
vn -0.7890 0.5966 0.1468
vn -0.4009 0.8398 -0.3660
vn 0.4385 0.1392 -0.8879
vn 0.7581 0.2059 -0.6187
vn 0.9541 0.2929 -0.0625
vn 0.5952 0.5293 0.6046
vn -0.8323 -0.3238 0.4499
vn -0.7536 -0.5122 0.4120
vn -0.7676 -0.4918 0.4110
vn 0.8967 0.3339 0.2907
vn 0.5948 0.5284 0.6058
vn -0.0624 0.2991 0.9522
vn -0.2532 0.3952 0.8830
vn 0.1805 0.2455 0.9524
vn -0.3192 -0.3343 0.8868
vn -0.2999 0.5913 -0.7487
vn -0.4890 0.6047 -0.6286
vn -0.2928 0.7318 -0.6154
vn -0.4455 -0.3377 0.8291
vn -0.4643 -0.5251 0.7132
vn -0.2862 0.9495 -0.1287
vn -0.5543 0.8323 0.0025
vn -0.4883 0.0264 0.8723
vn -0.4927 -0.1609 0.8552
vn -0.4914 0.8600 0.1377
vn -0.5740 -0.5967 0.5608
vn -0.6160 -0.4844 0.6212
vn -0.5258 0.7909 0.3131
vn -0.5138 0.6689 0.5371
vn -0.9789 0.1393 0.1496
vn 0.0453 0.9988 -0.0165
vn 0.1199 0.9927 0.0107
vn -0.3904 0.8531 -0.3461
vn -0.2245 0.9078 -0.3543
vn -0.3748 0.8624 -0.3402
vn -0.3870 0.8490 -0.3599
vn -0.1880 0.8994 -0.3946
vn -0.2600 0.8773 -0.4034
vn 0.6873 -0.0216 -0.7261
vn 0.8536 -0.2174 -0.4734
vn 0.4045 -0.5396 -0.7384
vn 0.6749 0.0658 -0.7350
vn 0.9940 0.0384 -0.1023
vn 0.9963 -0.0387 0.0762
vn 0.9468 -0.0057 -0.3218
vn 0.7400 -0.4974 -0.4528
vn 0.9875 0.0845 -0.1330
vn 0.9787 -0.0457 0.2004
vn 0.8608 -0.1246 0.4935
vn 0.9681 -0.2175 -0.1247
vn 0.9165 -0.3487 -0.1962
vn 0.8505 -0.3991 -0.3425
vn 0.9022 0.2057 -0.3791
vn 0.9983 -0.0542 -0.0208
vn 0.9776 -0.2094 0.0224
vn 0.9212 -0.3291 0.2074
vn 0.7620 0.2986 -0.5746
vn 0.9611 0.1042 -0.2558
vn 0.9991 -0.0420 -0.0029
vn 0.8823 -0.2143 0.4190
vn 0.9992 -0.0409 -0.0024
vn 0.7443 0.0076 0.6678
vn 0.9733 0.0616 0.2213
vn 0.2318 -0.3614 0.9031
vn 0.2310 -0.3610 0.9035
vn -0.6954 -0.2653 0.6679
vn 0.4139 -0.2314 0.8804
vn -0.2051 -0.1989 0.9583
vn 0.7176 0.2282 0.6580
vn -0.6475 -0.3627 0.6702
vn 0.5028 -0.3175 0.8040
vn 0.4147 -0.2305 0.8803
vn 0.0877 0.2401 0.9668
vn -0.3953 0.2505 0.8837
vn -0.7031 0.0932 0.7050
vn -0.7127 0.1752 0.6792
vn -0.7121 0.1756 0.6798
vn -0.7019 0.0932 0.7061
vn -0.9414 0.0399 0.3348
vn -0.3408 0.8768 -0.3392
vn -0.2530 0.9241 -0.2866
vn -0.5372 0.8300 -0.1500
vn -0.2528 -0.6964 0.6716
vn -0.6195 -0.2588 0.7411
vn -0.5284 -0.0066 0.8490
vn -0.5130 0.6687 0.5382
vn -0.5536 0.4158 0.7215
vn -0.8605 -0.0188 0.5090
vn -0.8428 -0.1731 0.5097
vn -0.8786 -0.0613 0.4736
vn -0.6245 0.2079 0.7528
vn -0.6642 -0.0389 0.7465
vn -0.7758 0.3449 0.5284
vn -0.9043 0.1667 0.3929
vn 0.0147 0.9998 -0.0104
vn 0.0776 0.9952 -0.0603
vn 0.0905 0.9958 0.0153
vn 0.2726 -0.9596 -0.0702
vn 0.0878 -0.9882 -0.1256
vn 0.1282 -0.9834 -0.1286
vn -0.3864 0.8287 -0.4050
vn 0.7174 -0.2177 0.6618
vn 0.7176 -0.2171 0.6618
vn 0.3092 -0.4483 0.8387
vn 0.8614 -0.1250 0.4923
vn 0.9963 -0.0390 0.0770
vn 0.9808 -0.1881 0.0517
vn 0.9394 0.0972 -0.3289
vn 0.3621 0.2186 -0.9061
vn 0.9723 -0.1046 -0.2093
vn 0.3491 0.0073 -0.9371
vn 0.9405 0.0029 -0.3397
vn 0.2932 0.1248 0.9479
vn 0.6473 -0.2099 0.7327
vn 0.6439 -0.2373 0.7274
vn 0.8065 -0.1983 0.5570
vn 0.5217 -0.2946 0.8006
vn 0.5214 -0.2956 0.8005
vn -0.3382 -0.3865 0.8580
vn 0.2314 -0.3611 0.9034
vn 0.2932 0.1250 0.9479
vn 0.7172 0.2275 0.6587
vn 0.2219 0.2622 0.9391
vn -0.2163 0.0425 0.9754
vn -0.2738 0.8543 -0.4417
vn -0.1799 0.8969 -0.4040
vn -0.1433 0.0772 0.9867
vn -0.5341 0.7216 -0.4405
vn -0.6021 0.4631 -0.6504
vn -0.3091 0.8231 -0.4765
vn -0.5170 0.7996 -0.3055
vn -0.4980 -0.6429 0.5820
vn -0.6122 0.7044 0.3592
vn -0.5778 0.5775 0.5767
vn -0.5536 0.4152 0.7219
vn -0.8557 -0.0749 0.5121
vn -0.5345 0.7292 0.4272
vn -0.5544 0.4165 0.7205
vn -0.5782 0.5785 0.5754
vn -0.6251 0.2082 0.7522
vn -0.4172 0.8617 -0.2888
vn -0.5138 0.8037 -0.3001
vn -0.5053 0.8008 -0.3215
vn 0.6423 -0.4226 0.6395
vn 0.2740 -0.4905 0.8272
vn 0.9810 -0.1872 0.0515
vn 0.9808 -0.1887 0.0502
vn 0.3485 0.0075 -0.9373
vn 0.6490 -0.1655 -0.7426
vn 0.4751 -0.2294 -0.8495
vn -0.7467 -0.2461 0.6180
vn -0.6392 0.0907 0.7637
vn -0.4332 0.0973 0.8960
vn 0.0786 0.1612 0.9838
vn -0.3915 0.1853 0.9013
vn -0.1680 0.0437 0.9848
vn -0.5494 -0.5006 0.6690
vn -0.4548 0.2082 0.8660
vn -0.1723 0.3695 0.9131
vn 0.6021 -0.3118 0.7350
vn -0.4128 0.3821 0.8268
vn 0.5883 0.2001 0.7835
vn 0.6747 0.0646 0.7353
vn 0.9798 -0.1928 -0.0535
vn 0.9077 -0.0085 0.4194
vn 0.9439 -0.3092 0.1163
vn 0.8698 -0.3601 -0.3373
vn 0.5871 0.1996 0.7845
vn 0.8135 0.1005 0.5729
vn 0.9088 -0.0081 0.4170
vn 0.6361 0.0126 0.7715
vn 0.5264 -0.4541 0.7188
vn -0.0624 0.9020 -0.4272
vn -0.2769 -0.8814 0.3827
vn -0.5326 -0.8097 0.2463
vn -0.2923 -0.9112 0.2902
vn -0.6608 -0.2667 0.7016
vn -0.7280 0.0047 0.6855
vn -0.6898 -0.0235 0.7236
vn -0.8116 -0.3511 0.4669
vn -0.6956 0.7171 0.0446
vn -0.8114 0.1080 0.5744
vn -0.8504 -0.2567 0.4592
vn -0.6990 -0.4720 0.5373
vn -0.7509 -0.5325 0.3906
vn 0.5435 0.7716 0.3307
vn 0.6685 0.4405 0.5993
vn 0.5512 0.7735 0.3127
vn 0.6542 0.4671 0.5948
vn -0.4407 0.1515 0.8848
vn -0.5246 0.4104 0.7458
vn -0.6374 0.1714 0.7512
vn 0.6504 0.1512 0.7444
vn -0.4055 0.0573 0.9123
vn 0.6625 0.1682 0.7299
vn -0.5622 0.7613 -0.3230
vn -0.5283 0.7592 -0.3802
vn 0.8391 -0.4829 0.2504
vn -0.6680 -0.0186 0.7439
vn -0.9427 0.1924 0.2726
vn -0.1739 0.3702 0.9125
vn -0.9767 0.1844 0.1099
vn -0.4133 0.3822 0.8265
vn 0.8702 -0.3588 -0.3375
vn 0.9440 -0.3092 0.1154
vn 0.1989 -0.9800 -0.0040
vn 0.3830 0.2102 0.8995
vn -0.0028 -0.9948 0.1022
vn 0.8143 0.1007 0.5716
vn 0.6368 0.0122 0.7710
vn -0.6415 0.1906 0.7430
vn 0.1405 0.0233 0.9898
vn 0.5262 -0.4554 0.7182
vn -0.2077 0.9124 -0.3526
vn -0.3854 -0.8992 0.2072
vn -0.3745 -0.7892 0.4868
vn -0.4978 -0.6428 0.5823
vn -0.5457 -0.6940 0.4697
vn -0.6287 -0.4559 0.6301
vn -0.7914 0.5857 -0.1751
vn -0.7843 0.6202 -0.0127
vn -0.9278 -0.1798 0.3269
vn 0.1935 0.9808 0.0224
vn 0.1681 0.9844 -0.0509
vn 0.2082 0.9779 -0.0215
vn 0.3887 0.9177 0.0820
vn 0.2086 0.9778 -0.0201
vn -0.5568 0.6820 0.4742
vn -0.7874 0.3368 0.5163
vn -0.2911 0.9549 -0.0587
vn 0.2070 0.9770 0.0509
vn 0.1324 0.9902 0.0449
vn -0.8513 0.2654 -0.4526
vn -0.9200 0.0681 -0.3859
vn -0.8349 0.5236 -0.1696
vn 0.9599 -0.2694 -0.0779
vn 0.9283 -0.3678 0.0541
vn 0.8564 -0.4718 0.2098
vn -0.0415 -0.8276 0.5597
vn -0.0066 -0.9757 0.2192
vn 0.0258 -0.9455 0.3247
vn -0.2955 0.8209 -0.4886
vn -0.3967 -0.8109 0.4303
vn -0.0628 -0.9876 0.1438
vn -0.2739 0.8545 -0.4414
vn 0.0419 0.8683 -0.4943
vn 0.3478 0.8676 -0.3555
vn 0.1066 0.9473 -0.3021
vn -0.2412 0.9106 -0.3356
vn 0.2241 0.9595 -0.1709
vn -0.4084 0.9090 -0.0828
vn -0.7653 0.5640 -0.3101
vn -0.5146 0.3839 -0.7667
vn -0.7483 0.1749 -0.6398
vn -0.7418 0.4035 -0.5357
vn -0.7846 0.6199 -0.0126
vn -0.8870 0.4615 0.0179
vn -0.6956 0.7170 0.0452
vn -0.8455 -0.1959 0.4968
vn -0.5219 -0.6945 0.4953
vn -0.9049 0.0747 0.4190
vn -0.8406 0.1502 0.5204
vn 0.5331 0.8377 0.1184
vn -0.0593 0.9910 -0.1201
vn 0.1573 0.9857 -0.0602
vn 0.2039 0.9790 0.0082
vn -0.6288 0.7484 -0.2111
vn -0.6210 0.7294 -0.2870
vn -0.6486 0.6932 -0.3143
vn 0.0899 0.0927 -0.9916
vn 0.1917 -0.0078 -0.9814
vn 0.3415 -0.0563 -0.9382
vn -0.9512 0.2991 -0.0756
vn -0.9163 0.2200 0.3346
vn -0.9784 0.1854 0.0913
vn -0.7666 0.0572 0.6396
vn -0.8274 0.0701 0.5572
vn -0.5404 0.0458 0.8402
vn -0.9524 0.1931 0.2358
vn -0.7676 0.4042 0.4974
vn -0.2957 0.8214 -0.4877
vn -0.7655 0.5640 -0.3097
vn -0.4086 0.9090 -0.0824
vn -0.7955 0.5936 0.1222
vn -0.9677 0.2214 -0.1206
vn -0.8214 -0.0636 0.5669
vn -0.7762 -0.2459 0.5806
vn -0.9045 0.4243 -0.0423
vn -0.9974 0.0722 0.0032
vn -0.9319 -0.2867 0.2220
vn -0.6002 0.7969 -0.0683
vn -0.7486 0.6605 -0.0579
vn 0.2061 0.9759 -0.0720
vn 0.0030 0.9991 0.0412
vn -0.9971 0.0661 -0.0374
vn -0.9864 -0.0835 -0.1418
vn -0.6036 0.6720 -0.4290
vn -0.3154 0.7103 -0.6293
vn -0.3150 0.7110 -0.6287
vn 0.2241 0.7952 -0.5635
vn -0.4482 0.6100 0.6534
vn -0.8593 -0.1982 0.4716
vn -0.7309 -0.4147 0.5421
vn -0.6289 0.7482 -0.2113
vn -0.7581 0.6125 -0.2237
vn 0.2012 0.6520 -0.7310
vn 0.0415 0.8679 -0.4950
vn 0.4935 0.7320 -0.4697
vn -0.0623 0.9020 -0.4273
vn 0.5744 0.7076 -0.4117
vn 0.3479 0.8677 -0.3551
vn 0.3738 0.8968 0.2366
vn 0.3734 0.8969 0.2367
vn 0.2018 0.9005 0.3851
vn -0.4086 0.9090 -0.0825
vn -0.9104 -0.0005 0.4138
vn -0.9128 0.3866 -0.1320
vn -0.9741 0.1903 -0.1220
vn -0.9831 0.1754 0.0533
vn 0.7184 0.4491 -0.5312
vn 0.7619 0.3214 -0.5624
vn 0.3723 0.9035 -0.2124
vn 0.0833 0.9881 0.1290
vn -0.7235 0.6338 -0.2736
vn -0.7819 0.5438 -0.3049
vn -0.7940 0.4883 -0.3620
vn -0.5418 0.4849 -0.6866
vn 0.6989 0.6607 -0.2737
vn 0.6570 0.7282 -0.1952
vn 0.1064 0.9472 -0.3024
vn 0.2241 0.9595 -0.1708
vn 0.6162 0.7745 0.1434
vn 0.3738 0.8970 0.2360
vn 0.0733 0.6354 0.7687
vn -0.8884 0.2941 0.3526
vn -0.8554 0.1816 0.4850
vn -0.8995 0.1378 0.4146
vn 0.6268 0.2983 -0.7198
vn 0.0835 0.9881 0.1293
vn -0.4169 0.8723 0.2557
vn 0.0035 0.9991 0.0417
vn -0.4171 0.8722 0.2557
vn -0.6289 0.7486 -0.2100
vn -0.9952 -0.0759 -0.0620
vn -0.9004 0.4034 -0.1627
vn -0.8868 0.4106 -0.2121
vn 0.2014 0.6520 -0.7310
vn 0.5349 0.6061 -0.5886
vn 0.2243 0.7951 -0.5635
vn 0.6856 0.7252 -0.0640
vn 0.6161 0.7744 0.1438
vn 0.3954 0.6547 0.6442
vn -0.4956 0.1683 0.8521
vn -0.4482 0.6097 0.6538
vn -0.6889 0.5220 0.5029
vn -0.6886 0.5229 0.5024
vn -0.4956 0.1691 0.8519
vn -0.2150 -0.9593 -0.1830
vn -0.1663 -0.9850 -0.0452
vn -0.1683 -0.9756 -0.1412
vn 0.0388 -0.9109 -0.4108
vn 0.1894 0.9792 -0.0733
vn 0.1910 0.9795 0.0643
vn -0.2773 0.2907 -0.9157
vn 0.2220 0.4608 -0.8593
vn 0.2011 0.6525 -0.7306
vn 0.6352 0.6162 -0.4657
vn 0.6880 0.6083 -0.3957
vn 0.7052 0.7076 0.0442
vn -0.1512 0.2108 0.9658
vn 0.2488 0.9652 -0.0804
vn 0.1910 0.9795 0.0642
vn -0.2278 0.9324 0.2807
vn -0.4404 0.8323 0.3366
vn 0.4368 0.4843 -0.7581
vn 0.6297 0.7159 0.3016
vn 0.1599 0.9291 -0.3335
vn 0.2177 0.9700 -0.1085
vn 0.2443 0.9697 0.0009
vn -0.4148 0.8384 0.3535
vn -0.9249 0.2830 -0.2541
vn -0.9692 0.0029 -0.2463
vn -0.9335 0.2355 -0.2703
vn 0.7335 0.6683 -0.1239
vn 0.6297 0.7156 0.3023
vn 0.4322 0.6218 0.6531
vn 0.2265 0.4326 0.8727
vn -0.1509 0.2103 0.9659
vn -0.6165 -0.1967 0.7624
vn -0.4956 0.1680 0.8522
vn -0.6159 -0.1963 0.7630
vn -0.8238 -0.1605 0.5436
vn 0.0510 0.9758 -0.2125
vn -0.2595 0.9202 0.2932
vn 0.6735 0.5725 -0.4677
vn 0.7089 0.6071 -0.3590
vn -0.9278 -0.1990 0.3154
vn -0.9844 0.0140 0.1756
vn -0.9595 0.0080 0.2817
vn -0.4960 -0.2254 0.8386
vn 0.1462 0.9866 -0.0717
vn -0.0624 0.9777 0.2003
vn -0.4898 0.7825 0.3844
vn 0.5589 0.4743 -0.6803
vn 0.6212 0.5460 -0.5621
vn 0.7070 0.6906 0.1524
vn -0.5867 -0.3476 0.7314
vn -0.7147 -0.3684 0.5945
vn -0.0623 0.9777 0.2004
vn -0.3694 0.8616 0.3482
vn 0.4340 0.3241 -0.8406
vn 0.5623 0.6600 0.4983
vn 0.5624 0.6596 0.4986
vn 0.4317 0.6214 0.6539
vn 0.6294 0.7157 0.3026
vn -0.2085 0.9402 -0.2695
vn -0.0458 0.9749 0.2181
vn -0.3214 0.8831 0.3418
vn 0.7495 0.6213 -0.2283
vn 0.7687 0.6386 -0.0355
vn 0.4100 0.5652 0.7158
vn 0.3327 0.9312 -0.1489
vn 0.4105 0.5664 0.7146
vn -0.4809 -0.2563 0.8385
vn 0.0040 0.9641 -0.2654
vn 0.2625 0.9645 -0.0275
vn -0.0460 0.9747 0.2187
vn 0.6844 0.5533 -0.4748
vn 0.7436 0.5604 -0.3648
vn 0.4539 0.5731 0.6823
vn -0.6102 -0.4104 0.6777
vn 0.2774 0.9026 -0.3293
vn -0.3626 0.8390 0.4057
vn 0.6481 0.4891 -0.5838
vn -0.6781 -0.6867 0.2619
vn -0.6713 -0.6720 0.3128
vn -0.6388 -0.7389 0.2144
vn -0.5278 -0.3406 0.7781
vn 0.7264 0.4767 -0.4951
vn 0.7935 0.4995 -0.3476
vn 0.7072 0.6905 0.1519
vn 0.5956 0.6351 0.4918
vn 0.5628 0.6600 0.4977
vn 0.5954 0.6356 0.4915
vn 0.1363 0.8259 -0.5471
vn 0.6543 0.5066 -0.5615
vn 0.8197 0.5490 -0.1634
vn 0.7439 0.6217 0.2453
vn -0.7123 -0.5575 0.4265
vn -0.7961 -0.5635 0.2206
vn -0.7640 -0.5094 0.3960
vn 0.2442 0.9554 -0.1662
vn -0.0261 0.9816 0.1889
vn -0.2565 0.8683 0.4246
vn -0.0260 0.9816 0.1892
vn 0.8183 0.5718 0.0591
vn -0.3511 -0.1409 0.9257
vn 0.7438 0.6212 0.2467
vn 0.8344 0.5435 -0.0917
vn 0.4315 0.4956 0.7538
vn -0.1814 0.9822 0.0494
vn -0.1349 0.9835 0.1208
vn -0.6142 -0.7724 0.1620
vn -0.6600 -0.6829 0.3131
vn -0.7462 -0.6337 0.2038
vn 0.7886 0.5283 -0.3148
vn 0.7908 0.5263 0.3125
vn 0.7906 0.5262 0.3132
vn 0.6219 0.5263 0.5799
vn 0.6221 0.5265 0.5795
vn 0.6710 0.5449 -0.5028
vn 0.6082 0.6441 -0.4638
vn 0.6278 0.5171 -0.5818
vn 0.7121 0.4635 -0.5274
vn 0.8322 0.5480 0.0848
vn 0.7290 0.4454 0.5198
vn 0.4566 0.3295 0.8264
vn -0.4277 -0.3046 0.8510
vn 0.6757 0.5768 -0.4589
vn 0.7225 0.4452 -0.5289
vn 0.7604 0.2531 -0.5981
vn -0.5722 -0.7309 0.3720
vn -0.6376 -0.6756 0.3701
vn 0.6635 0.4493 -0.5982
vn 0.7890 0.5980 -0.1411
vn 0.7290 0.4456 0.5196
vn -0.4275 -0.3050 0.8510
vn -0.5812 -0.5231 0.6234
vn -0.5275 -0.3415 0.7779
vn -0.6500 -0.5399 0.5347
vn 0.5247 0.6366 -0.5652
vn 0.7129 0.6227 -0.3226
vn 0.7588 0.6513 0.0051
vn -0.6769 -0.6555 0.3349
vn 0.5884 0.4549 -0.6685
vn 0.5789 0.4617 -0.6721
vn 0.8039 0.5263 0.2771
vn 0.4950 0.2552 0.8306
vn -0.2963 -0.2927 0.9092
vn -0.4252 -0.4294 0.7968
vn 0.7044 0.2023 -0.6804
vn 0.4964 0.7752 -0.3908
vn 0.6575 -0.3859 -0.6471
vn 0.5156 0.7412 -0.4300
vn 0.6002 0.5257 -0.6028
vn 0.6530 0.5720 -0.4964
vn 0.7044 0.6858 -0.1829
vn 0.8037 0.5265 0.2772
vn 0.7325 0.3397 0.5900
vn 0.7321 0.3395 0.5906
vn -0.5776 -0.6215 0.5293
vn 0.4840 0.5099 -0.7112
vn -0.2929 -0.3947 0.8708
vn 0.3663 0.1036 0.9247
vn -0.2933 -0.3952 0.8705
vn -0.2967 -0.2925 0.9091
vn 0.4988 0.6103 -0.6155
vn 0.3820 0.7755 -0.5027
vn 0.5192 0.5310 -0.6697
vn 0.6375 0.6781 -0.3659
vn 0.7187 0.5827 0.3794
vn 0.5372 0.1300 0.8334
vn 0.2818 0.8681 -0.4085
vn 0.6490 0.7448 0.1548
vn 0.7586 0.6515 0.0051
vn 0.4459 0.1647 0.8798
vn 0.0645 -0.1829 0.9810
vn 0.6540 0.7552 -0.0447
vn 0.6541 0.7551 -0.0444
vn -0.2787 -0.4399 0.8537
vn -0.4983 -0.5815 0.6431
vn 0.7189 0.5831 0.3783
vn -0.2788 -0.4404 0.8534
vn 0.2818 0.8684 -0.4079
vn 0.2506 0.7425 -0.6212
vn 0.3818 0.7756 -0.5026
vn 0.5670 0.6120 -0.5513
vn 0.4314 0.6497 0.6260
vn -0.4498 0.5030 -0.7380
vn -0.4752 0.4669 -0.7458
vn -0.4568 0.4742 -0.7527
vn 0.3248 0.6144 -0.7190
vn 0.4839 0.5097 -0.7114
vn 0.4328 0.4584 -0.7762
vn 0.3450 0.4510 -0.8232
vn 0.4034 0.5146 -0.7566
vn 0.5337 0.7346 -0.4188
vn 0.6013 0.7699 -0.2135
vn 0.4878 0.8185 0.3034
vn 0.4315 0.6491 0.6265
vn -0.0271 -0.2427 0.9697
vn 0.0019 0.0460 0.9989
vn 0.7148 0.3404 -0.6109
vn 0.2856 0.6554 -0.6992
vn 0.4728 0.6156 -0.6305
vn 0.6014 0.7699 -0.2132
vn 0.4897 0.8517 -0.1867
vn 0.5279 0.8492 -0.0157
vn 0.4492 0.8732 0.1888
vn -0.0270 -0.2429 0.9697
vn -0.3890 -0.4981 0.7750
vn 0.2790 0.7027 -0.6544
vn 0.4896 0.8516 -0.1873
vn -0.3145 -0.3642 0.8766
vn -0.3146 -0.3645 0.8765
vn 0.4014 0.6915 -0.6006
vn 0.4003 0.8322 -0.3837
vn 0.3693 0.8558 0.3621
vn -0.4735 -0.5069 0.7203
vn -0.5593 -0.6156 0.5552
vn 0.3693 0.8559 0.3621
vn 0.1304 0.5633 0.8159
vn 0.2681 0.6756 -0.6868
vn 0.3643 0.5777 -0.7305
vn 0.4726 0.6158 -0.6304
vn 0.0107 0.2914 0.9565
vn 0.3897 0.9198 0.0454
vn 0.3352 0.8997 0.2797
vn -0.3475 -0.2906 0.8915
vn 0.4013 0.6918 -0.6003
vn 0.2959 0.6407 -0.7085
vn 0.3820 0.9094 -0.1644
vn 0.1589 0.7439 0.6491
vn -0.0818 0.3620 0.9286
vn -0.3472 -0.2913 0.8914
vn 0.2601 0.6834 -0.6822
vn 0.3009 0.4871 -0.8199
vn 0.2604 0.6939 -0.6713
vn 0.2648 0.4362 -0.8600
vn 0.3367 0.8070 -0.4851
vn 0.4006 0.8325 -0.3827
vn 0.1590 0.7444 0.6486
vn -0.3427 -0.7624 0.5489
vn -0.2746 -0.7322 0.6233
vn -0.2875 -0.7852 0.5485
vn 0.4007 0.8323 -0.3830
vn 0.2855 0.7343 -0.6159
vn -0.4520 -0.3909 0.8018
vn 0.1548 0.6950 -0.7022
vn 0.1816 0.7797 0.5993
vn -0.4519 -0.3910 0.8018
vn 0.3486 0.8597 -0.3734
vn -0.1948 0.2206 0.9557
vn -0.4108 -0.7234 0.5550
vn -0.3984 -0.6851 0.6099
vn -0.3705 -0.7153 0.5925
vn 0.3484 0.8599 -0.3730
vn -0.5525 -0.7715 0.3153
vn -0.4922 -0.7875 0.3710
vn -0.6255 -0.7141 0.3145
vn -0.4857 -0.6337 0.6021
vn -0.5513 -0.7164 0.4276
vn -0.5533 -0.6337 0.5407
vn 0.2015 0.6113 -0.7653
vn 0.3198 0.9069 0.2743
vn 0.2387 0.6829 -0.6905
vn 0.2897 0.7649 -0.5753
vn -0.4515 -0.4265 0.7837
vn -0.1440 0.5872 -0.7965
vn -0.3908 -0.2744 0.8786
vn -0.3703 -0.7152 0.5927
vn -0.5071 -0.6604 0.5538
vn -0.4083 -0.6472 0.6438
vn -0.3721 -0.7451 0.5535
vn -0.5076 -0.6607 0.5531
vn 0.1370 0.7432 0.6549
vn -0.1663 0.2915 0.9420
vn -0.6803 -0.7146 0.1629
vn -0.3643 -0.7131 0.5990
vn 0.3665 0.9251 0.0992
vn 0.3784 0.4074 -0.8312
vn 0.3272 0.5992 -0.7307
vn 0.2880 0.4434 -0.8488
vn 0.2405 0.5120 -0.8246
vn 0.2503 0.7155 -0.6523
vn 0.3838 0.9151 -0.1239
vn 0.2450 0.8480 0.4699
vn 0.1367 0.7431 0.6550
vn -0.1507 0.3296 0.9320
vn -0.3903 -0.2738 0.8790
vn -0.4529 -0.4429 0.7738
vn -0.4518 -0.4267 0.7835
vn 0.2448 0.8479 0.4702
vn -0.4459 -0.6159 0.6495
vn -0.4530 -0.4434 0.7734
vn 0.3420 0.9087 0.2396
vn 0.3641 0.8687 -0.3357
vn -0.2976 -0.7498 0.5909
vn -0.2695 -0.8626 0.4281
vn -0.3172 -0.8647 0.3895
vn 0.3277 0.8016 -0.5000
vn 0.3643 0.8690 -0.3350
vn 0.2467 0.8354 0.4911
vn -0.4122 -0.5396 0.7341
vn -0.0135 0.4975 0.8674
vn 0.2699 0.7553 -0.5972
vn -0.2896 -0.7887 0.5422
vn -0.3347 -0.7933 0.5085
vn -0.3023 -0.7269 0.6166
vn -0.3550 -0.1191 0.9273
vn 0.3524 0.9062 0.2336
vn -0.3916 -0.3374 0.8560
vn -0.3912 -0.3374 0.8562
vn -0.4163 -0.7146 0.5621
vn -0.4069 -0.7604 0.5063
vn 0.2467 0.8351 0.4917
vn -0.2808 -0.1002 0.9545
vn -0.3170 -0.6912 0.6494
vn -0.2673 -0.6782 0.6846
vn 0.2362 0.6594 -0.7137
vn 0.2292 0.5979 -0.7681
vn 0.2414 0.5916 -0.7692
vn 0.3726 0.9222 -0.1033
vn 0.2229 0.7641 -0.6054
vn 0.1612 0.5066 -0.8470
vn -0.2475 -0.8172 0.5205
vn 0.2304 0.7878 0.5712
vn -0.0240 0.3360 0.9416
vn 0.2306 0.7881 0.5707
vn -0.3314 -0.4074 0.8510
vn 0.2838 0.7249 -0.6277
vn 0.3131 0.8525 0.4185
vn -0.3909 -0.6026 0.6958
vn 0.2602 0.4520 -0.8532
vn 0.2238 0.5095 -0.8309
vn 0.2151 0.4533 -0.8650
vn -0.3931 -0.7402 0.5455
vn 0.2526 0.6888 -0.6796
vn -0.3591 -0.7988 0.4827
vn -0.4213 -0.7593 0.4960
vn 0.3312 0.8256 -0.4568
vn 0.3728 0.9222 -0.1032
vn 0.2894 0.5709 -0.7683
vn -0.2373 0.7921 -0.5623
vn -0.2512 0.8691 -0.4260
vn -0.3240 0.8979 -0.2979
vn -0.3772 -0.6668 0.6427
vn -0.3886 -0.6427 0.6602
vn 0.2306 0.7878 0.5711
vn 0.1419 0.5998 0.7875
vn 0.2140 0.8051 0.5531
vn 0.2135 0.8047 0.5540
vn -0.1730 -0.0901 0.9808
vn 0.3131 0.8524 0.4188
vn -0.3316 -0.4075 0.8509
vn -0.1975 0.0596 0.9785
vn -0.1727 -0.0905 0.9808
vn -0.0238 0.3358 0.9416
vn -0.2005 -0.8484 0.4899
vn -0.4009 -0.3510 0.8462
vn 0.3240 0.8641 0.3852
vn 0.3416 0.8897 -0.3030
vn 0.3522 0.9359 -0.0005
vn 0.3239 0.8639 0.3857
vn 0.0209 0.2922 0.9561
vn -0.2573 -0.2690 0.9281
vn -0.2573 -0.2695 0.9280
vn -0.3132 -0.4946 0.8108
vn -0.3927 -0.6784 0.6210
vn 0.0882 0.3925 0.9155
vn -0.3666 -0.4044 0.8379
vn -0.2933 -0.9446 0.1471
vn -0.4393 -0.6726 0.5956
vn -0.3995 0.1878 0.8973
vn -0.3742 -0.7134 0.5925
vn -0.1374 -0.1257 0.9825
vn -0.1375 -0.1252 0.9826
vn -0.2578 -0.2690 0.9280
vn 0.2977 0.1904 -0.9355
vn 0.2853 0.4041 -0.8691
vn 0.1743 0.0196 -0.9845
vn 0.2595 0.5483 -0.7950
vn 0.2167 0.6260 -0.7491
vn 0.2414 0.6467 -0.7236
vn 0.2957 0.8466 0.4426
vn 0.2668 0.3850 -0.8835
vn 0.2280 0.2617 -0.9378
vn 0.3564 0.2149 -0.9093
vn -0.4539 0.7347 0.5042
vn -0.3946 0.5950 0.7002
vn -0.3996 0.1887 0.8970
vn -0.3954 0.5938 0.7008
vn -0.3863 -0.7423 0.5476
vn -0.2960 -0.7431 0.6001
vn 0.2609 0.7313 -0.6302
vn 0.3418 0.8899 -0.3021
vn 0.3004 0.8360 -0.4591
vn 0.3523 0.9359 -0.0009
vn -0.5236 0.8388 0.1493
vn 0.1971 0.6717 -0.7141
vn 0.2158 0.6523 -0.7266
vn 0.1673 0.6597 -0.7327
vn 0.2308 0.6726 -0.7030
vn 0.1509 0.7012 -0.6968
vn -0.4112 -0.7596 0.5038
vn -0.4013 -0.7585 0.5134
vn -0.3532 -0.7523 0.5561
vn 0.0020 0.2082 0.9781
vn 0.2787 0.5592 -0.7808
vn 0.3975 0.2728 -0.8761
vn -0.2160 -0.4356 0.8738
vn -0.3406 -0.6228 0.7043
vn 0.3294 0.9000 -0.2854
vn 0.2956 0.8462 0.4433
vn -0.2160 -0.4361 0.8736
vn 0.3810 0.3194 -0.8676
vn 0.2902 0.7490 -0.5956
vn 0.2603 0.7337 -0.6276
vn 0.3289 0.8998 -0.2867
vn 0.3469 0.9379 -0.0000
vn 0.0340 0.2141 0.9762
vn 0.1876 0.6863 -0.7027
vn -0.3824 -0.7313 0.5647
vn -0.3904 -0.7667 0.5096
vn 0.1022 0.3887 0.9157
vn -0.3883 -0.7837 0.4847
vn -0.4048 -0.7654 0.5003
vn -0.3285 -0.7391 0.5881
vn -0.2628 -0.7102 0.6531
vn 0.3487 0.9219 0.1686
vn 0.1460 0.5939 -0.7912
vn 0.0996 0.6424 -0.7599
vn 0.0843 0.5632 -0.8220
vn 0.1865 0.6338 -0.7506
vn 0.1719 0.7507 -0.6379
vn 0.1701 0.7269 -0.6654
vn 0.1878 0.6952 -0.6939
vn 0.1395 0.5788 -0.8035
vn -0.3026 -0.7405 0.6001
vn 0.0718 0.3042 0.9499
vn -0.0993 -0.2230 0.9697
vn -0.1995 -0.7945 0.5736
vn -0.2628 -0.7685 0.5834
vn 0.2703 0.8264 -0.4939
vn -0.2712 -0.6321 0.7259
vn -0.2360 -0.6828 0.6914
vn -0.3159 -0.7503 0.5808
vn 0.3558 0.9222 0.1517
vn 0.2823 0.7391 -0.6116
vn 0.2048 0.6862 -0.6980
vn 0.1304 0.7661 -0.6293
vn 0.1118 0.6718 -0.7323
vn 0.3469 0.9379 0.0010
vn 0.1536 0.4607 0.8742
vn 0.1233 0.4141 0.9019
vn -0.0993 -0.2236 0.9696
vn -0.2058 -0.5517 0.8083
vn 0.2251 0.7463 -0.6264
vn -0.3142 -0.8058 0.5020
vn -0.3285 -0.7947 0.5104
vn -0.3222 -0.7915 0.5194
vn 0.0494 0.5560 -0.8297
vn 0.1816 0.6774 -0.7128
vn 0.1997 0.7906 -0.5789
vn 0.7210 -0.1454 -0.6775
vn 0.1753 0.6873 -0.7049
vn -0.1948 -0.5812 0.7901
vn -0.1490 -0.6422 0.7520
vn 0.1190 0.0235 -0.9926
vn 0.1446 0.2592 -0.9549
vn 0.1192 0.0245 -0.9926
vn -0.0096 -0.4727 -0.8812
vn 0.1903 -0.5457 -0.8161
vn 0.1492 0.9267 -0.3449
vn -0.3230 -0.8376 0.4406
vn -0.3864 -0.8602 0.3328
vn -0.3170 -0.8938 0.3173
vn 0.1906 0.9242 -0.3310
vn 0.3299 0.9142 -0.2353
vn -0.2538 -0.7334 0.6307
vn 0.2874 0.7824 0.5525
vn -0.1785 -0.5344 0.8262
vn -0.0284 -0.0876 0.9958
vn -0.2636 0.9125 0.3127
vn -0.5701 -0.5375 0.6213
vn -0.6189 -0.6862 0.3822
vn 0.2661 0.8187 -0.5088
vn 0.3301 0.9143 -0.2346
vn -0.0285 -0.0874 0.9958
vn 0.2790 0.4342 -0.8565
vn 0.0890 0.1558 -0.9838
vn -0.0894 -0.6732 0.7341
vn 0.1240 0.3175 0.9401
vn -0.8788 -0.3432 0.3314
vn 0.2613 0.8747 -0.4082
vn 0.2876 0.7825 0.5522
vn -0.1259 -0.3499 0.9283
vn -0.4079 -0.8865 0.2182
vn -0.1246 -0.4050 0.9058
vn -0.2712 -0.5966 0.7554
vn -0.2797 -0.7511 0.5980
vn -0.1259 -0.3492 0.9286
vn 0.2986 0.6686 -0.6810
vn 0.3691 0.8203 -0.4369
vn 0.2597 0.7907 -0.5544
vn 0.0657 0.6135 -0.7870
vn 0.3542 0.9198 -0.1688
vn -0.0929 -0.1032 0.9903
vn 0.3767 0.6145 -0.6932
vn 0.1036 0.5204 -0.8476
vn 0.3197 0.8115 -0.4891
vn 0.3541 0.9200 -0.1683
vn -0.2528 -0.7178 0.6487
vn 0.1096 0.3720 0.9217
vn -0.5201 -0.7473 0.4135
vn 0.2170 0.7371 -0.6400
vn 0.2978 0.7447 -0.5972
vn 0.3691 0.8202 -0.4372
vn 0.1946 0.9797 0.0482
vn 0.2614 0.8744 -0.4088
vn 0.0258 0.9985 0.0489
vn -0.1429 0.0821 0.9863
vn -0.3287 -0.1892 0.9253
vn 0.2171 0.8182 -0.5324
vn 0.1444 0.6379 -0.7564
vn 0.3427 0.8664 0.3631
vn 0.0918 0.4346 0.8959
vn 0.3534 0.7296 -0.5855
vn 0.2918 0.9293 -0.2262
vn -0.1739 0.4695 0.8656
vn -0.0425 0.2331 0.9715
vn -0.1740 0.4679 0.8665
vn -0.1429 0.0810 0.9864
vn -0.1738 0.4693 0.8657
vn 0.3156 0.8201 -0.4772
vn 0.3425 0.8663 0.3636
vn 0.1506 0.5255 0.8374
vn -0.1978 -0.4258 0.8829
vn -0.1981 -0.4259 0.8828
vn 0.2922 0.9292 -0.2263
vn 0.0337 0.8934 0.4481
vn -0.3585 0.2450 0.9008
vn -0.3588 0.2449 0.9007
vn -0.9393 -0.2075 0.2732
vn -0.7821 -0.6220 0.0374
vn -0.3265 -0.1885 0.9262
vn -0.3633 -0.7795 0.5103
vn -0.3140 -0.6850 0.6574
vn 0.0198 0.8248 -0.5651
vn 0.0903 0.3776 -0.9215
vn -0.9936 -0.0016 0.1131
vn -0.9060 -0.4126 -0.0943
vn -0.2400 -0.6692 0.7032
vn -0.1998 -0.7350 0.6480
vn 0.4400 0.8646 -0.2425
vn -0.3352 -0.6782 0.6540
vn -0.3302 -0.8140 0.4780
vn 0.4399 0.8644 -0.2434
vn 0.0650 0.3687 0.9273
vn -0.1430 -0.0440 0.9888
vn 0.2293 0.6323 -0.7400
vn 0.2258 0.5562 -0.7998
vn 0.2868 0.9315 -0.2237
vn -0.0107 0.9705 -0.2407
vn -0.4023 0.8886 -0.2202
vn 0.4391 0.7243 -0.5316
vn 0.3831 0.8309 -0.4035
vn 0.3644 0.7465 -0.5567
vn -0.3251 -0.6501 0.6868
vn -0.5004 -0.8278 0.2537
vn -0.2889 -0.7195 0.6316
vn 0.5363 0.7841 -0.3125
vn 0.2006 0.5700 0.7968
vn -0.3832 -0.4792 0.7896
vn 0.3960 0.9182 -0.0009
vn 0.4135 0.4385 -0.7980
vn 0.5359 0.7838 -0.3138
vn 0.5466 0.8364 0.0400
vn -0.5089 -0.7354 0.4475
vn 0.2005 0.5690 0.7975
vn -0.3833 -0.4790 0.7897
vn -0.3674 -0.5785 0.7283
vn -0.2483 -0.4323 0.8669
vn -0.1219 -0.0372 0.9918
vn -0.2484 -0.4320 0.8670
vn -0.1488 -0.0427 0.9879
vn -0.3674 -0.5779 0.7287
vn -0.2893 -0.2047 0.9351
vn 0.5926 0.7001 -0.3983
vn -0.0070 0.2744 0.9616
vn -0.2542 -0.0159 0.9670
vn 0.2483 0.6488 -0.7193
vn 0.3949 0.8610 -0.3205
vn 0.3819 0.9166 0.1186
vn -0.1391 -0.0970 0.9855
vn 0.5923 0.7003 -0.3985
vn -0.2885 -0.2019 0.9359
vn -0.4650 -0.2767 0.8410
vn -0.4415 -0.6709 0.5957
vn 0.6318 0.7393 -0.2328
vn 0.5041 0.7824 0.3656
vn -0.5786 -0.5757 0.5778
vn 0.0933 0.4245 -0.9006
vn -0.0252 0.8509 -0.5247
vn 0.2571 0.9662 -0.0193
vn -0.5109 -0.4308 0.7439
vn 0.4280 0.3799 -0.8201
vn 0.6312 0.7398 -0.2331
vn 0.5038 0.7831 0.3646
vn 0.5464 0.8367 0.0379
vn -0.1548 -0.0683 0.9856
vn -0.6826 -0.4955 0.5371
vn -0.0325 0.2878 0.9571
vn -0.4651 -0.2772 0.8407
vn -0.0864 0.6016 -0.7941
vn 0.4604 0.3891 -0.7979
vn -0.7475 -0.6435 0.1647
vn 0.4231 0.6514 0.6298
vn 0.5682 0.6759 -0.4694
vn 0.5059 0.8578 0.0902
vn 0.4227 0.6535 0.6279
vn -0.5601 -0.1334 0.8176
vn -0.6945 -0.3299 0.6394
vn 0.5675 0.6754 -0.4710
vn 0.0645 0.8721 0.4850
vn -0.9262 -0.3516 0.1364
vn -0.8092 -0.5021 0.3051
vn 0.0642 0.8714 0.4863
vn -0.4602 -0.0010 0.8878
vn -0.5590 -0.1326 0.8185
vn -0.5132 0.8582 0.0141
vn -0.0193 0.1174 -0.9929
vn -0.1900 0.3859 -0.9028
vn 0.0713 0.0133 -0.9974
vn -0.0196 0.1172 -0.9929
vn -0.5814 0.8006 -0.1450
vn 0.7131 0.3599 -0.6016
vn 0.9386 -0.1451 -0.3130
vn 0.6746 -0.2047 -0.7092
vn 0.7211 0.3973 -0.5676
vn 0.0713 0.0127 -0.9974
vn 0.6751 -0.2040 -0.7090
vn 0.9385 -0.1447 -0.3134
vn 0.6708 -0.5893 -0.4503
vn 0.6274 -0.7287 0.2744
vn 0.2025 0.0460 -0.9782
vn 0.7015 -0.5399 -0.4651
vn 0.3642 -0.2701 -0.8913
vn -0.5462 0.6291 -0.5531
vn -0.4864 0.5249 -0.6985
vn 0.0515 0.0636 -0.9966
vn 0.0516 0.0638 -0.9966
vn 0.6629 -0.7276 -0.1766
vn 0.5529 -0.7243 -0.4120
vn 0.4296 -0.1993 -0.8808
vn -0.4863 0.5248 -0.6986
vn -0.0942 0.3178 -0.9435
vn 0.6267 -0.6780 -0.3840
vn -0.4512 0.7254 -0.5199
vn 0.3605 -0.9325 0.0221
vn 0.3323 -0.4089 -0.8499
vn 0.3332 -0.4116 -0.8483
vn 0.3605 -0.9325 0.0220
vn 0.3425 -0.6880 0.6398
vn -0.1181 0.6119 -0.7821
vn 0.0115 0.5555 -0.8314
vn 0.3856 -0.8727 0.2996
vn 0.4852 -0.7835 0.3882
vn -0.2190 0.4684 -0.8559
vn -0.0936 0.3169 -0.9438
vn 0.3328 -0.4104 -0.8490
vn -0.0163 0.1643 -0.9863
vn 0.2919 -0.9350 -0.2014
vn -0.0811 0.5461 -0.8338
vn -0.2520 0.5782 -0.7760
vn 0.1742 0.0799 -0.9815
vn 0.1908 -0.1205 -0.9742
vn -0.2155 0.6470 -0.7314
vn -0.2374 0.6008 -0.7633
vn -0.0958 0.4578 -0.8839
vn -0.2717 0.7370 -0.6188
vn 0.3280 -0.7503 0.5740
vn -0.2780 0.7735 -0.5696
vn -0.0622 0.0937 -0.9937
vn -0.0634 0.0959 -0.9934
vn 0.5611 -0.8248 -0.0704
vn 0.4798 -0.6785 -0.5562
vn 0.0316 0.4245 -0.9049
vn 0.5609 -0.8249 -0.0697
vn 0.4798 -0.6791 -0.5556
vn -0.0954 0.4585 -0.8836
vn 0.0323 0.4221 -0.9060
vn -0.2385 0.7121 -0.6603
vn 0.4791 -0.8486 -0.2246
vn 0.2173 -0.3198 -0.9222
vn -0.2073 0.3402 -0.9172
vn 0.3933 -0.6201 -0.6788
vn 0.4796 -0.8484 -0.2241
vn 0.7188 -0.6903 -0.0825
vn 0.4269 -0.8980 0.1067
vn 0.2978 -0.9022 0.3120
vn 0.7196 -0.6897 -0.0811
vn 0.7582 -0.6212 0.1982
vn 0.2139 -0.7783 0.5903
vn -0.2460 -0.1777 -0.9528
vn 0.5717 -0.6318 -0.5235
vn -0.2592 -0.3458 -0.9018
vn -0.0640 0.3097 -0.9487
vn -0.3216 -0.0123 -0.9468
vn 0.2532 -0.9425 0.2179
vn 0.0030 -0.9910 -0.1336
vn 0.0072 0.3063 -0.9519
vn 0.4331 -0.8855 -0.1684
vn 0.3067 -0.8700 0.3860
vn 0.9118 -0.3980 -0.1016
vn -0.1584 0.6869 -0.7092
vn 0.5523 -0.8292 0.0865
vn -0.1542 0.5802 -0.7998
vn -0.1014 0.3732 -0.9222
vn 0.4378 -0.8208 0.3668
vn -0.3554 0.6598 -0.6621
vn -0.1009 0.3744 -0.9218
vn -0.1927 -0.0679 -0.9789
vn 0.3673 -0.9103 0.1909
vn -0.3706 0.0659 -0.9265
vn 0.3910 -0.7649 0.5119
vn -0.2084 -0.5006 -0.8402
vn -0.3705 0.0668 -0.9264
vn 0.3275 -0.9229 0.2023
vn 0.4175 -0.7556 0.5048
vn -0.4509 0.3099 -0.8371
vn -0.2122 -0.5538 -0.8052
vn -0.1535 -0.5464 -0.8233
vn -0.1975 0.6653 -0.7199
vn -0.2299 0.6757 -0.7004
vn -0.2256 0.0156 -0.9741
vn 0.5683 -0.7883 -0.2358
vn 0.7913 -0.5962 -0.1357
vn -0.1593 0.5158 -0.8418
vn 0.0719 0.5210 -0.8505
vn -0.3176 0.2467 -0.9156
vn -0.2253 0.0154 -0.9742
vn 0.0475 -0.3322 -0.9420
vn -0.1580 -0.0712 -0.9849
vn -0.2651 0.4188 -0.8685
vn -0.0803 -0.0679 -0.9945
vn 0.0676 -0.2219 -0.9727
vn 0.5663 -0.8000 -0.1983
vn 0.5457 -0.8286 0.1252
vn 0.6299 -0.6743 0.3854
vn -0.0807 -0.0667 -0.9945
vn 0.0568 -0.2940 -0.9541
vn -0.1155 0.2639 -0.9576
vn -0.1155 0.2645 -0.9574
vn -0.2494 0.4523 -0.8563
vn -0.1154 0.2639 -0.9576
vn 0.0672 -0.2230 -0.9725
vn 0.0227 0.1838 -0.9827
vn 0.0909 -0.2638 -0.9603
vn 0.0912 0.0453 -0.9948
vn -0.2560 0.6789 -0.6882
vn -0.0853 0.6143 -0.7845
vn -0.1602 -0.1425 -0.9768
vn 0.2773 -0.7342 0.6197
vn -0.2207 0.6387 -0.7371
vn -0.2817 0.5521 -0.7848
vn -0.1601 -0.1406 -0.9770
vn -0.1913 -0.4956 -0.8472
vn 0.2426 -0.8581 0.4525
vn 0.2696 -0.8732 0.4060
vn -0.2168 0.5170 -0.8281
vn 0.2997 -0.8360 0.4597
vn -0.3186 0.4301 -0.8447
vn -0.3644 0.3045 -0.8801
vn 0.3494 -0.8958 0.2747
vn -0.2536 0.4860 -0.8364
vn 0.3740 -0.8073 0.4565
vn 0.0379 -0.8315 -0.5543
vn -0.1226 -0.7940 -0.5955
vn 0.3498 -0.8946 0.2781
vn 0.0378 -0.8313 -0.5546
vn -0.2634 0.5123 -0.8175
vn 0.0742 -0.4857 -0.8710
vn 0.8268 -0.4037 -0.3916
vn 0.2918 -0.8283 0.4783
vn 0.4529 -0.8843 0.1140
vn -0.3467 0.5064 -0.7895
vn -0.1613 0.5425 -0.8244
vn -0.1615 0.5419 -0.8248
vn -0.3652 0.4924 -0.7900
vn 0.5613 -0.7276 0.3943
vn -0.0922 -0.1666 -0.9817
vn -0.2812 -0.0755 -0.9567
vn 0.3332 -0.7738 0.5387
vn -0.2919 0.4402 -0.8491
vn -0.2869 -0.0963 -0.9531
vn -0.4085 0.5940 -0.6930
vn -0.3680 0.4834 -0.7943
vn -0.3806 0.8432 -0.3797
vn -0.3346 0.4514 -0.8272
vn 0.4734 -0.7722 0.4237
vn -0.0925 -0.1628 -0.9823
vn -0.3682 0.4835 -0.7941
vn -0.2872 -0.0968 -0.9530
vn -0.2442 0.5896 -0.7699
vn 0.1833 -0.9740 -0.1335
vn -0.5019 0.6124 -0.6108
vn -0.4348 0.5258 -0.7311
vn 0.5375 -0.7957 0.2793
vn 0.3529 -0.7974 0.4896
vn 0.3128 0.4496 -0.8367
vn 0.5988 -0.5447 -0.5871
vn 0.7104 -0.6698 -0.2161
vn -0.5940 0.6041 -0.5313
vn 0.1777 -0.9814 0.0726
vn 0.1832 -0.9526 0.2428
vn 0.3155 -0.9049 0.2857
vn 0.5931 -0.7821 0.1913
vn -0.5063 -0.0796 -0.8587
vn -0.5547 -0.3110 -0.7718
vn -0.7135 0.0604 -0.6981
vn 0.2340 -0.9699 0.0671
vn -0.7133 0.0589 -0.6984
vn -0.6318 -0.4839 -0.6055
vn -0.5796 0.4843 -0.6553
vn -0.7816 0.6237 0.0014
vn -0.6402 0.3312 0.6931
vn -0.7621 -0.0863 -0.6416
vn -0.4345 -0.7592 -0.4846
vn -0.7979 0.5011 0.3350
vn -0.7979 0.5010 0.3352
vn -0.6607 0.4712 -0.5843
vn -0.8179 0.5647 -0.1107
vn 0.6559 -0.7449 0.1224
vn -0.8247 0.5514 0.1261
vn -0.6363 0.5608 -0.5298
vn -0.4361 -0.5867 -0.6824
vn -0.4731 0.2738 0.8374
vn -0.4757 0.7668 -0.4310
vn -0.6365 0.5609 -0.5294
vn -0.6339 0.4836 0.6036
vn -0.7140 0.5055 -0.4843
vn 0.6558 -0.7448 0.1228
vn -0.7625 0.5805 0.2857
vn 0.5055 -0.8438 -0.1801
vn 0.6324 -0.7713 0.0713
vn 0.4590 -0.8870 0.0514
vn 0.5376 -0.8324 0.1345
vn -0.6734 0.4732 -0.5680
vn 0.4384 -0.8782 -0.1913
vn -0.7626 0.5804 0.2856
vn -0.6623 0.5099 -0.5490
vn 0.7534 -0.5975 0.2745
vn -0.8141 0.5766 0.0688
vn 0.4133 -0.9085 0.0614
vn 0.6042 -0.7951 0.0522
vn 0.5097 -0.8523 0.1176
vn -0.5807 0.1299 -0.8037
vn -0.7990 0.5653 -0.2051
vn 0.4774 -0.8706 0.1191
vn -0.5987 0.4676 -0.6503
vn -0.5146 -0.1145 -0.8497
vn 0.6408 -0.7484 -0.1711
vn -0.5451 0.2317 -0.8058
vn 0.1162 -0.6342 -0.7643
vn 0.2467 -0.6471 -0.7214
vn 0.2637 -0.9578 -0.1143
vn 0.5098 -0.8518 0.1207
vn -0.4479 0.2055 -0.8701
vn 0.2932 -0.4407 -0.8484
vn 0.5174 -0.0600 -0.8536
vn 0.5239 -0.8450 0.1074
vn 0.1821 -0.2513 -0.9506
vn 0.2930 -0.4405 -0.8486
vn 0.4559 -0.2359 -0.8582
vn 0.2864 -0.8004 -0.5266
vn -0.3294 0.3968 -0.8567
vn 0.3729 -0.9275 0.0249
vn 0.1105 -0.8940 -0.4341
vn 0.5740 -0.8084 0.1301
vn 0.4554 -0.2368 -0.8582
vn 0.2842 0.2898 -0.9139
vn 0.2840 0.2902 -0.9138
vn 0.5729 -0.8193 -0.0225
vn -0.1913 -0.8326 -0.5198
vn 0.1104 -0.8937 -0.4348
vn 0.1679 -0.9834 -0.0695
vn 0.2686 -0.9630 -0.0206
vn 0.1459 -0.9829 -0.1121
vn 0.2137 -0.9768 -0.0117
vn 0.3964 -0.9085 -0.1319
vn -0.1547 0.9816 -0.1117
vn -0.5517 0.7177 -0.4248
vn -0.8356 0.2874 -0.4681
vn 0.1461 -0.9830 -0.1117
vn 0.2836 0.2889 -0.9144
vn 0.4553 -0.8821 -0.1210
vn 0.2110 -0.9762 -0.0503
vn 0.1484 -0.9887 -0.0196
vn 0.1964 -0.9800 -0.0330
vn 0.2711 -0.9514 -0.1460
vn 0.5560 -0.8042 -0.2102
vn 0.4045 -0.9007 -0.1583
vn 0.5359 -0.8063 -0.2505
vn 0.5733 -0.7884 -0.2229
vn 0.6606 -0.7328 -0.1631
vn 0.5550 -0.8039 -0.2140
vn 0.6017 -0.7688 -0.2168
vn 0.6604 -0.7328 -0.1638
vn 0.6473 -0.7578 -0.0822
vn 0.4729 -0.8741 0.1107
vn 0.1468 -0.9847 -0.0936
vn 0.0934 -0.9952 -0.0294
vn 0.1887 -0.9074 -0.3755
vn 0.1523 -0.9660 -0.2091
vn 0.1081 -0.9896 -0.0952
vn 0.6021 -0.7685 -0.2164
vn 0.6187 -0.6540 -0.4353
vn 0.4737 -0.8608 -0.1862
vn 0.0574 -0.9980 -0.0275
vn 0.2815 -0.9593 -0.0225
vn 0.5218 -0.8513 0.0557
vn 0.4609 -0.8205 -0.3382
vn -0.0212 0.1703 -0.9852
vn -0.2002 0.1410 -0.9696
vn -0.0302 0.0621 -0.9976
vn -0.2746 -0.0510 -0.9602
vn -0.3633 -0.1693 -0.9162
vn -0.3630 -0.1706 -0.9160
vn -0.2750 -0.0519 -0.9601
vn -0.7301 -0.5031 -0.4624
vn 0.2788 0.3686 -0.8868
vn -0.4956 -0.6793 -0.5411
vn -0.0453 -0.9989 0.0073
vn 0.3061 -0.9413 0.1425
vn 0.3061 -0.9413 0.1420
vn 0.5044 -0.7870 0.3553
vn 0.3651 -0.9230 -0.1215
vn 0.1635 -0.9505 -0.2644
vn 0.3674 -0.8827 -0.2932
vn -0.7540 -0.6068 -0.2518
vn -0.4943 -0.6809 -0.5404
vn -0.2381 -0.9269 -0.2900
vn -0.1072 -0.9937 0.0324
vn 0.9484 -0.0371 0.3148
vn 0.0186 -0.9749 0.2221
vn -0.0477 -0.9984 0.0302
vn 0.0360 -0.9318 0.3613
vn 0.1159 -0.8389 0.5318
vn 0.7747 0.0537 -0.6301
vn 0.5185 0.2273 -0.8243
vn 0.5770 0.0748 -0.8133
vn 0.5531 -0.7841 -0.2815
vn 0.0973 -0.9948 -0.0304
vn 0.1321 -0.9888 -0.0691
vn 0.1898 -0.9518 -0.2408
vn 0.3130 -0.9011 -0.3002
vn 0.7153 0.0605 -0.6962
vn 0.0853 0.0123 -0.9963
vn 0.0665 0.3895 -0.9186
vn -0.0604 -0.9981 0.0144
vn -0.1202 -0.9928 -0.0006
vn 0.1280 -0.3897 -0.9120
vn 0.8116 -0.4209 -0.4053
vn 0.8010 0.0248 -0.5982
vn 0.1303 -0.3908 -0.9112
vn -0.5627 -0.3097 -0.7665
vn -0.2381 -0.9266 -0.2911
vn -0.5337 -0.3439 0.7726
vn 0.2288 -0.9687 0.0968
vn 0.2856 -0.9463 0.1517
vn 0.4846 0.4329 -0.7601
vn 0.5576 -0.8249 0.0931
vn 0.3140 -0.1934 -0.9295
vn -0.0188 -0.9984 -0.0536
vn 0.2444 -0.0573 -0.9680
vn 0.3725 -0.2841 -0.8835
vn 0.0719 -0.3680 -0.9270
vn -0.0773 -0.2063 -0.9754
vn -0.0211 0.2213 -0.9750
vn -0.1021 -0.6066 -0.7884
vn -0.1550 -0.5659 -0.8098
vn 0.5305 -0.5690 -0.6284
vn -0.3934 -0.5737 -0.7184
vn 0.1276 -0.3917 -0.9112
vn -0.1887 0.4612 -0.8670
vn -0.1320 -0.9884 0.0751
vn -0.2946 0.0028 -0.9556
vn -0.5631 -0.3111 -0.7656
vn -0.3787 -0.1458 -0.9139
vn -0.2379 -0.9274 -0.2886
vn -0.0879 -0.9946 0.0554
vn -0.0588 -0.9866 -0.1519
vn -0.3828 0.8730 0.3022
vn -0.9746 -0.2238 0.0106
vn 0.2885 -0.8905 0.3519
vn -0.9903 -0.1020 0.0946
vn 0.0264 0.3401 0.9400
vn -0.9828 -0.1181 0.1421
vn -0.8174 -0.5749 0.0368
vn 0.4114 -0.9078 0.0812
vn -0.7104 0.1396 0.6898
vn -0.3975 0.0532 0.9160
vn -0.7806 -0.6071 0.1485
vn 0.2513 -0.9460 0.2046
vn 0.5526 0.1918 -0.8111
vn 0.7627 0.2923 -0.5770
vn 0.5522 0.1915 -0.8114
vn -0.4945 -0.5470 -0.6755
vn -0.5681 -0.6525 -0.5015
vn -0.0037 -0.9202 0.3914
vn -0.4375 -0.4693 -0.7670
vn 0.0606 0.7452 -0.6640
vn -0.1155 -0.9132 -0.3909
vn 0.0139 -0.9963 -0.0845
vn -0.3475 -0.0436 -0.9367
vn -0.7960 -0.2855 -0.5338
vn -0.8316 -0.2899 -0.4737
vn -0.7965 -0.2315 -0.5585
vn -0.4708 -0.0508 -0.8808
vn -0.4409 0.0628 -0.8953
vn -0.4404 0.0631 -0.8956
vn -0.4712 -0.0510 -0.8805
vn 0.1118 -0.9930 -0.0368
vn -0.2272 -0.6706 0.7061
vn -0.9509 -0.1761 0.2545
vn -0.4970 0.0496 0.8663
vn -0.9112 -0.3333 0.2421
vn 0.1497 -0.9731 0.1749
vn -0.7939 -0.2403 0.5585
vn -0.8694 -0.2467 0.4281
vn -0.5327 -0.3448 0.7729
vn 0.2662 0.4001 -0.8769
vn 0.2399 0.6095 -0.7556
vn 0.0681 -0.9565 -0.2837
vn -0.9988 0.0119 -0.0475
vn -0.9343 0.0805 -0.3473
vn -0.9954 -0.0500 -0.0822
vn -0.8354 -0.3384 -0.4332
vn -0.9360 -0.1637 -0.3117
vn -0.9860 0.0769 -0.1480
vn -0.9516 -0.3065 -0.0219
vn -0.9643 -0.2473 -0.0943
vn -0.9818 -0.1842 -0.0455
vn -0.9881 0.0433 -0.1473
vn -0.9852 0.0526 -0.1629
vn -0.9998 -0.0089 -0.0180
vn -0.9916 0.0365 -0.1242
vn -0.5666 0.1143 -0.8160
vn -0.3010 0.0222 -0.9534
vn -0.3607 -0.0001 -0.9327
vn -0.9613 -0.2751 0.0143
vn -0.9239 0.0727 0.3756
vn -0.0690 -0.9300 -0.3612
vn -0.7709 0.3821 0.5096
vn -0.9078 0.3907 0.1524
vn 0.7377 -0.4775 -0.4773
vn 0.3024 0.1891 -0.9343
vn 0.4422 -0.8643 0.2398
vn -0.6054 -0.7032 -0.3729
vn -0.1159 -0.9129 -0.3913
vn 0.0133 -0.9964 -0.0842
vn -0.3369 -0.9357 -0.1046
vn -0.0189 -0.9984 -0.0539
vn 0.0138 -0.9708 -0.2396
vn 0.0093 -0.9565 -0.2914
vn 0.0117 -0.9536 -0.3009
vn 0.0830 -0.9407 -0.3290
vn 0.0883 -0.9253 -0.3687
vn 0.0426 -0.9486 -0.3137
vn -0.9820 0.1397 -0.1267
vn 0.0676 -0.9954 -0.0686
vn 0.0013 -0.9920 0.1259
vn 0.0190 -0.9774 0.2107
vn -0.0025 -0.9598 0.2808
vn -0.9803 0.0584 -0.1885
vn -0.9871 0.0524 -0.1511
vn -0.9754 -0.1518 -0.1596
vn -0.3041 -0.9462 -0.1101
vn -0.0017 -0.9988 -0.0498
vn -0.0024 -0.9982 -0.0603
vn -0.0197 -0.9514 -0.3073
vn -0.9842 0.0971 -0.1479
vn -0.9827 -0.1515 -0.1062
vn -0.8398 -0.5395 -0.0608
vn -0.0194 -0.9670 -0.2541
vn -0.0036 -0.9999 0.0111
vn -0.9954 0.0239 -0.0931
vn -0.4386 -0.8975 -0.0463
vn -0.9998 0.0192 0.0020
vn -0.5983 -0.7660 -0.2354
vn -0.5977 -0.7668 -0.2342
vn -0.0050 0.3696 -0.9292
vn -0.0030 -0.9173 0.3982
vn 0.0062 -0.9833 0.1821
vn -0.9881 0.0387 -0.1487
vn -0.9713 0.1804 -0.1552
vn 0.0332 -0.9838 -0.1761
vn -0.0017 -0.9988 -0.0499
vn -0.0193 -0.9670 -0.2541
vn -0.9938 -0.0597 0.0934
vn -0.0594 0.2029 -0.9774
vn -0.0592 0.2028 -0.9774
vn -0.0021 0.5794 -0.8150
vn 0.0921 -0.9030 0.4198
vn -0.0198 -0.9998 -0.0079
vn 0.3687 -0.8698 -0.3279
vn -0.9794 0.0047 -0.2019
vn -0.3494 -0.9146 -0.2037
vn 0.3221 -0.9406 -0.1072
vn -0.1280 -0.9913 -0.0295
vn -0.0101 0.9854 -0.1699
vn -0.1869 -0.9583 0.2160
vn -0.3115 0.2088 -0.9270
vn -0.2692 0.4157 -0.8688
vn -0.2995 0.5910 -0.7490
vn 0.0921 -0.9030 0.4196
vn 0.0061 -0.9833 0.1820
vn -0.0197 -0.9998 -0.0078
vn 0.0213 -0.9932 -0.1149
vn -0.5673 -0.8180 -0.0950
vn -0.3499 -0.9143 -0.2039
vn -0.5807 0.6043 0.5456
vn 0.2132 -0.9602 -0.1805
vn 0.0073 -0.9974 -0.0712
vn -0.0669 -0.9970 -0.0391
vn -0.1431 -0.9880 -0.0579
vn -0.1430 -0.9880 -0.0578
vn -0.0025 -0.9982 -0.0603
vn -0.1775 -0.9653 -0.1914
vn 0.0138 -0.9708 -0.2397
vn -0.1951 -0.9359 -0.2932
vn -0.0198 -0.9514 -0.3075
vn -0.1668 -0.9448 -0.2820
vn 0.0092 -0.9565 -0.2915
vn 0.0116 -0.9536 -0.3009
vn -0.0826 -0.9462 -0.3128
vn -0.0195 -0.9670 -0.2542
vn -0.0666 -0.9337 -0.3518
vn -0.0691 -0.9556 -0.2865
vn -0.0691 -0.9559 -0.2856
vn -0.1136 -0.9918 -0.0578
vn -0.2082 -0.9748 0.0807
vn -0.3074 -0.9371 0.1652
vn -0.3871 0.2161 -0.8963
vn -0.2920 -0.9112 0.2906
vn -0.3115 0.2090 -0.9270
vn -0.2769 -0.8814 0.3828
vn -0.2004 -0.8465 0.4933
vn -0.2226 -0.7811 0.5834
vn -0.2764 0.9600 0.0453
vn -0.8570 -0.5099 -0.0745
vn -0.6276 -0.7477 -0.2168
vn -0.9176 0.3798 0.1178
vn -0.8393 0.4530 0.3007
vn -0.6512 -0.7252 -0.2237
vn -0.8580 -0.5101 0.0599
vn -0.5805 0.6048 0.5452
vn -0.7910 0.2674 0.5503
vn -0.7403 -0.6634 -0.1084
vn -0.1676 0.3066 0.9370
vn -0.0667 -0.9970 -0.0392
vn -0.1889 -0.9361 -0.2968
vn -0.2286 -0.9267 -0.2983
vn -0.0925 -0.9938 -0.0621
vn -0.8625 -0.5025 0.0606
vn -0.9440 -0.3299 0.0083
vn -0.9046 0.4157 0.0947
vn -0.9926 0.0948 0.0754
vn -0.9938 0.0663 0.0890
vn -0.9845 -0.1722 0.0319
vn -0.9577 0.1980 0.2090
vn -0.9738 -0.1942 0.1178
vn 0.1872 -0.9536 -0.2360
vn 0.0354 -0.9892 -0.1420
vn 0.4392 0.1388 -0.8876
vn 0.6115 0.1212 -0.7819
vn 0.0886 0.0297 -0.9956
vn 0.1596 -0.0534 -0.9857
vn 0.0225 -0.9992 0.0328
vn 0.0094 -0.9983 0.0567
vn -0.1140 -0.9918 -0.0581
vn -0.2085 -0.9747 0.0803
vn -0.3847 -0.9229 0.0184
vn -0.6226 0.0680 -0.7796
vn -0.3117 0.2091 -0.9269
vn -0.3875 0.2161 -0.8962
vn -0.6221 0.0679 -0.7800
vn -0.3863 0.2152 -0.8969
vn -0.6325 0.0779 -0.7706
vn -0.6334 0.0788 -0.7698
vn -0.8974 -0.0025 0.4412
vn -0.9253 -0.3426 0.1624
vn 0.0450 0.8602 -0.5080
vn -0.3109 -0.8239 -0.4738
vn -0.0803 -0.9946 -0.0659
vn -0.1637 -0.9865 -0.0013
vn -0.1279 -0.9914 -0.0294
vn 0.1987 -0.7437 -0.6383
vn 0.8499 -0.3985 -0.3448
vn 0.1854 -0.3855 -0.9039
vn 0.1464 -0.9834 0.1072
vn 0.4022 -0.8079 0.4307
vn 0.2360 -0.9593 0.1550
vn -0.6483 -0.3636 0.6689
vn 0.4130 -0.2317 0.8808
vn -0.6949 -0.2651 0.6685
vn -0.9509 -0.1803 -0.2517
vn -0.9539 -0.1816 -0.2390
vn -0.8563 -0.3636 -0.3669
vn -0.8957 -0.3045 0.3241
vn -0.2405 -0.9657 -0.0979
vn -0.8959 -0.3046 0.3236
vn -0.7121 0.1530 0.6852
vn -0.7113 0.1522 0.6862
vn -0.7124 0.1518 0.6851
vn -0.8961 -0.3045 0.3228
vn -0.3851 -0.8992 0.2075
vn -0.5602 0.1980 -0.8044
vn -0.2692 0.4157 -0.8687
vn -0.2004 -0.8465 0.4931
vn -0.2226 -0.7814 0.5830
vn -0.8665 -0.1129 0.4863
vn -0.2635 -0.9624 0.0657
vn -0.3454 -0.9086 -0.2349
vn -0.3796 -0.8805 -0.2838
vn -0.4046 -0.8759 -0.2630
vn -0.3706 -0.8890 -0.2691
vn -0.4603 -0.3008 -0.8353
vn -0.3431 -0.1010 -0.9339
vn -0.6050 0.1590 -0.7802
vn 0.1084 0.2800 -0.9538
vn -0.0222 0.0458 -0.9987
vn 0.2458 -0.1076 -0.9633
vn -0.6347 -0.1183 -0.7636
vn -0.3913 -0.6525 -0.6489
vn 0.0636 0.3868 -0.9200
vn 0.0816 0.3815 -0.9208
vn 0.0484 -0.9894 -0.1367
vn 0.0269 0.4475 -0.8939
vn -0.2779 0.3384 -0.8990
vn -0.0754 0.4426 -0.8935
vn 0.3636 0.2190 -0.9055
vn 0.7624 0.2989 -0.5740
vn -0.4860 -0.6951 -0.5297
vn 0.2253 -0.0864 -0.9704
vn 0.2573 -0.0070 -0.9663
vn 0.1754 -0.0018 -0.9845
vn 0.1765 -0.0764 -0.9813
vn 0.2255 -0.0863 -0.9704
vn 0.1753 -0.0018 -0.9845
vn -0.5514 -0.8330 0.0467
vn -0.4300 -0.8978 0.0956
vn -0.1206 -0.8658 0.4856
vn -0.9493 -0.2852 -0.1323
vn 0.7297 -0.6557 0.1940
vn -0.3075 -0.9371 0.1653
vn -0.7926 0.0756 -0.6051
vn -0.6025 0.4631 -0.6501
vn -0.5511 0.6939 -0.4635
vn -0.2525 -0.6963 0.6719
vn -0.3123 -0.9292 -0.1976
vn -0.1967 -0.9803 -0.0153
vn -0.2148 -0.9746 -0.0634
vn -0.4175 0.8615 -0.2889
vn -0.4029 0.0717 -0.9124
vn -0.3424 -0.1025 -0.9339
vn -0.6602 0.0375 -0.7501
vn -0.4601 -0.3009 -0.8353
vn 0.0003 -0.9930 -0.1185
vn -0.2787 0.3759 -0.8838
vn -0.3918 -0.6524 -0.6488
vn -0.4859 -0.6945 -0.5306
vn -0.7306 -0.5233 -0.4386
vn -0.0775 0.2853 -0.9553
vn -0.2073 -0.6080 0.7664
vn 0.2436 -0.3330 -0.9109
vn 0.1809 -0.5371 -0.8239
vn -0.5221 -0.8455 0.1118
vn -0.5499 -0.7563 0.3544
vn -0.5579 -0.8230 0.1073
vn -0.8048 -0.4226 0.4168
vn -0.2231 -0.6018 -0.7668
vn -0.2615 -0.6657 -0.6989
vn -0.4472 -0.7184 -0.5328
vn -0.4410 -0.8916 -0.1031
vn -0.8435 -0.1730 0.5085
vn -0.2649 -0.9622 0.0639
vn -0.4413 -0.8914 -0.1031
vn -0.4081 -0.8980 0.1646
vn -0.1753 -0.9838 -0.0361
vn -0.7792 -0.1476 -0.6091
vn -0.9616 -0.0323 -0.2724
vn -0.6033 0.1593 -0.7815
vn -0.6346 -0.1186 -0.7637
vn -0.7720 0.2659 -0.5774
vn -0.6054 0.1595 -0.7798
vn -0.7534 0.0710 -0.6538
vn -0.7530 0.0714 -0.6541
vn -0.9218 -0.3720 0.1087
vn -0.3212 0.2309 -0.9184
vn 0.4244 -0.1549 -0.8921
vn -0.0419 0.0714 -0.9966
vn -0.9958 -0.0883 0.0247
vn -0.8972 -0.2851 0.3374
vn 0.3900 -0.8903 -0.2351
vn -0.8460 -0.5148 -0.1391
vn 0.1357 -0.4604 -0.8773
vn -0.8922 0.0096 -0.4515
vn -0.8021 -0.0274 -0.5966
vn -0.8381 -0.0005 -0.5455
vn -0.7398 0.0461 -0.6713
vn -0.9355 0.0812 -0.3438
vn -0.7839 0.1606 -0.5997
vn -0.8547 0.2823 -0.4356
vn -0.9802 0.0206 -0.1968
vn -0.7444 -0.2471 0.6203
vn -0.8466 -0.5145 -0.1361
vn -0.8832 0.0737 0.4631
vn -0.6339 0.0910 0.7680
vn 0.0062 -0.9996 0.0280
vn 0.2006 -0.7055 0.6797
vn -0.6612 0.1873 0.7264
vn -0.0004 -0.9998 0.0222
vn -0.4953 -0.8516 0.1715
vn -0.5604 0.1981 -0.8042
vn -0.7478 0.1747 -0.6405
vn -0.8167 -0.0243 -0.5765
vn -0.7278 0.5799 -0.3662
vn -0.7904 -0.3614 0.4946
vn 0.3888 0.9178 0.0807
vn -0.3777 -0.9046 0.1977
vn -0.8845 -0.0868 0.4585
vn -0.8046 -0.4223 0.4175
vn -0.5577 -0.8231 0.1075
vn -0.3096 -0.9494 0.0530
vn -0.3780 -0.9043 0.1983
vn -0.2235 -0.6033 -0.7656
vn -0.7092 -0.7026 0.0578
vn -0.4470 -0.7179 -0.5337
vn -0.4410 -0.8915 -0.1035
vn -0.7096 -0.7021 0.0592
vn -0.6777 -0.5804 -0.4514
vn -0.7160 0.0868 -0.6927
vn -0.3097 -0.8247 -0.4732
vn -0.6779 -0.5809 -0.4507
vn -0.2328 -0.9706 -0.0615
vn -0.5339 -0.8156 -0.2228
vn -0.4691 -0.8389 -0.2759
vn 0.4846 -0.2537 -0.8372
vn -0.0540 -0.9377 -0.3432
vn -0.0182 -0.9997 -0.0150
vn -0.0573 -0.9853 -0.1611
vn -0.8311 -0.5553 -0.0289
vn -0.9791 0.1949 -0.0581
vn -0.9247 0.3222 -0.2029
vn -0.6211 -0.0594 -0.7815
vn -0.6061 -0.5537 -0.5710
vn -0.4867 -0.4230 -0.7643
vn -0.9267 0.0693 -0.3694
vn -0.8192 -0.4168 0.3940
vn -0.8310 -0.5556 -0.0284
vn -0.9333 -0.3508 -0.0765
vn -0.8471 -0.5134 -0.1377
vn -0.9425 0.1926 0.2730
vn -0.9876 0.1436 0.0637
vn -0.7681 0.4036 0.4972
vn -0.9907 0.0971 0.0955
vn -0.9929 0.1069 -0.0523
vn -0.9106 0.0346 -0.4118
vn -0.9213 0.0637 0.3835
vn -0.8198 0.1375 0.5558
vn -0.8162 0.0810 0.5720
vn -0.6921 0.6912 -0.2080
vn -0.9309 0.3062 0.1993
vn -0.7880 0.3375 0.5149
vn -0.9661 -0.0013 0.2583
vn -0.6371 0.1721 0.7513
vn -0.7176 -0.6952 -0.0419
vn -0.4756 -0.8703 -0.1280
vn -0.3725 -0.9225 -0.1012
vn -0.5379 -0.8168 -0.2083
vn -0.5553 -0.7937 -0.2484
vn -0.5827 -0.7838 -0.2147
vn -0.9334 -0.3507 -0.0765
vn -0.9766 0.0995 -0.1907
vn -0.9958 -0.0904 0.0119
vn -0.6207 -0.0588 -0.7818
vn -0.9272 0.0695 -0.3679
vn -0.9843 0.1599 0.0747
vn -0.9526 0.1930 0.2351
vn -0.1447 -0.9895 -0.0041
vn -0.1272 -0.9919 0.0073
vn -0.9191 0.1122 0.3776
vn -0.8219 0.1155 0.5578
vn -0.6445 -0.7580 -0.1006
vn -0.6489 -0.7602 0.0334
vn -0.9944 -0.0169 -0.1041
vn -0.9608 -0.0155 -0.2767
vn -0.9385 0.0710 0.3380
vn -0.6405 0.1918 0.7436
vn -0.8812 -0.0753 0.4667
vn -0.8768 0.1383 -0.4606
vn -0.9268 -0.0960 -0.3632
vn -0.7421 0.4036 -0.5352
vn -0.9730 -0.1042 -0.2061
vn -0.7279 0.5799 -0.3659
vn -0.8822 0.3476 -0.3178
vn -0.7915 0.5855 -0.1750
vn -0.9943 -0.0445 0.0968
vn -0.9728 0.1222 0.1970
vn -0.9383 -0.2928 0.1837
vn -0.9328 0.2478 0.2618
vn -0.8952 0.1812 0.4071
vn -0.9024 -0.3048 0.3047
vn -0.9021 -0.1953 0.3848
vn -0.9309 0.3053 0.2003
vn -0.2147 -0.9592 -0.1838
vn -0.2619 -0.9650 -0.0167
vn -0.6426 -0.7318 -0.2270
vn -0.9426 0.1940 -0.2718
vn -0.8813 -0.0310 -0.4715
vn -0.6283 -0.7643 0.1452
vn -0.7194 -0.6697 0.1842
vn -0.6875 -0.6742 0.2698
vn -0.7734 -0.5366 0.3375
vn -0.6861 -0.5740 0.4470
vn -0.9686 -0.1509 -0.1976
vn -0.9718 -0.2358 -0.0081
vn -0.9719 0.2240 0.0721
vn -0.8961 0.3918 0.2088
vn -0.6860 -0.5738 0.4474
vn -0.9333 0.3562 0.0460
vn -0.9661 -0.2331 0.1110
vn -0.9630 0.1070 0.2472
vn -0.5377 -0.8424 0.0346
vn -0.7125 -0.6717 -0.2031
vn -0.6496 -0.7427 -0.1625
vn -0.7083 -0.6997 -0.0930
vn -0.7735 -0.5364 0.3377
vn -0.8212 -0.3726 0.4321
vn -0.9742 0.0268 -0.2241
vn -0.9844 -0.1679 -0.0521
vn -0.9684 -0.0680 0.2400
vn -0.1658 -0.9851 -0.0463
vn -0.2616 -0.9651 0.0098
vn -0.3435 -0.9391 0.0113
vn -0.7583 -0.6419 -0.1134
vn -0.9994 0.0013 0.0354
vn -0.2979 -0.9546 0.0010
vn -0.6695 -0.7368 0.0941
vn -0.9952 -0.0748 -0.0631
vn -0.9951 -0.0761 -0.0627
vn -0.8762 -0.4464 -0.1815
vn -0.7580 -0.6424 -0.1130
vn -0.7123 -0.6719 -0.2028
vn -0.9953 -0.0748 -0.0615
vn -0.7588 -0.6415 -0.1124
vn -0.8762 -0.4463 -0.1818
vn -0.8764 -0.4460 -0.1817
vn -0.7877 -0.5898 -0.1779
vn -0.7740 -0.6331 0.0058
vn -0.7247 -0.6796 0.1139
vn -0.8159 -0.5250 0.2422
vn -0.8196 -0.5408 0.1892
vn -0.8875 -0.3561 0.2925
vn -0.8688 -0.3647 0.3348
vn -0.9036 -0.2351 0.3580
vn -0.9135 0.1035 0.3934
vn -0.9347 -0.0878 0.3445
vn -0.2508 -0.9680 0.0093
vn -0.2980 -0.9546 0.0011
vn -0.2619 -0.9649 -0.0168
vn -0.3436 -0.9390 0.0111
vn -0.6491 -0.7376 0.1860
vn -0.8101 0.4607 0.3625
vn -0.9829 -0.0343 -0.1811
vn -0.9829 -0.0349 -0.1810
vn -0.9142 -0.3488 -0.2065
vn -0.8443 0.0809 -0.5297
vn -0.3949 -0.1681 -0.9032
vn -0.8162 -0.5244 0.2425
vn -0.9459 0.0164 0.3240
vn 0.4699 0.3171 -0.8238
vn -0.5341 -0.8372 0.1176
vn -0.9142 -0.3486 -0.2066
vn -0.9693 0.0035 -0.2457
vn -0.8565 0.4252 -0.2927
vn -0.8369 -0.5344 -0.1181
vn -0.3875 -0.2252 -0.8940
vn 0.2221 0.4597 -0.8599
vn -0.8760 -0.4021 -0.2665
vn -0.8446 0.0815 -0.5292
vn -0.9450 0.0288 -0.3259
vn -0.9451 0.0285 -0.3255
vn -0.8194 -0.5598 0.1233
vn -0.9429 0.0112 0.3328
vn -0.2541 -0.7354 -0.6282
vn 0.0385 -0.9110 -0.4106
vn -0.1684 -0.9755 -0.1413
vn -0.3996 -0.9159 0.0375
vn -0.8564 0.4163 -0.3053
vn -0.8796 -0.4414 -0.1774
vn -0.9326 0.2867 -0.2193
vn -0.9068 -0.3545 0.2281
vn -0.8195 -0.5410 0.1889
vn -0.9444 -0.1843 0.2725
vn -0.3422 -0.9305 -0.1308
vn -0.3056 -0.9515 0.0359
vn -0.5522 -0.8240 0.1270
vn -0.8016 -0.4983 0.3302
vn -0.9713 -0.0103 -0.2378
vn -0.9713 -0.0104 -0.2375
vn -0.9380 -0.3101 -0.1547
vn -0.8369 -0.5345 -0.1181
vn -0.8916 0.3656 -0.2672
vn -0.8998 -0.4357 -0.0202
vn -0.7741 -0.6330 0.0056
vn -0.8140 -0.5510 -0.1837
vn -0.8195 -0.5597 0.1232
vn -0.9710 0.0070 -0.2392
vn -0.9709 0.0073 -0.2393
vn -0.9027 -0.3963 0.1678
vn -0.9674 -0.0371 0.2504
vn -0.8185 -0.4223 0.3895
vn -0.7141 -0.3684 0.5952
vn -0.5557 -0.5996 -0.5759
vn -0.3501 -0.9360 0.0370
vn -0.4593 -0.8845 0.0824
vn -0.9544 0.2276 -0.1931
vn -0.8283 -0.5548 -0.0781
vn -0.7160 -0.6977 -0.0235
vn -0.9368 -0.3410 0.0786
vn -0.9757 -0.2054 -0.0759
vn -0.8938 -0.4483 -0.0092
vn -0.9757 -0.2052 -0.0766
vn -0.9717 0.1892 -0.1412
vn -0.9827 -0.1817 0.0351
vn -0.9962 0.0816 0.0309
vn -0.9663 -0.1736 0.1900
vn -0.9649 -0.2157 0.1499
vn -0.9843 0.0141 0.1759
vn -0.9918 0.0423 0.1202
vn -0.9918 0.0421 0.1205
vn -0.9649 -0.2157 0.1501
vn -0.8575 -0.4649 0.2204
vn -0.9648 -0.2161 0.1497
vn -0.9276 -0.1990 0.3162
vn -0.8183 -0.4223 0.3900
vn -0.5839 -0.7708 -0.2549
vn -0.3732 -0.9271 -0.0356
vn -0.4592 -0.8845 0.0823
vn -0.9899 -0.0996 -0.1011
vn -0.9899 -0.1000 -0.1007
vn -0.7192 -0.6894 0.0867
vn -0.9832 0.1703 -0.0662
vn -0.9954 -0.0742 0.0607
vn -0.9053 -0.4158 0.0868
vn -0.9826 -0.1821 0.0357
vn -0.6803 -0.7146 0.1631
vn 0.4300 0.2609 -0.8643
vn -0.6165 -0.7862 0.0420
vn -0.7144 -0.3687 0.5947
vn -0.3356 -0.9411 0.0410
vn -0.8018 -0.5887 0.1025
vn -0.8547 -0.5168 0.0483
vn -0.8686 -0.4925 0.0540
vn -0.8571 -0.5031 0.1109
vn -0.5874 -0.3478 0.7307
vn -0.6103 -0.4104 0.6776
vn -0.5873 -0.7721 -0.2426
vn -0.6524 -0.7329 0.1931
vn -0.8486 0.2323 0.4753
vn -0.8492 0.2340 0.4734
vn -0.8520 0.3372 0.4006
vn 0.4862 0.1713 -0.8569
vn -0.4323 -0.8998 -0.0584
vn -0.5932 -0.7691 0.2381
vn -0.6834 -0.6705 0.2889
vn -0.8171 -0.5727 0.0659
vn -0.8277 0.1064 0.5511
vn -0.7092 -0.6334 0.3095
vn -0.8304 -0.5508 0.0840
vn -0.5361 -0.8008 -0.2672
vn -0.4421 -0.8961 0.0386
vn -0.7829 -0.4827 0.3924
vn 0.6475 0.2797 -0.7088
vn -0.6097 -0.7920 -0.0317
vn -0.5942 -0.7767 0.2089
vn -0.7404 -0.6692 0.0640
vn -0.7382 -0.6715 0.0642
vn -0.7342 -0.6446 0.2133
vn -0.8028 -0.2212 0.5537
vn -0.7508 0.1051 0.6521
vn 0.0519 0.7258 -0.6859
vn -0.6585 -0.7383 0.1456
vn -0.6403 -0.7095 -0.2941
vn -0.6852 -0.7202 0.1087
vn -0.6182 -0.7842 -0.0536
vn -0.0129 -0.9586 -0.2844
vn -0.0833 -0.9492 -0.3034
vn 0.0566 -0.8302 -0.5546
vn -0.5016 -0.8429 0.1949
vn -0.6129 -0.7423 0.2708
vn -0.8017 0.0747 0.5930
vn -0.5506 -0.7977 0.2460
vn -0.6061 -0.7822 0.1440
vn 0.6568 -0.3873 -0.6471
vn -0.4873 -0.7806 0.3914
vn -0.5658 -0.8026 0.1889
vn -0.6271 -0.7409 0.2404
vn -0.6313 -0.6945 0.3451
vn -0.3427 -0.9228 0.1759
vn -0.3421 -0.9230 0.1760
vn 0.7040 0.2034 -0.6805
vn 0.6572 -0.3869 -0.6469
vn 0.0874 -0.9511 -0.2963
vn -0.3419 -0.9230 0.1763
vn -0.4664 -0.7808 0.4157
vn 0.4988 0.6105 -0.6153
vn -0.2964 -0.9215 0.2509
vn 0.4330 0.4584 -0.7762
vn -0.5138 -0.8095 0.2841
vn 0.0869 -0.9513 -0.2958
vn -0.4234 -0.7833 0.4552
vn -0.6210 -0.6789 0.3916
vn -0.2883 -0.9103 0.2970
vn -0.5990 -0.7586 0.2564
vn -0.4970 -0.4877 -0.7177
vn -0.4978 -0.5120 -0.7001
vn -0.4987 -0.5119 -0.6995
vn -0.4987 -0.5119 -0.6994
vn -0.4990 -0.5536 -0.6667
vn -0.4052 -0.7789 0.4787
vn -0.4613 -0.7670 0.4460
vn -0.4832 0.4633 -0.7429
vn -0.5230 0.3915 -0.7571
vn -0.5624 -0.7280 0.3921
vn -0.5539 -0.7902 0.2622
vn -0.3467 -0.7749 0.5285
vn 0.4037 0.5145 -0.7565
vn -0.5642 -0.7606 0.3212
vn -0.6437 -0.7098 0.2862
vn -0.1429 -0.8877 0.4378
vn 0.3774 -0.9247 -0.0491
vn 0.3345 -0.9347 0.1207
vn -0.3956 -0.7658 0.5070
vn 0.3227 0.4873 -0.8114
vn 0.2802 0.4228 -0.8618
vn -0.1741 -0.7587 -0.6277
vn -0.3242 -0.7508 0.5755
vn -0.6033 -0.7339 0.3121
vn -0.6311 -0.6892 0.3560
vn -0.0295 -0.0272 -0.9992
vn 0.5336 0.7350 -0.4184
vn -0.6428 -0.6962 0.3195
vn -0.6639 -0.7050 -0.2493
vn -0.4911 -0.7176 0.4939
vn 0.2563 0.3115 -0.9150
vn -0.1743 -0.9170 0.3587
vn -0.0231 -0.9887 0.1479
vn 0.2704 0.5423 -0.7955
vn -0.5546 -0.7338 0.3925
vn 0.0674 0.5090 -0.8581
vn -0.3037 -0.8508 0.4289
vn 0.2676 0.4486 -0.8527
vn -0.2889 -0.7871 0.5450
vn -0.4551 -0.7363 0.5008
vn 0.3014 0.4194 -0.8563
vn -0.4084 -0.6479 0.6430
vn -0.0665 0.4229 -0.9038
vn 0.2433 0.4475 -0.8606
vn -0.6121 -0.7477 0.2574
vn -0.3645 -0.7341 0.5729
vn 0.2318 0.5162 -0.8245
vn -0.3604 -0.8194 0.4459
vn -0.4358 -0.8196 0.3719
vn -0.4585 -0.7855 0.4157
vn -0.7771 -0.5060 0.3742
vn 0.1822 0.4499 -0.8743
vn -0.7684 0.3934 -0.5047
vn 0.2884 0.4433 -0.8487
vn 0.3016 0.4199 -0.8560
vn 0.3786 0.4070 -0.8313
vn -0.1647 -0.9662 -0.1981
vn -0.2698 -0.8220 -0.5016
vn -0.6808 -0.7145 0.1612
vn -0.7780 -0.5043 0.3746
vn -0.3107 -0.8231 0.4753
vn -0.3482 -0.8197 0.4548
vn -0.1917 -0.9772 0.0913
vn 0.2022 0.4785 -0.8545
vn 0.3511 0.2300 -0.9076
vn -0.1688 -0.9722 0.1625
vn -0.3396 -0.8070 0.4832
vn 0.3421 0.2127 -0.9153
vn -0.3194 -0.7942 0.5170
vn -0.3492 -0.7780 0.5224
vn -0.3193 -0.8666 0.3834
vn -0.4016 -0.7689 0.4974
vn 0.2607 -0.1082 -0.9594
vn -0.5382 -0.6975 0.4731
vn -0.2612 -0.9238 0.2798
vn -0.9212 0.1464 -0.3606
vn 0.1994 0.3507 -0.9150
vn -0.4298 -0.7281 0.5340
vn -0.7387 0.0938 -0.6675
vn -0.8333 -0.4428 0.3310
vn -0.8759 -0.2950 0.3818
vn 0.0267 0.0936 -0.9953
vn -0.0211 -0.2950 -0.9553
vn 0.1163 -0.0886 -0.9892
vn 0.1530 0.1180 -0.9812
vn -0.4139 -0.7545 0.5093
vn -0.6995 0.3372 0.6301
vn -0.4732 0.7893 0.3912
vn -0.6995 0.3390 0.6291
vn 0.2975 0.1898 -0.9357
vn 0.1743 0.0197 -0.9845
vn -0.0528 -0.7709 -0.6348
vn 0.0158 -0.5550 -0.8317
vn -0.0532 -0.7702 -0.6356
vn -0.4146 -0.8692 0.2696
vn -0.3066 -0.7065 -0.6378
vn -0.3061 -0.7067 -0.6379
vn -0.1980 -0.8587 -0.4726
vn -0.5949 -0.6915 0.4098
vn 0.1731 -0.6692 -0.7226
vn 0.2974 0.1902 -0.9356
vn -0.0529 -0.7709 -0.6347
vn -0.4581 -0.2910 -0.8399
vn -0.7958 -0.3815 0.4702
vn -0.9915 -0.0658 0.1120
vn 0.3006 0.0129 -0.9537
vn -0.1401 -0.8861 -0.4418
vn -0.4003 -0.8667 0.2976
vn 0.2429 0.2895 -0.9258
vn -0.4005 -0.8668 0.2970
vn -0.3044 -0.8178 0.4884
vn -0.4690 -0.8544 -0.2236
vn -0.4678 -0.8546 -0.2254
vn -0.5813 -0.7913 0.1893
vn -0.0119 0.7025 -0.7115
vn -0.7438 -0.6627 -0.0867
vn -0.3300 -0.8651 0.3778
vn -0.5940 -0.7970 0.1094
vn -0.5518 0.5728 -0.6062
vn 0.1719 0.7516 -0.6369
vn -0.1670 -0.3040 -0.9379
vn -0.0131 0.4121 -0.9110
vn -0.3124 -0.7705 0.5556
vn -0.5423 -0.8399 -0.0229
vn -0.4529 -0.8869 -0.0910
vn -0.4703 -0.8087 -0.3533
vn -0.3286 -0.8192 0.4701
vn -0.1510 0.6009 -0.7849
vn -0.4716 0.4385 -0.7651
vn 0.0098 0.0196 -0.9998
vn -0.3107 -0.8313 0.4609
vn -0.7757 -0.6309 -0.0185
vn 0.1068 0.0594 -0.9925
vn -0.4771 -0.6854 -0.5501
vn -0.4708 -0.8081 -0.3541
vn -0.4532 -0.8868 -0.0905
vn 0.0142 0.4326 -0.9015
vn 0.2372 0.2876 -0.9279
vn -0.5569 -0.7801 -0.2851
vn -0.4081 -0.8866 0.2179
vn -0.3111 -0.8023 0.5095
vn -0.2303 -0.7660 0.6002
vn 0.1073 0.4527 -0.8852
vn -0.6196 -0.7804 -0.0843
vn -0.3958 -0.4154 -0.8190
vn -0.6537 -0.6402 -0.4036
vn -0.6197 -0.7806 -0.0817
vn 0.0799 0.2306 -0.9698
vn -0.3607 -0.8543 0.3743
vn 0.0799 0.2311 -0.9696
vn 0.1037 0.5221 -0.8466
vn -0.0542 -0.1100 -0.9925
vn -0.7822 -0.6218 0.0385
vn -0.7718 -0.0725 -0.6317
vn -0.2576 -0.9037 -0.3420
vn -0.0951 -0.7914 -0.6038
vn -0.1993 -0.8890 -0.4122
vn -0.7381 -0.3809 -0.5569
vn 0.2421 0.4993 -0.8319
vn 0.0895 0.2584 -0.9619
vn -0.3473 -0.9208 -0.1777
vn -0.9468 0.1005 0.3056
vn -0.2831 -0.2909 -0.9139
vn -0.4702 -0.8640 -0.1801
vn -0.4909 -0.8176 -0.3010
vn -0.1248 0.4000 -0.9080
vn -0.4568 -0.8432 0.2835
vn -0.2060 -0.0565 -0.9769
vn -0.7102 -0.6429 -0.2867
vn -0.9682 -0.2441 0.0541
vn -0.3131 -0.1087 -0.9435
vn 0.2239 0.3276 -0.9179
vn -0.1300 -0.0258 -0.9912
vn -0.6299 -0.7607 -0.1570
vn -0.3124 -0.1080 -0.9438
vn -0.7097 -0.6430 -0.2880
vn -0.6302 -0.7607 -0.1555
vn -0.2055 -0.0550 -0.9771
vn -0.5008 -0.8268 0.2562
vn -0.5334 -0.6495 -0.5419
vn -0.5317 -0.6495 -0.5435
vn -0.1306 -0.0264 -0.9911
vn -0.4482 -0.3739 -0.8120
vn 0.3279 0.2568 -0.9092
vn -0.5968 -0.7891 0.1454
vn -0.5324 -0.6482 -0.5444
vn -0.0737 -0.0702 -0.9948
vn -0.5899 -0.5318 -0.6076
vn -0.6393 -0.6417 -0.4237
vn -0.5970 -0.7892 0.1440
vn 0.2437 0.1807 -0.9529
vn -0.0736 -0.0698 -0.9948
vn -0.6388 -0.6414 -0.4248
vn -0.5113 -0.4304 0.7439
vn -0.7822 -0.6211 0.0487
vn -0.7823 -0.6211 0.0476
vn -0.2467 -0.1453 -0.9581
vn -0.5596 -0.4143 -0.7178
vn -0.8620 -0.3933 -0.3200
vn 0.2439 0.1809 -0.9528
vn -0.7474 -0.6436 0.1649
vn -0.6190 0.6868 -0.3809
vn -0.9153 -0.3649 0.1704
vn -0.6083 0.7630 -0.2187
vn -0.9152 -0.3650 0.1709
vn -0.9102 -0.0369 0.4125
vn 0.1904 0.1776 -0.9655
vn 0.1904 0.1773 -0.9656
vn -0.7191 -0.3567 -0.5963
vn -0.8252 -0.5124 -0.2378
vn -0.8091 -0.5023 0.3050
vn 0.1494 0.1769 -0.9728
vn 0.1473 0.1768 -0.9732
vn -0.5645 -0.0495 -0.8240
vn -0.9262 -0.3515 0.1366
vn -0.9645 -0.1988 -0.1737
vn -0.5135 0.8580 0.0138
vn -0.9820 0.0070 0.1889
vn 0.0642 0.8719 0.4855
vn -0.4637 -0.0021 0.8860
vn -0.9827 0.0071 0.1851
vt 0.990022 0.125000
vt 0.987162 0.134824
vt 0.993937 0.125346
vt 0.959422 0.585674
vt 0.952534 0.585712
vt 0.957415 0.588954
vt 0.981102 0.137499
vt 0.949645 0.589189
vt 0.959422 0.604275
vt 0.954435 0.604401
vt 0.775166 0.385300
vt 0.770761 0.386163
vt 0.775241 0.391507
vt 0.779302 0.387347
vt 0.947295 0.593174
vt 0.001399 0.196211
vt 0.016066 0.205584
vt 0.008466 0.207447
vt 0.982219 0.151130
vt 0.017051 0.221891
vt 0.007082 0.212135
vt 0.020106 0.216327
vt 0.766289 0.390526
vt 0.792444 0.398193
vt 0.018183 0.198902
vt 0.255131 0.806491
vt 0.276579 0.799762
vt 0.272850 0.807395
vt 0.036017 0.228097
vt 0.030900 0.217369
vt 0.320228 0.825121
vt 0.322913 0.832640
vt 0.317518 0.835321
vt 0.304571 0.822155
vt 0.069207 0.168257
vt 0.069496 0.162453
vt 0.062966 0.171072
vt 0.039323 0.263429
vt 0.041492 0.256507
vt 0.045294 0.265078
vt 0.064934 0.163777
vt 0.041035 0.224478
vt 0.765328 0.404049
vt 0.773799 0.407469
vt 0.036205 0.207228
vt 0.044228 0.211933
vt 0.292361 0.750108
vt 0.296457 0.757270
vt 0.288909 0.755091
vt 0.290109 0.761904
vt 0.022848 0.195176
vt 0.049706 0.204022
vt 0.306001 0.760687
vt 0.953825 0.017432
vt 0.967231 0.019408
vt 0.954033 0.022602
vt 0.055570 0.232703
vt 0.336768 0.828852
vt 0.295014 0.744536
vt 0.308213 0.751537
vt 0.977293 0.022940
vt 0.968870 0.016386
vt 0.763229 0.415146
vt 0.770272 0.425833
vt 0.775136 0.424459
vt 0.051384 0.221075
vt 0.350637 0.833954
vt 0.050599 0.639981
vt 0.054571 0.612076
vt 0.048974 0.611629
vt 0.050582 0.197598
vt 0.053668 0.271899
vt 0.066331 0.272402
vt 0.072859 0.276766
vt 0.063877 0.253114
vt 0.073001 0.265040
vt 0.056091 0.267169
vt 0.773018 0.434428
vt 0.346846 0.827782
vt 0.310939 0.736075
vt 0.331193 0.736766
vt 0.311317 0.743553
vt 0.079302 0.272862
vt 0.316545 0.779213
vt 0.316541 0.796892
vt 0.295089 0.786781
vt 0.070041 0.234917
vt 0.065378 0.215348
vt 0.065202 0.207508
vt 0.320748 0.757863
vt 0.325692 0.763413
vt 0.988003 0.019024
vt 0.359121 0.828250
vt 0.075369 0.200095
vt 0.332354 0.747921
vt 0.987631 0.021750
vt 0.088258 0.273720
vt 0.092584 0.262686
vt 0.992976 0.022602
vt 0.080605 0.209653
vt 0.054571 0.589419
vt 0.073100 0.195468
vt 0.993937 0.017151
vt 0.990082 0.210099
vt 0.985274 0.210569
vt 0.989674 0.214888
vt 0.762011 0.446571
vt 0.770265 0.460062
vt 0.772456 0.446776
vt 0.080166 0.223091
vt 0.377464 0.828367
vt 0.347437 0.765327
vt 0.330295 0.771796
vt 0.326976 0.769687
vt 0.382320 0.831883
vt 0.372499 0.838483
vt 0.106891 0.274525
vt 0.356251 0.751108
vt 0.105174 0.213942
vt 0.801772 0.426157
vt 0.798038 0.427792
vt 0.801445 0.434248
vt 0.357516 0.719396
vt 0.355555 0.727355
vt 0.354272 0.722393
vt 0.805018 0.055618
vt 0.800425 0.050391
vt 0.801857 0.059457
vt 0.804047 0.047799
vt 0.797621 0.043908
vt 0.797874 0.423911
vt 0.788666 0.421816
vt 0.784048 0.430453
vt 0.793377 0.043595
vt 0.784950 0.435048
vt 0.115886 0.226728
vt 0.773426 0.465199
vt 0.093751 0.197902
vt 0.102885 0.205036
vt 0.362991 0.718996
vt 0.793637 0.035348
vt 0.100961 0.290042
vt 0.108439 0.287711
vt 0.104410 0.292859
vt 0.340392 0.778102
vt 0.392351 0.835618
vt 0.093286 0.193782
vt 0.367065 0.728280
vt 0.360655 0.733155
vt 0.371358 0.737949
vt 0.805504 0.036084
vt 0.115776 0.289804
vt 0.357658 0.773721
vt 0.094884 0.251499
vt 0.376014 0.717905
vt 0.803718 0.033713
vt 0.805286 0.027380
vt 0.148987 0.387172
vt 0.139459 0.389981
vt 0.150653 0.389981
vt 0.119818 0.288138
vt 0.103123 0.280278
vt 0.113434 0.280088
vt 0.761348 0.472013
vt 0.769283 0.481643
vt 0.390507 0.728309
vt 0.379466 0.736597
vt 0.377101 0.755890
vt 0.773063 0.489708
vt 0.401677 0.825812
vt 0.805018 0.012640
vt 0.794146 0.023488
vt 0.757956 0.497387
vt 0.393997 0.716970
vt 0.119472 0.278693
vt 0.133370 0.276425
vt 0.133402 0.282097
vt 0.116343 0.267771
vt 0.373286 0.769599
vt 0.118851 0.192420
vt 0.129694 0.204842
vt 0.417550 0.830405
vt 0.117882 0.198396
vt 0.387593 0.999532
vt 0.384813 0.994850
vt 0.377800 0.999532
vt 0.402837 0.690771
vt 0.402790 0.697451
vt 0.396166 0.698529
vt 0.840952 0.100482
vt 0.845321 0.108650
vt 0.845616 0.099719
vt 0.146575 0.288329
vt 0.134768 0.296656
vt 0.367788 0.746461
vt 0.406763 0.740033
vt 0.141342 0.226694
vt 0.403386 0.706391
vt 0.841796 0.110685
vt 0.144696 0.273589
vt 0.760424 0.510077
vt 0.772031 0.502855
vt 0.414577 0.823519
vt 0.412028 0.694441
vt 0.144496 0.308418
vt 0.153440 0.304610
vt 0.146592 0.313300
vt 0.800180 0.472959
vt 0.795846 0.477996
vt 0.801772 0.477412
vt 0.845616 0.113764
vt 0.127964 0.248101
vt 0.162361 0.252210
vt 0.394420 0.777965
vt 0.370337 0.793252
vt 0.364423 0.783677
vt 0.419394 0.715054
vt 0.147205 0.213698
vt 0.141430 0.195866
vt 0.420334 0.702037
vt 0.414758 0.706723
vt 0.406575 0.714916
vt 0.974347 0.564482
vt 0.992071 0.560254
vt 0.976409 0.533240
vt 0.405373 0.757966
vt 0.395692 0.764432
vt 0.428907 0.822148
vt 0.751449 0.527347
vt 0.165262 0.227102
vt 0.761382 0.529841
vt 0.771691 0.517362
vt 0.408822 0.791285
vt 0.365123 0.805013
vt 0.154615 0.191818
vt 0.429690 0.746346
vt 0.395519 0.803605
vt 0.155601 0.203788
vt 0.445838 0.821040
vt 0.453351 0.826669
vt 0.174310 0.270036
vt 0.174498 0.283072
vt 0.174791 0.327313
vt 0.179911 0.325396
vt 0.180538 0.331271
vt 0.430926 0.696184
vt 0.445966 0.701544
vt 0.427771 0.699470
vt 0.761487 0.546387
vt 0.434299 0.687190
vt 0.445201 0.687137
vt 0.441179 0.690220
vt 0.175267 0.317893
vt 0.182121 0.315657
vt 0.165205 0.241423
vt 0.184134 0.244932
vt 0.420747 0.794619
vt 0.171109 0.217846
vt 0.771694 0.534467
vt 0.421322 0.762131
vt 0.425597 0.775562
vt 0.408972 0.766793
vt 0.173912 0.196237
vt 0.195863 0.223862
vt 0.770319 0.562733
vt 0.183529 0.199412
vt 0.473566 0.816674
vt 0.466003 0.695594
vt 0.456807 0.698782
vt 0.189187 0.300498
vt 0.210616 0.286677
vt 0.192236 0.201829
vt 0.486983 0.820503
vt 0.481778 0.825131
vt 0.182897 0.191460
vt 0.758338 0.574631
vt 0.939832 0.738120
vt 0.942430 0.742041
vt 0.944810 0.733614
vt 0.442209 0.718961
vt 0.475655 0.721051
vt 0.444491 0.737454
vt 0.447051 0.805282
vt 0.424832 0.805093
vt 0.950497 0.737072
vt 0.748596 0.556822
vt 0.195291 0.191902
vt 0.954855 0.741625
vt 0.223375 0.322154
vt 0.227374 0.324132
vt 0.221087 0.328411
vt 0.745679 0.579036
vt 0.219789 0.202044
vt 0.769410 0.580832
vt 0.491340 0.814190
vt 0.395989 0.140918
vt 0.404788 0.136236
vt 0.408116 0.140918
vt 0.407461 0.138157
vt 0.238016 0.324318
vt 0.229073 0.329492
vt 0.218739 0.320234
vt 0.221129 0.314367
vt 0.226531 0.317674
vt 0.210656 0.302884
vt 0.232509 0.314210
vt 0.307888 0.508895
vt 0.298230 0.533240
vt 0.272854 0.509011
vt 0.224916 0.234064
vt 0.760331 0.601282
vt 0.494279 0.825579
vt 0.244226 0.314445
vt 0.962220 0.742041
vt 0.487020 0.721144
vt 0.210329 0.194149
vt 0.966841 0.484600
vt 0.961895 0.479061
vt 0.977608 0.478294
vt 0.976269 0.475302
vt 0.754938 0.594616
vt 0.502980 0.819340
vt 0.254787 0.321064
vt 0.245965 0.296138
vt 0.230214 0.217948
vt 0.513921 0.823625
vt 0.509170 0.828893
vt 0.244728 0.326440
vt 0.238817 0.276994
vt 0.743882 0.610777
vt 0.513182 0.809457
vt 0.461914 0.767194
vt 0.487880 0.772413
vt 0.451773 0.795897
vt 0.766562 0.603173
vt 0.522384 0.818946
vt 0.224602 0.247529
vt 0.252812 0.251501
vt 0.217173 0.263889
vt 0.478640 0.796451
vt 0.507136 0.736930
vt 0.502828 0.754311
vt 0.476937 0.742899
vt 0.478506 0.807419
vt 0.234572 0.191808
vt 0.536378 0.821156
vt 0.942788 0.665262
vt 0.946334 0.668610
vt 0.937034 0.669944
vt 0.954453 0.665606
vt 0.258213 0.338272
vt 0.257650 0.325699
vt 0.263459 0.345783
vt 0.265684 0.332561
vt 0.959131 0.669944
vt 0.961287 0.666918
vt 0.515765 0.685216
vt 0.519760 0.693594
vt 0.511786 0.690688
vt 0.279169 0.308756
vt 0.264075 0.323515
vt 0.755455 0.622648
vt 0.246742 0.208788
vt 0.246380 0.214815
vt 0.246364 0.198623
vt 0.520424 0.674811
vt 0.258815 0.271144
vt 0.509640 0.772790
vt 0.245542 0.224513
vt 0.766595 0.623082
vt 0.776744 0.611542
vt 0.265522 0.232095
vt 0.551128 0.824710
vt 0.533513 0.828449
vt 0.251371 0.185120
vt 0.256771 0.189889
vt 0.271503 0.263248
vt 0.516078 0.792991
vt 0.765445 0.644696
vt 0.774408 0.634914
vt 0.545168 0.813946
vt 0.534620 0.698371
vt 0.516561 0.721019
vt 0.519989 0.700038
vt 0.737260 0.653841
vt 0.265397 0.218405
vt 0.293790 0.310699
vt 0.264584 0.210277
vt 0.562565 0.814362
vt 0.558652 0.821152
vt 0.524658 0.673983
vt 0.555160 0.699424
vt 0.265945 0.182607
vt 0.539900 0.679169
vt 0.545718 0.753942
vt 0.729225 0.515522
vt 0.729060 0.535430
vt 0.726983 0.500179
vt 0.294277 0.275034
vt 0.300092 0.296614
vt 0.546281 0.770781
vt 0.753141 0.653636
vt 0.778004 0.652089
vt 0.565865 0.825687
vt 0.285497 0.190453
vt 0.284359 0.183620
vt 0.307519 0.271108
vt 0.587681 0.826038
vt 0.287135 0.177261
vt 0.738342 0.669009
vt 0.751966 0.668925
vt 0.764352 0.673877
vt 0.780652 0.671188
vt 0.786534 0.684808
vt 0.595879 0.817618
vt 0.304276 0.316803
vt 0.324759 0.315858
vt 0.319229 0.323902
vt 0.582114 0.685345
vt 0.582258 0.694181
vt 0.578216 0.693095
vt 0.324154 0.330599
vt 0.328646 0.278397
vt 0.556638 0.786547
vt 0.549032 0.798099
vt 0.292024 0.244512
vt 0.311159 0.239883
vt 0.314500 0.262342
vt 0.536492 0.809457
vt 0.521692 0.806263
vt 0.285598 0.200406
vt 0.312598 0.194201
vt 0.337976 0.317111
vt 0.338871 0.340811
vt 0.470616 0.311486
vt 0.488578 0.305712
vt 0.470929 0.317884
vt 0.590058 0.682829
vt 0.598451 0.677619
vt 0.574437 0.774028
vt 0.569322 0.792578
vt 0.774744 0.698350
vt 0.319140 0.182669
vt 0.310376 0.176736
vt 0.313838 0.171263
vt 0.351072 0.324688
vt 0.346162 0.295492
vt 0.567952 0.809072
vt 0.327981 0.223752
vt 0.322860 0.250576
vt 0.748354 0.698159
vt 0.304448 0.220203
vt 0.316854 0.219957
vt 0.622273 0.825277
vt 0.614946 0.827496
vt 0.496847 0.317884
vt 0.761249 0.705267
vt 0.300951 0.211414
vt 0.322205 0.209387
vt 0.615892 0.680170
vt 0.615873 0.695940
vt 0.591994 0.688457
vt 0.608557 0.703147
vt 0.587926 0.708324
vt 0.591542 0.749517
vt 0.567327 0.730211
vt 0.346740 0.273907
vt 0.733675 0.700319
vt 0.789658 0.708911
vt 0.619997 0.816741
vt 0.337572 0.217338
vt 0.336392 0.171005
vt 0.365108 0.298586
vt 0.357425 0.312199
vt 0.747628 0.718524
vt 0.334891 0.238500
vt 0.341077 0.199196
vt 0.774715 0.718689
vt 0.639772 0.827749
vt 0.338154 0.165668
vt 0.629944 0.691831
vt 0.585457 0.807483
vt 0.639443 0.817406
vt 0.380451 0.313203
vt 0.343093 0.185272
vt 0.355443 0.252342
vt 0.369417 0.224075
vt 0.791851 0.728344
vt 0.354944 0.173072
vt 0.367232 0.329951
vt 0.392433 0.334934
vt 0.376071 0.340946
vt 0.391220 0.320806
vt 0.592828 0.790795
vt 0.605940 0.801473
vt 0.760732 0.722103
vt 0.792229 0.739562
vt 0.367374 0.188710
vt 0.650578 0.817647
vt 0.654440 0.829081
vt 0.637151 0.832794
vt 0.353029 0.164691
vt 0.796884 0.811689
vt 0.785938 0.808826
vt 0.789042 0.792106
vt 0.771805 0.793476
vt 0.775007 0.812108
vt 0.759471 0.741793
vt 0.773203 0.735735
vt 0.372329 0.204762
vt 0.660544 0.709418
vt 0.624883 0.710791
vt 0.652250 0.692999
vt 0.382743 0.253313
vt 0.375407 0.273864
vt 0.746031 0.737259
vt 0.364422 0.168145
vt 0.392610 0.209499
vt 0.385681 0.223488
vt 0.384517 0.181325
vt 0.384139 0.191822
vt 0.660552 0.819074
vt 0.664972 0.826197
vt 0.363655 0.161517
vt 0.392435 0.338675
vt 0.395920 0.343518
vt 0.398305 0.341557
vt 0.659557 0.700222
vt 0.404224 0.305485
vt 0.775492 0.748877
vt 0.792444 0.749697
vt 0.666326 0.683069
vt 0.654407 0.681157
vt 0.398069 0.245587
vt 0.778637 0.831232
vt 0.762361 0.818360
vt 0.385728 0.176955
vt 0.107740 0.358605
vt 0.118626 0.358585
vt 0.119869 0.347846
vt 0.649765 0.718669
vt 0.654561 0.732459
vt 0.639793 0.747551
vt 0.810447 0.837641
vt 0.795907 0.836377
vt 0.765290 0.834968
vt 0.754133 0.842678
vt 0.748065 0.828259
vt 0.788206 0.758895
vt 0.670497 0.817559
vt 0.680908 0.825074
vt 0.847991 0.715824
vt 0.855644 0.709555
vt 0.846548 0.709270
vt 0.738340 0.841097
vt 0.600280 0.153096
vt 0.615523 0.147758
vt 0.627084 0.156835
vt 0.916511 0.877099
vt 0.904954 0.887706
vt 0.913250 0.873489
vt 0.892097 0.885006
vt 0.895186 0.869610
vt 0.101265 0.372072
vt 0.098414 0.356234
vt 0.119869 0.372191
vt 0.406588 0.278399
vt 0.420394 0.296512
vt 0.783818 0.849430
vt 0.407787 0.195821
vt 0.690423 0.822121
vt 0.425785 0.323023
vt 0.410817 0.328018
vt 0.653396 0.759238
vt 0.654363 0.777577
vt 0.636321 0.768999
vt 0.405392 0.184487
vt 0.636209 0.146536
vt 0.660770 0.718374
vt 0.673901 0.720148
vt 0.418843 0.279553
vt 0.648359 0.156835
vt 0.417071 0.187707
vt 0.434546 0.312858
vt 0.844515 0.892559
vt 0.825871 0.882982
vt 0.819727 0.860174
vt 0.431249 0.196375
vt 0.415476 0.210835
vt 0.660914 0.147461
vt 0.897542 0.900603
vt 0.888191 0.906049
vt 0.429699 0.328050
vt 0.440887 0.318127
vt 0.438627 0.284280
vt 0.806585 0.875225
vt 0.802430 0.856673
vt 0.438678 0.270592
vt 0.430344 0.260240
vt 0.444320 0.200007
vt 0.431717 0.212885
vt 0.450489 0.308355
vt 0.442291 0.252035
vt 0.757307 0.894285
vt 0.752119 0.907995
vt 0.747831 0.896190
vt 0.751788 0.920337
vt 0.441780 0.190489
vt 0.127327 0.676478
vt 0.136024 0.679946
vt 0.134596 0.685861
vt 0.649514 0.888051
vt 0.653421 0.906471
vt 0.663013 0.906474
vt 0.160466 0.668184
vt 0.150599 0.680480
vt 0.465586 0.298134
vt 0.649488 0.874425
vt 0.669257 0.888430
vt 0.670711 0.872332
vt 0.813926 0.899937
vt 0.795992 0.898369
vt 0.667910 0.931410
vt 0.644123 0.945706
vt 0.666401 0.943391
vt 0.461295 0.204648
vt 0.673041 0.954588
vt 0.759732 0.914576
vt 0.063167 0.578324
vt 0.056437 0.579425
vt 0.060407 0.593205
vt 0.467303 0.194703
vt 0.124942 0.664418
vt 0.154715 0.667401
vt 0.164403 0.674237
vt 0.831418 0.903193
vt 0.819194 0.921313
vt 0.758342 0.937974
vt 0.677746 0.905980
vt 0.688302 0.938227
vt 0.773847 0.918480
vt 0.764015 0.934748
vt 0.717817 0.995154
vt 0.699037 0.998595
vt 0.695791 0.993140
vt 0.464115 0.191283
vt 0.624866 0.944702
vt 0.620216 0.936607
vt 0.630890 0.932028
vt 0.145317 0.653300
vt 0.178366 0.667038
vt 0.572097 0.956336
vt 0.569864 0.953398
vt 0.587469 0.959668
vt 0.691782 0.924505
vt 0.116821 0.653195
vt 0.104222 0.644723
vt 0.124356 0.651813
vt 0.676882 0.861308
vt 0.692845 0.868356
vt 0.681286 0.857330
vt 0.700618 0.875977
vt 0.697758 0.904802
vt 0.701262 0.949081
vt 0.479607 0.201945
vt 0.178783 0.654882
vt 0.553454 0.953672
vt 0.840028 0.950700
vt 0.835210 0.924368
vt 0.678076 0.995857
vt 0.670182 0.991105
vt 0.490356 0.191915
vt 0.643072 0.922302
vt 0.642293 0.918434
vt 0.165261 0.636039
vt 0.694703 0.859988
vt 0.712568 0.887379
vt 0.712138 0.917059
vt 0.716466 0.931549
vt 0.764014 0.954310
vt 0.103809 0.633088
vt 0.195279 0.653118
vt 0.197051 0.663960
vt 0.209923 0.652084
vt 0.216659 0.658819
vt 0.868845 0.942355
vt 0.863423 0.969232
vt 0.860207 0.947192
vt 0.718115 0.900611
vt 0.782070 0.960270
vt 0.769862 0.954962
vt 0.722362 0.944856
vt 0.495310 0.197887
vt 0.503226 0.203915
vt 0.489960 0.212163
vt 0.868467 0.968809
vt 0.708847 0.862720
vt 0.717692 0.872572
vt 0.730607 0.913117
vt 0.804216 0.932650
vt 0.795519 0.957920
vt 0.785491 0.922522
vt 0.511266 0.218715
vt 0.131407 0.615459
vt 0.212190 0.640479
vt 0.721523 0.859500
vt 0.634677 0.257404
vt 0.651734 0.265953
vt 0.644391 0.250258
vt 0.949992 0.197649
vt 0.962155 0.213483
vt 0.962954 0.193431
vt 0.642969 0.276184
vt 0.733236 0.873237
vt 0.933753 0.227147
vt 0.732087 0.888731
vt 0.946809 0.228809
vt 0.259795 0.488296
vt 0.241445 0.488296
vt 0.246786 0.473315
vt 0.662057 0.279502
vt 0.731286 0.899387
vt 0.963296 0.231442
vt 0.948527 0.243160
vt 0.763734 0.976276
vt 0.759189 0.958818
vt 0.605429 0.932759
vt 0.561315 0.945260
vt 0.586274 0.920277
vt 0.233706 0.650335
vt 0.236483 0.653920
vt 0.960852 0.176039
vt 0.968782 0.166080
vt 0.629693 0.228123
vt 0.643346 0.225216
vt 0.933807 0.205883
vt 0.952241 0.167527
vt 0.974347 0.190907
vt 0.655778 0.242493
vt 0.662141 0.257145
vt 0.922829 0.209157
vt 0.921847 0.224701
vt 0.920496 0.235379
vt 0.929292 0.248872
vt 0.223414 0.474323
vt 0.918094 0.248991
vt 0.647080 0.313481
vt 0.662424 0.325464
vt 0.651578 0.295025
vt 0.668152 0.316285
vt 0.673870 0.299945
vt 0.916945 0.263577
vt 0.926885 0.262947
vt 0.731931 0.927619
vt 0.642239 0.342576
vt 0.642235 0.361671
vt 0.650485 0.355160
vt 0.634657 0.349116
vt 0.733675 0.942020
vt 0.659981 0.998595
vt 0.511283 0.191370
vt 0.099540 0.630186
vt 0.108155 0.617296
vt 0.227563 0.645314
vt 0.967696 0.133967
vt 0.940825 0.171897
vt 0.709705 0.853640
vt 0.712041 0.857108
vt 0.731518 0.845974
vt 0.924426 0.183099
vt 0.666299 0.237980
vt 0.924813 0.194611
vt 0.733675 0.857387
vt 0.921236 0.193481
vt 0.683239 0.275815
vt 0.684651 0.289232
vt 0.774576 0.982543
vt 0.674558 0.352501
vt 0.286847 0.762640
vt 0.286847 0.746375
vt 0.274743 0.761396
vt 0.274720 0.745786
vt 0.652744 0.373255
vt 0.756749 0.966447
vt 0.763447 0.987613
vt 0.725280 0.673902
vt 0.716884 0.674688
vt 0.717421 0.695225
vt 0.634463 0.389105
vt 0.642911 0.387416
vt 0.643803 0.378309
vt 0.519123 0.204117
vt 0.102861 0.617612
vt 0.143243 0.609601
vt 0.203731 0.624907
vt 0.247297 0.651307
vt 0.955090 0.131524
vt 0.939856 0.143627
vt 0.615290 0.170880
vt 0.636393 0.203407
vt 0.657237 0.217498
vt 0.876413 0.981259
vt 0.867890 0.986071
vt 0.849231 0.970520
vt 0.826137 0.952605
vt 0.832249 0.974053
vt 0.814612 0.967110
vt 0.801080 0.982715
vt 0.787376 0.981598
vt 0.689184 0.313984
vt 0.686882 0.336034
vt 0.664579 0.366252
vt 0.629226 0.890026
vt 0.617026 0.913410
vt 0.600847 0.895586
vt 0.256291 0.647265
vt 0.368937 0.874064
vt 0.357501 0.870786
vt 0.343456 0.859346
vt 0.257344 0.649377
vt 0.964942 0.114151
vt 0.974347 0.109442
vt 0.927232 0.171880
vt 0.260685 0.867934
vt 0.236859 0.860745
vt 0.259224 0.855026
vt 0.915740 0.183737
vt 0.824100 0.985610
vt 0.703400 0.303385
vt 0.705758 0.332271
vt 0.725280 0.661517
vt 0.644203 0.393264
vt 0.655645 0.386462
vt 0.690994 0.354370
vt 0.108067 0.610601
vt 0.122430 0.607255
vt 0.258822 0.641319
vt 0.346996 0.867556
vt 0.335255 0.865763
vt 0.268478 0.648697
vt 0.265113 0.644506
vt 0.961945 0.077108
vt 0.953995 0.111198
vt 0.943228 0.105747
vt 0.944150 0.129417
vt 0.298966 0.862710
vt 0.274634 0.857544
vt 0.925901 0.166029
vt 0.916934 0.173757
vt 0.881212 0.991806
vt 0.215491 0.866051
vt 0.216057 0.844979
vt 0.193974 0.859675
vt 0.717015 0.664024
vt 0.653426 0.395366
vt 0.701951 0.349621
vt 0.688469 0.393041
vt 0.690004 0.375404
vt 0.169213 0.610109
vt 0.243666 0.629229
vt 0.310926 0.857604
vt 0.958047 0.073456
vt 0.282461 0.847257
vt 0.920431 0.150638
vt 0.871153 0.999532
vt 0.192649 0.848365
vt 0.175236 0.873405
vt 0.141684 0.870617
vt 0.159717 0.855410
vt 0.789511 0.993332
vt 0.777228 0.994094
vt 0.767346 0.997523
vt 0.760983 0.999532
vt 0.642276 0.399743
vt 0.647593 0.399386
vt 0.668957 0.392317
vt 0.705505 0.369890
vt 0.956632 0.066526
vt 0.948671 0.066464
vt 0.319160 0.848434
vt 0.339017 0.852486
vt 0.917907 0.140148
vt 0.369509 0.657182
vt 0.387164 0.660048
vt 0.377546 0.668755
vt 0.847307 0.994187
vt 0.821587 0.994121
vt 0.805652 0.993283
vt 0.716597 0.338106
vt 0.715863 0.313129
vt 0.716133 0.355388
vt 0.546440 0.628827
vt 0.560562 0.643018
vt 0.561703 0.626996
vt 0.703167 0.396406
vt 0.570775 0.645850
vt 0.571923 0.627641
vt 0.574834 0.610019
vt 0.559752 0.615618
vt 0.585355 0.644369
vt 0.583181 0.627712
vt 0.336665 0.555292
vt 0.317369 0.552940
vt 0.338535 0.553040
vt 0.308302 0.557584
vt 0.313884 0.551966
vt 0.230107 0.613729
vt 0.951402 0.047777
vt 0.931201 0.104715
vt 0.468043 0.676317
vt 0.482006 0.677124
vt 0.478998 0.681371
vt 0.488165 0.685861
vt 0.636346 0.398654
vt 0.636724 0.406465
vt 0.103398 0.874064
vt 0.105291 0.863133
vt 0.127016 0.864461
vt 0.649660 0.410769
vt 0.606263 0.468965
vt 0.616431 0.459852
vt 0.608511 0.447237
vt 0.627620 0.444542
vt 0.634863 0.457386
vt 0.668816 0.408927
vt 0.544981 0.642827
vt 0.558963 0.659452
vt 0.646482 0.444133
vt 0.643110 0.423954
vt 0.681260 0.417980
vt 0.722822 0.373096
vt 0.711883 0.382849
vt 0.572722 0.664326
vt 0.643916 0.455415
vt 0.596933 0.480770
vt 0.603874 0.489262
vt 0.610194 0.471317
vt 0.585355 0.660452
vt 0.626815 0.466712
vt 0.643359 0.460397
vt 0.614788 0.478861
vt 0.633999 0.479675
vt 0.192262 0.605135
vt 0.924527 0.085819
vt 0.059235 0.792943
vt 0.056631 0.787783
vt 0.054303 0.796114
vt 0.059235 0.804854
vt 0.911827 0.163083
vt 0.051452 0.780518
vt 0.054080 0.806417
vt 0.050478 0.790308
vt 0.049570 0.806516
vt 0.043259 0.806006
vt 0.924907 0.057440
vt 0.922453 0.058283
vt 0.924514 0.050735
vt 0.898787 0.156218
vt 0.907624 0.169086
vt 0.906250 0.555712
vt 0.914645 0.555712
vt 0.909095 0.551030
vt 0.034624 0.790797
vt 0.031465 0.795194
vt 0.034139 0.806204
vt 0.028053 0.806648
vt 0.411196 0.665798
vt 0.417167 0.655912
vt 0.436929 0.667823
vt 0.452547 0.671921
vt 0.468837 0.668855
vt 0.121309 0.846997
vt 0.137487 0.843907
vt 0.495768 0.682130
vt 0.599957 0.457681
vt 0.625700 0.422125
vt 0.634099 0.407691
vt 0.598902 0.475290
vt 0.652178 0.425218
vt 0.660316 0.418545
vt 0.083534 0.863461
vt 0.544310 0.652998
vt 0.672535 0.425099
vt 0.732735 0.353030
vt 0.844683 0.394068
vt 0.852621 0.410208
vt 0.864272 0.380618
vt 0.691860 0.411700
vt 0.864272 0.415262
vt 0.602787 0.497822
vt 0.611523 0.493386
vt 0.623053 0.489264
vt 0.604661 0.499133
vt 0.645051 0.473580
vt 0.599949 0.504779
vt 0.607912 0.502961
vt 0.605425 0.514440
vt 0.613884 0.508348
vt 0.641736 0.497895
vt 0.361474 0.557584
vt 0.096293 0.597087
vt 0.119283 0.588647
vt 0.932721 0.055182
vt 0.916010 0.111354
vt 0.909714 0.131380
vt 0.055462 0.974041
vt 0.065266 0.967975
vt 0.063941 0.975187
vt 0.910640 0.749608
vt 0.914919 0.738121
vt 0.904711 0.744199
vt 0.920755 0.743793
vt 0.915688 0.755059
vt 0.050933 0.763982
vt 0.047839 0.761130
vt 0.903922 0.749615
vt 0.043782 0.768421
vt 0.042675 0.789880
vt 0.905841 0.758272
vt 0.910761 0.763944
vt 0.037798 0.791772
vt 0.235006 0.833459
vt 0.234672 0.830729
vt 0.242924 0.831228
vt 0.894123 0.750701
vt 0.039040 0.767198
vt 0.055504 0.471141
vt 0.044310 0.464499
vt 0.050269 0.475187
vt 0.901658 0.754076
vt 0.902156 0.766566
vt 0.910634 0.773096
vt 0.032017 0.772214
vt 0.024119 0.799113
vt 0.020938 0.806201
vt 0.386211 0.643673
vt 0.024871 0.763266
vt 0.017785 0.770767
vt 0.025124 0.772347
vt 0.013120 0.785980
vt 0.012670 0.799461
vt 0.012100 0.805402
vt 0.567234 0.091459
vt 0.555709 0.092013
vt 0.552572 0.085674
vt 0.544227 0.089954
vt 0.007929 0.802158
vt 0.536269 0.086120
vt 0.442091 0.657196
vt 0.480214 0.662468
vt 0.486055 0.671966
vt 0.624408 0.399639
vt 0.603619 0.434380
vt 0.105866 0.851183
vt 0.197641 0.926512
vt 0.207730 0.937305
vt 0.189379 0.939143
vt 0.630463 0.413373
vt 0.214497 0.925951
vt 0.091468 0.855000
vt 0.223562 0.940040
vt 0.228431 0.926412
vt 0.665461 0.435200
vt 0.245076 0.926760
vt 0.238142 0.941479
vt 0.720105 0.398165
vt 0.733583 0.380622
vt 0.667774 0.446650
vt 0.255407 0.935031
vt 0.593904 0.496756
vt 0.658394 0.469610
vt 0.622735 0.496220
vt 0.630793 0.496851
vt 0.653750 0.493489
vt 0.863236 0.478933
vt 0.860993 0.464851
vt 0.854496 0.471311
vt 0.006063 0.582277
vt 0.011231 0.575800
vt 0.019156 0.576295
vt 0.613414 0.525406
vt 0.609076 0.515246
vt 0.020934 0.570693
vt 0.921305 0.734748
vt 0.927508 0.752907
vt 0.046465 0.746713
vt 0.042779 0.747347
vt 0.924048 0.765095
vt 0.035234 0.753655
vt 0.039890 0.731153
vt 0.363953 0.641766
vt 0.919840 0.770245
vt 0.031853 0.745601
vt 0.054470 0.461222
vt 0.044678 0.453696
vt 0.903718 0.776848
vt 0.023720 0.758998
vt 0.562592 0.098382
vt 0.533818 0.095754
vt 0.618458 0.412223
vt 0.620135 0.406426
vt 0.590952 0.447841
vt 0.179704 0.929116
vt 0.736892 0.365816
vt 0.681887 0.434515
vt 0.706135 0.413743
vt 0.257919 0.924425
vt 0.265208 0.939477
vt 0.639643 0.504291
vt 0.856005 0.458498
vt 0.853430 0.463648
vt 0.852145 0.453261
vt 0.026119 0.575059
vt 0.856036 0.448710
vt 0.855109 0.439727
vt 0.035115 0.570973
vt 0.035701 0.575097
vt 0.077176 0.581600
vt 0.078328 0.565788
vt 0.219552 0.597905
vt 0.943677 0.028558
vt 0.443649 0.930011
vt 0.416694 0.937700
vt 0.436118 0.916676
vt 0.927248 0.741595
vt 0.928638 0.732012
vt 0.356810 0.671816
vt 0.351755 0.690843
vt 0.356810 0.692916
vt 0.347137 0.692807
vt 0.064911 0.963113
vt 0.043311 0.965761
vt 0.055041 0.959342
vt 0.349672 0.683999
vt 0.343526 0.685765
vt 0.338153 0.685597
vt 0.343030 0.693352
vt 0.096933 0.967258
vt 0.092839 0.960995
vt 0.113064 0.966398
vt 0.047160 0.708333
vt 0.040588 0.709870
vt 0.045558 0.730457
vt 0.037564 0.711291
vt 0.629198 0.103987
vt 0.605647 0.103537
vt 0.595190 0.097740
vt 0.055504 0.450165
vt 0.051205 0.453541
vt 0.590366 0.104053
vt 0.579698 0.096182
vt 0.575433 0.104985
vt 0.328982 0.933678
vt 0.327017 0.931331
vt 0.322609 0.934713
vt 0.548472 0.098183
vt 0.423574 0.639657
vt 0.140043 0.826043
vt 0.173732 0.834915
vt 0.474100 0.656143
vt 0.492564 0.666602
vt 0.199076 0.916828
vt 0.216764 0.916604
vt 0.232568 0.917202
vt 0.007929 0.295972
vt 0.023787 0.296348
vt 0.023787 0.285112
vt 0.724259 0.408443
vt 0.734852 0.398765
vt 0.682357 0.447058
vt 0.690585 0.439702
vt 0.710084 0.421188
vt 0.676448 0.456070
vt 0.669997 0.471839
vt 0.270579 0.923966
vt 0.279313 0.936576
vt 0.667124 0.488145
vt 0.633917 0.513529
vt 0.614484 0.516169
vt 0.618775 0.521358
vt 0.860920 0.456859
vt 0.862063 0.448834
vt 0.032194 0.581531
vt 0.035793 0.580074
vt 0.041511 0.578828
vt 0.108378 0.568381
vt 0.163361 0.569226
vt 0.229142 0.602912
vt 0.481771 0.920622
vt 0.472715 0.905898
vt 0.066551 0.952913
vt 0.515392 0.348783
vt 0.511754 0.340592
vt 0.508720 0.343850
vt 0.063409 0.321355
vt 0.068781 0.321573
vt 0.070118 0.313991
vt 0.507386 0.335102
vt 0.387691 0.631094
vt 0.918480 0.776413
vt 0.912949 0.779337
vt 0.920086 0.779191
vt 0.628738 0.106771
vt 0.627185 0.109446
vt 0.603714 0.106601
vt 0.332146 0.915862
vt 0.333489 0.901217
vt 0.329658 0.902105
vt 0.047467 0.448970
vt 0.584224 0.112172
vt 0.448508 0.642447
vt 0.485849 0.656124
vt 0.597937 0.422178
vt 0.105469 0.835902
vt 0.069861 0.862473
vt 0.073206 0.845587
vt 0.248731 0.910078
vt 0.283468 0.926929
vt 0.604035 0.529610
vt 0.612150 0.524566
vt 0.605959 0.520115
vt 0.617314 0.534700
vt 0.625758 0.522978
vt 0.637160 0.519994
vt 0.645713 0.512855
vt 0.649994 0.508653
vt 0.024983 0.585049
vt 0.032366 0.585674
vt 0.659039 0.508567
vt 0.662830 0.503002
vt 0.863340 0.440586
vt 0.863236 0.433989
vt 0.134754 0.571049
vt 0.175097 0.584918
vt 0.244593 0.597886
vt 0.258606 0.617419
vt 0.313246 0.615164
vt 0.289608 0.625623
vt 0.316262 0.631369
vt 0.347636 0.622403
vt 0.071121 0.338380
vt 0.077066 0.310649
vt 0.070575 0.312935
vt 0.514952 0.334348
vt 0.057569 0.352462
vt 0.628924 0.114911
vt 0.602991 0.110555
vt 0.209749 0.369448
vt 0.224166 0.367108
vt 0.224347 0.371255
vt 0.593358 0.109990
vt 0.576779 0.113133
vt 0.181437 0.371255
vt 0.193005 0.361481
vt 0.192012 0.365839
vt 0.558435 0.110686
vt 0.191437 0.356910
vt 0.326550 0.925119
vt 0.200394 0.364104
vt 0.203278 0.358166
vt 0.205887 0.364860
vt 0.208828 0.365165
vt 0.218104 0.348683
vt 0.481925 0.645023
vt 0.120842 0.831346
vt 0.088655 0.841493
vt 0.220686 0.906706
vt 0.234511 0.907866
vt 0.057378 0.851049
vt 0.055514 0.868050
vt 0.044559 0.865156
vt 0.728960 0.418957
vt 0.262576 0.910826
vt 0.698283 0.446040
vt 0.717015 0.430613
vt 0.690601 0.453490
vt 0.683359 0.470533
vt 0.286561 0.915978
vt 0.295835 0.918192
vt 0.298974 0.928596
vt 0.618590 0.529073
vt 0.626703 0.529486
vt 0.637220 0.527167
vt 0.653156 0.519540
vt 0.661325 0.516342
vt 0.079515 0.561994
vt 0.219149 0.591633
vt 0.055104 0.364139
vt 0.050519 0.346882
vt 0.047756 0.360849
vt 0.220263 0.362298
vt 0.632400 0.589108
vt 0.631549 0.583755
vt 0.638217 0.587931
vt 0.565915 0.116249
vt 0.217933 0.354566
vt 0.624966 0.591055
vt 0.619537 0.589631
vt 0.623556 0.586501
vt 0.204854 0.348167
vt 0.616138 0.582694
vt 0.214607 0.341292
vt 0.470387 0.643866
vt 0.204676 0.907154
vt 0.038458 0.857914
vt 0.740205 0.406253
vt 0.273554 0.912568
vt 0.866017 0.031021
vt 0.875657 0.034710
vt 0.869423 0.014931
vt 0.611041 0.542833
vt 0.619891 0.542996
vt 0.633292 0.540769
vt 0.645179 0.537279
vt 0.859608 0.045025
vt 0.866724 0.057271
vt 0.672635 0.513176
vt 0.672010 0.531315
vt 0.663137 0.534005
vt 0.102856 0.561915
vt 0.224334 0.585361
vt 0.038799 0.355035
vt 0.036637 0.346314
vt 0.033293 0.344763
vt 0.629450 0.580393
vt 0.554285 0.115856
vt 0.542103 0.108814
vt 0.542342 0.116172
vt 0.619588 0.577247
vt 0.534269 0.116573
vt 0.529797 0.109014
vt 0.528452 0.116249
vt 0.036238 0.844621
vt 0.655705 0.532134
vt 0.020149 0.933052
vt 0.026586 0.922097
vt 0.020056 0.911990
vt 0.026586 0.893727
vt 0.689289 0.537076
vt 0.683168 0.549997
vt 0.677132 0.552856
vt 0.130836 0.564855
vt 0.187606 0.573167
vt 0.216578 0.581582
vt 0.278857 0.592590
vt 0.027471 0.334345
vt 0.032602 0.331904
vt 0.023840 0.322898
vt 0.022854 0.314937
vt 0.203684 0.893793
vt 0.083926 0.826268
vt 0.101896 0.820100
vt 0.235424 0.894756
vt 0.250601 0.896628
vt 0.022736 0.865179
vt 0.878265 0.127809
vt 0.866138 0.114823
vt 0.866789 0.127558
vt 0.708007 0.455827
vt 0.736555 0.428406
vt 0.290406 0.902978
vt 0.944496 0.654743
vt 0.931691 0.653819
vt 0.939805 0.662157
vt 0.924391 0.667135
vt 0.633559 0.551624
vt 0.598414 0.255154
vt 0.607467 0.251495
vt 0.601349 0.227127
vt 0.872997 0.085726
vt 0.878900 0.104173
vt 0.876217 0.065334
vt 0.666625 0.553462
vt 0.698540 0.554007
vt 0.687896 0.580369
vt 0.702404 0.550756
vt 0.702820 0.574101
vt 0.718574 0.583590
vt 0.721860 0.576242
vt 0.704666 0.594165
vt 0.717835 0.593528
vt 0.731168 0.595703
vt 0.789645 0.521067
vt 0.780317 0.526443
vt 0.789645 0.531367
vt 0.715805 0.601309
vt 0.727727 0.601990
vt 0.142391 0.565520
vt 0.228012 0.582030
vt 0.253262 0.586926
vt 0.324357 0.602100
vt 0.399037 0.616643
vt 0.450998 0.626684
vt 0.474421 0.630742
vt 0.150007 0.900996
vt 0.157141 0.912065
vt 0.128066 0.918024
vt 0.219590 0.893924
vt 0.055154 0.837196
vt 0.272480 0.899358
vt 0.016325 0.854545
vt 0.878265 0.113764
vt 0.725702 0.439055
vt 0.701934 0.460918
vt 0.695774 0.473114
vt 0.890612 0.028439
vt 0.895989 0.014662
vt 0.883144 0.013577
vt 0.938024 0.641213
vt 0.656518 0.541577
vt 0.608485 0.225687
vt 0.886701 0.108715
vt 0.886523 0.089976
vt 0.611407 0.200262
vt 0.683339 0.587194
vt 0.607936 0.189956
vt 0.888786 0.127804
vt 0.883408 0.136709
vt 0.692903 0.595446
vt 0.891755 0.145979
vt 0.700690 0.602110
vt 0.881252 0.146759
vt 0.709178 0.603987
vt 0.894575 0.150281
vt 0.740205 0.605698
vt 0.209611 0.570870
vt 0.611474 0.276685
vt 0.611092 0.251354
vt 0.611012 0.230730
vt 0.611474 0.183294
vt 0.606848 0.177276
vt 0.895989 0.147233
vt 0.725822 0.606273
vt 0.028451 0.259017
vt 0.026135 0.242977
vt 0.026154 0.257851
vt 0.109608 0.787921
vt 0.105755 0.784176
vt 0.090951 0.787921
vt 0.125600 0.559629
vt 0.149366 0.562417
vt 0.813899 0.067884
vt 0.828592 0.066011
vt 0.829757 0.067884
vt 0.228060 0.566302
vt 0.222344 0.575092
vt 0.247402 0.574355
vt 0.353982 0.592885
vt 0.475078 0.618669
vt 0.234333 0.881378
vt 0.048162 0.826037
vt 0.063178 0.818912
vt 0.068562 0.830688
vt 0.269409 0.887179
vt 0.357804 0.378212
vt 0.344044 0.367964
vt 0.358972 0.365826
vt 0.342008 0.351541
vt 0.392227 0.402653
vt 0.385041 0.411425
vt 0.384387 0.395353
vt 0.369228 0.377130
vt 0.944496 0.625072
vt 0.928506 0.635444
vt 0.924291 0.644525
vt 0.918874 0.650059
vt 0.473137 0.468557
vt 0.465875 0.468208
vt 0.468873 0.448490
vt 0.504068 0.425043
vt 0.493826 0.424783
vt 0.514002 0.414541
vt 0.518028 0.380419
vt 0.514026 0.383653
vt 0.508992 0.371075
vt 0.028095 0.283474
vt 0.025653 0.281969
vt 0.104433 0.549403
vt 0.114120 0.548695
vt 0.070729 0.754268
vt 0.084495 0.740842
vt 0.077092 0.764513
vt 0.318044 0.587229
vt 0.380666 0.598356
vt 0.419182 0.605620
vt 0.447992 0.610490
vt 0.485918 0.619739
vt 0.482870 0.633266
vt 0.202248 0.881968
vt 0.217925 0.879682
vt 0.251094 0.882214
vt 0.332039 0.359029
vt 0.319595 0.351318
vt 0.376817 0.404343
vt 0.395743 0.417513
vt 0.402594 0.408685
vt 0.414882 0.412341
vt 0.412681 0.421256
vt 0.935161 0.617365
vt 0.463022 0.478727
vt 0.461141 0.466140
vt 0.461579 0.446224
vt 0.479949 0.431214
vt 0.482209 0.438173
vt 0.028451 0.305712
vt 0.084536 0.541621
vt 0.179180 0.544930
vt 0.094821 0.753331
vt 0.702262 0.795663
vt 0.703339 0.778263
vt 0.707976 0.796336
vt 0.706608 0.764205
vt 0.709317 0.774009
vt 0.715102 0.792956
vt 0.717294 0.796010
vt 0.087481 0.665514
vt 0.083141 0.664910
vt 0.089950 0.655791
vt 0.713266 0.757008
vt 0.720621 0.772399
vt 0.719981 0.759973
vt 0.725081 0.793703
vt 0.728263 0.777355
vt 0.623553 0.014454
vt 0.642688 0.019440
vt 0.627079 0.019320
vt 0.726900 0.782429
vt 0.090019 0.673927
vt 0.087442 0.680243
vt 0.609940 0.016910
vt 0.731810 0.794657
vt 0.606458 0.012640
vt 0.442989 0.419925
vt 0.440737 0.427960
vt 0.426911 0.423261
vt 0.448855 0.448687
vt 0.461208 0.439872
vt 0.238206 0.564946
vt 0.699550 0.756344
vt 0.704313 0.753096
vt 0.705435 0.742126
vt 0.710348 0.746756
vt 0.348834 0.917872
vt 0.340952 0.921816
vt 0.351105 0.920917
vt 0.716567 0.753440
vt 0.658545 0.023050
vt 0.651837 0.025834
vt 0.649974 0.021558
vt 0.617498 0.019582
vt 0.604944 0.018302
vt 0.938665 0.537535
vt 0.926321 0.545995
vt 0.941111 0.551413
vt 0.325967 0.368306
vt 0.310907 0.360675
vt 0.936740 0.599069
vt 0.922563 0.606985
vt 0.353736 0.393276
vt 0.341538 0.382126
vt 0.920574 0.620198
vt 0.414244 0.431617
vt 0.390545 0.429137
vt 0.915571 0.632512
vt 0.914605 0.640107
vt 0.460428 0.429728
vt 0.088964 0.524477
vt 0.200445 0.548678
vt 0.111916 0.742981
vt 0.165861 0.755794
vt 0.148634 0.745157
vt 0.187717 0.745994
vt 0.201746 0.757463
vt 0.228370 0.760436
vt 0.872575 0.806000
vt 0.881272 0.813640
vt 0.870977 0.811990
vt 0.877046 0.802903
vt 0.673936 0.782375
vt 0.676055 0.796348
vt 0.672108 0.796010
vt 0.870706 0.818933
vt 0.682717 0.763410
vt 0.684354 0.771489
vt 0.682900 0.794650
vt 0.881952 0.824702
vt 0.874639 0.826889
vt 0.863227 0.835265
vt 0.685601 0.755567
vt 0.692179 0.755345
vt 0.881405 0.835905
vt 0.870405 0.842723
vt 0.690957 0.749670
vt 0.700586 0.746295
vt 0.864312 0.842763
vt 0.882284 0.841801
vt 0.707704 0.702316
vt 0.708452 0.715839
vt 0.704404 0.725117
vt 0.864793 0.848872
vt 0.713896 0.703143
vt 0.950093 0.783956
vt 0.957213 0.790229
vt 0.951353 0.780436
vt 0.708728 0.741901
vt 0.961609 0.796756
vt 0.963988 0.795380
vt 0.664127 0.031832
vt 0.638422 0.028883
vt 0.628818 0.030661
vt 0.625378 0.025804
vt 0.352469 0.897905
vt 0.346376 0.897472
vt 0.351433 0.901539
vt 0.485027 0.603073
vt 0.939713 0.582999
vt 0.924834 0.594786
vt 0.303784 0.345037
vt 0.378068 0.420631
vt 0.369688 0.412077
vt 0.455893 0.483052
vt 0.456639 0.476110
vt 0.455058 0.464563
vt 0.451728 0.469253
vt 0.448178 0.461416
vt 0.455205 0.472804
vt 0.453981 0.468910
vt 0.431184 0.455519
vt 0.441438 0.444216
vt 0.114946 0.521639
vt 0.146208 0.527362
vt 0.241310 0.557941
vt 0.358483 0.946161
vt 0.366138 0.950571
vt 0.354944 0.948093
vt 0.227001 0.747868
vt 0.689810 0.785089
vt 0.694072 0.661400
vt 0.708007 0.656918
vt 0.705390 0.661692
vt 0.711287 0.665262
vt 0.693746 0.774897
vt 0.702010 0.735769
vt 0.694855 0.737581
vt 0.698077 0.777136
vt 0.699872 0.719048
vt 0.713362 0.717891
vt 0.960284 0.780434
vt 0.884795 0.848460
vt 0.877592 0.851592
vt 0.385223 0.553935
vt 0.385707 0.549594
vt 0.398214 0.551291
vt 0.688899 0.031239
vt 0.664545 0.027548
vt 0.648479 0.033276
vt 0.632498 0.031731
vt 0.252745 0.744945
vt 0.266559 0.764513
vt 0.626595 0.032594
vt 0.491146 0.606527
vt 0.497939 0.614469
vt 0.939534 0.566831
vt 0.925436 0.579215
vt 0.284548 0.359266
vt 0.909571 0.634103
vt 0.908803 0.642001
vt 0.909301 0.647451
vt 0.438799 0.463545
vt 0.437746 0.456658
vt 0.636660 0.650293
vt 0.640392 0.645599
vt 0.640392 0.654026
vt 0.262579 0.552064
vt 0.122159 0.732511
vt 0.150215 0.735439
vt 0.692506 0.657146
vt 0.698118 0.653369
vt 0.684235 0.665262
vt 0.266101 0.828566
vt 0.267275 0.823941
vt 0.277255 0.828411
vt 0.286146 0.823344
vt 0.398452 0.545398
vt 0.418187 0.550277
vt 0.413764 0.554775
vt 0.377114 0.554775
vt 0.374226 0.542233
vt 0.380477 0.547383
vt 0.388231 0.544491
vt 0.670315 0.035443
vt 0.657515 0.038318
vt 0.961360 0.773765
vt 0.640656 0.043189
vt 0.636949 0.037428
vt 0.968411 0.794781
vt 0.967353 0.774639
vt 0.975280 0.804775
vt 0.972653 0.789231
vt 0.975280 0.775705
vt 0.974396 0.771067
vt 0.433249 0.580474
vt 0.563946 0.175191
vt 0.552797 0.199355
vt 0.570934 0.192290
vt 0.318037 0.378322
vt 0.365446 0.419443
vt 0.339496 0.394581
vt 0.376214 0.435690
vt 0.909823 0.620242
vt 0.427998 0.466706
vt 0.436182 0.442464
vt 0.420045 0.441684
vt 0.432660 0.434732
vt 0.901586 0.856159
vt 0.902674 0.862253
vt 0.909565 0.854482
vt 0.909450 0.863126
vt 0.911153 0.463716
vt 0.917141 0.463015
vt 0.912709 0.470506
vt 0.910914 0.867697
vt 0.905317 0.468389
vt 0.904862 0.868446
vt 0.195055 0.736752
vt 0.219754 0.737800
vt 0.697039 0.650281
vt 0.379924 0.538277
vt 0.670929 0.039087
vt 0.943141 0.908875
vt 0.945175 0.903858
vt 0.935552 0.892927
vt 0.072182 0.662963
vt 0.071113 0.672101
vt 0.065844 0.665083
vt 0.624921 0.043518
vt 0.065742 0.677829
vt 0.622196 0.036068
vt 0.609780 0.040474
vt 0.620602 0.046348
vt 0.608700 0.046348
vt 0.605763 0.042493
vt 0.452971 0.599061
vt 0.567127 0.211729
vt 0.546175 0.159584
vt 0.531615 0.149549
vt 0.539526 0.167078
vt 0.300767 0.367235
vt 0.915551 0.579081
vt 0.911819 0.596545
vt 0.369100 0.438369
vt 0.901586 0.632242
vt 0.903412 0.846997
vt 0.910914 0.846910
vt 0.926402 0.465575
vt 0.921794 0.467479
vt 0.101146 0.516950
vt 0.243793 0.541080
vt 0.257923 0.548882
vt 0.963390 0.986312
vt 0.952789 0.977902
vt 0.950380 0.984217
vt 0.688919 0.639210
vt 0.691505 0.645342
vt 0.697295 0.639045
vt 0.697295 0.646536
vt 0.004648 0.948034
vt 0.011761 0.948131
vt 0.003265 0.951183
vt 0.239690 0.736921
vt 0.061441 0.680243
vt 0.059215 0.670587
vt 0.406710 0.584952
vt 0.416048 0.576012
vt 0.453384 0.585585
vt 0.471771 0.588448
vt 0.472178 0.602334
vt 0.484930 0.589102
vt 0.499488 0.590829
vt 0.501434 0.601992
vt 0.922050 0.526096
vt 0.908451 0.524739
vt 0.914471 0.543673
vt 0.421886 0.503768
vt 0.427379 0.493650
vt 0.440483 0.496606
vt 0.439173 0.482521
vt 0.433732 0.488787
vt 0.426388 0.485951
vt 0.420310 0.471037
vt 0.904810 0.624231
vt 0.142935 0.521216
vt 0.186471 0.520627
vt 0.211907 0.528450
vt 0.123369 0.713864
vt 0.153424 0.724221
vt 0.200498 0.719139
vt 0.575109 0.963726
vt 0.571161 0.971797
vt 0.560928 0.962079
vt 0.970128 0.885878
vt 0.966278 0.878153
vt 0.964878 0.890410
vt 0.966480 0.857166
vt 0.961527 0.875303
vt 0.959896 0.859010
vt 0.945271 0.977982
vt 0.942237 0.983187
vt 0.394022 0.576068
vt 0.326529 0.478065
vt 0.319739 0.470595
vt 0.331063 0.464595
vt 0.333413 0.467585
vt 0.322585 0.396575
vt 0.308399 0.383307
vt 0.439677 0.490431
vt 0.442091 0.486976
vt 0.118593 0.515830
vt 0.137762 0.518227
vt 0.154030 0.518693
vt 0.278089 0.547426
vt 0.970444 0.867471
vt 0.971671 0.857524
vt 0.220840 0.718372
vt 0.232222 0.732699
vt 0.386534 0.571609
vt 0.404829 0.570621
vt 0.325729 0.460605
vt 0.297515 0.391361
vt 0.289243 0.375744
vt 0.281850 0.549699
vt 0.143404 0.710905
vt 0.400304 0.561432
vt 0.982153 0.409806
vt 0.977380 0.401346
vt 0.965026 0.413592
vt 0.957114 0.404571
vt 0.945162 0.419292
vt 0.500923 0.585850
vt 0.473216 0.840513
vt 0.482693 0.849105
vt 0.477275 0.836610
vt 0.306882 0.406718
vt 0.398945 0.500669
vt 0.393039 0.492531
vt 0.401123 0.488356
vt 0.135132 0.511239
vt 0.132050 0.503359
vt 0.264132 0.535169
vt 0.165486 0.714498
vt 0.191319 0.705619
vt 0.229297 0.712394
vt 0.233954 0.722703
vt 0.934420 0.405483
vt 0.920936 0.413503
vt 0.927299 0.424896
vt 0.914484 0.429019
vt 0.896675 0.423631
vt 0.898155 0.433052
vt 0.473195 0.853491
vt 0.324243 0.435919
vt 0.317512 0.446086
vt 0.322084 0.415862
vt 0.129436 0.506036
vt 0.328382 0.879666
vt 0.311433 0.884661
vt 0.309610 0.879121
vt 0.280006 0.542054
vt 0.305831 0.878955
vt 0.299907 0.888109
vt 0.141111 0.703608
vt 0.167533 0.705178
vt 0.999534 0.397366
vt 0.984328 0.391926
vt 0.993626 0.405543
vt 0.908168 0.416241
vt 0.463400 0.841189
vt 0.467652 0.851630
vt 0.480681 0.861891
vt 0.490205 0.860722
vt 0.323437 0.448827
vt 0.316416 0.456933
vt 0.465019 0.863914
vt 0.461910 0.869382
vt 0.443563 0.869382
vt 0.449252 0.863764
vt 0.134050 0.496325
vt 0.237554 0.516924
vt 0.241260 0.723145
vt 0.253954 0.719127
vt 0.246904 0.726472
vt 0.967059 0.387065
vt 0.945061 0.396920
vt 0.898461 0.402138
vt 0.472163 0.859789
vt 0.196546 0.507222
vt 0.360759 0.875936
vt 0.340451 0.881505
vt 0.327435 0.886533
vt 0.989751 0.384061
vt 0.886994 0.407649
vt 0.128607 0.492739
vt 0.170616 0.480112
vt 0.215133 0.499856
vt 0.342858 0.886279
vt 0.184469 0.696635
vt 0.180091 0.686581
vt 0.206316 0.689353
vt 0.906825 0.391663
vt 0.444531 0.846162
vt 0.447853 0.855086
vt 0.448511 0.859921
vt 0.881453 0.466668
vt 0.886628 0.471749
vt 0.884177 0.458333
vt 0.312346 0.469996
vt 0.302062 0.452421
vt 0.135646 0.484365
vt 0.358817 0.882408
vt 0.951826 0.371478
vt 0.933078 0.372250
vt 0.284358 0.457414
vt 0.264962 0.456620
vt 0.271153 0.445088
vt 0.876617 0.489724
vt 0.151671 0.481177
vt 0.224799 0.500130
vt 0.358257 0.887128
vt 0.983878 0.358535
vt 0.962115 0.359442
vt 0.881577 0.371774
vt 0.882705 0.493058
vt 0.893190 0.472920
vt 0.381623 0.880362
vt 0.368426 0.886695
vt 0.993887 0.380735
vt 0.877166 0.393037
vt 0.862745 0.508102
vt 0.871757 0.489293
vt 0.862219 0.490055
vt 0.144469 0.479266
vt 0.210566 0.485314
vt 0.384841 0.884516
vt 0.906860 0.362924
vt 0.888812 0.362443
vt 0.873011 0.510951
vt 0.184509 0.477396
vt 0.426772 0.861891
vt 0.163766 0.474313
vt 0.198712 0.474215
vt 0.402455 0.881633
vt 0.933550 0.348864
vt 0.917385 0.355591
vt 0.868571 0.531148
vt 0.884896 0.501787
vt 0.175840 0.470989
vt 0.402122 0.886548
vt 0.978420 0.345834
vt 0.048976 0.123548
vt 0.071863 0.141428
vt 0.053157 0.140370
vt 0.873169 0.532867
vt 0.922995 0.329114
vt 0.909522 0.335996
vt 0.820153 0.378625
vt 0.833667 0.394848
vt 0.833486 0.360955
vt 0.858126 0.541974
vt 0.174159 0.464864
vt 0.944748 0.331893
vt 0.894557 0.344002
vt 0.868213 0.350258
vt 0.072203 0.034034
vt 0.050300 0.051904
vt 0.040864 0.039180
vt 0.185183 0.458768
vt 0.429571 0.888109
vt 0.411017 0.886568
vt 0.196254 0.461977
vt 0.876919 0.339084
vt 0.821936 0.404366
vt 0.880976 0.322090
vt 0.865674 0.554992
vt 0.184644 0.453652
vt 0.190031 0.454132
vt 0.084107 0.092288
vt 0.086923 0.115326
vt 0.072088 0.102279
vt 0.889851 0.307770
vt 0.858272 0.332531
vt 0.821488 0.424981
vt 0.835631 0.409162
vt 0.857408 0.556438
vt 0.965354 0.329768
vt 0.968634 0.309213
vt 0.955319 0.311601
vt 0.903837 0.305634
vt 0.861535 0.317177
vt 0.836139 0.425815
vt 0.863584 0.568564
vt 0.989414 0.300278
vt 0.980028 0.325921
vt 0.984222 0.320354
vt 0.102891 0.123380
vt 0.091873 0.137346
vt 0.935971 0.312236
vt 0.868443 0.305016
vt 0.854122 0.572616
vt 0.104157 0.020626
vt 0.105027 0.030862
vt 0.082135 0.025559
vt 0.090236 0.033052
vt 0.959337 0.298497
vt 0.878136 0.293152
vt 0.848916 0.299699
vt 0.096792 0.044147
vt 0.918509 0.290085
vt 0.945407 0.297143
vt 0.838870 0.308156
vt 0.852688 0.583186
vt 0.117259 0.018038
vt 0.122767 0.025609
vt 0.997923 0.288257
vt 0.993208 0.287055
vt 0.993705 0.301505
vt 0.978222 0.292408
vt 0.903176 0.287489
vt 0.889407 0.286339
vt 0.856317 0.286811
vt 0.825293 0.456273
vt 0.837919 0.454189
vt 0.846880 0.599619
vt 0.121720 0.031906
vt 0.955410 0.287132
vt 0.130098 0.018862
vt 0.861316 0.583000
vt 0.866887 0.581163
vt 0.999534 0.278266
vt 0.973732 0.280000
vt 0.901422 0.270196
vt 0.867763 0.276384
vt 0.841467 0.469438
vt 0.856592 0.600169
vt 0.991531 0.275719
vt 0.829470 0.477909
vt 0.812135 0.458640
vt 0.851484 0.617451
vt 0.861540 0.598931
vt 0.835355 0.278725
vt 0.815203 0.483529
vt 0.148676 0.013718
vt 0.143612 0.026689
vt 0.844683 0.614833
vt 0.867657 0.600354
vt 0.719076 0.007566
vt 0.724123 0.019640
vt 0.736316 0.013341
vt 0.877853 0.268314
vt 0.849347 0.484964
vt 0.719059 0.017936
vt 0.751341 0.026112
vt 0.755955 0.014290
vt 0.778161 0.036780
vt 0.771944 0.047928
vt 0.797334 0.063928
vt 0.858766 0.254350
vt 0.846795 0.269596
vt 0.839238 0.490953
vt 0.850102 0.630939
vt 0.860778 0.619404
vt 0.859180 0.630312
vt 0.715467 0.019415
vt 0.880607 0.254832
vt 0.800939 0.487660
vt 0.802675 0.512681
vt 0.817510 0.502351
vt 0.829720 0.503205
vt 0.164414 0.000468
vt 0.161870 0.012041
vt 0.727056 0.043983
vt 0.836849 0.246664
vt 0.175482 0.002770
vt 0.865430 0.629753
vt 0.866384 0.236676
vt 0.845036 0.235487
vt 0.846320 0.508017
vt 0.187765 0.008176
vt 0.174038 0.019473
vt 0.851816 0.653450
vt 0.853224 0.645239
vt 0.712301 0.044662
vt 0.799057 0.084763
vt 0.815875 0.070098
vt 0.862003 0.648098
vt 0.820017 0.526150
vt 0.832461 0.530361
vt 0.866590 0.651658
vt 0.821457 0.092397
vt 0.802955 0.110381
vt 0.806469 0.535261
vt 0.856513 0.665955
vt 0.864672 0.662129
vt 0.197522 0.001634
vt 0.706806 0.055347
vt 0.744236 0.043652
vt 0.725160 0.069855
vt 0.733901 0.071795
vt 0.826296 0.117625
vt 0.839086 0.103166
vt 0.847320 0.521665
vt 0.161324 0.146726
vt 0.175789 0.157789
vt 0.160794 0.170637
vt 0.791511 0.521166
vt 0.817926 0.121029
vt 0.216295 0.006173
vt 0.710036 0.083067
vt 0.846034 0.541100
vt 0.871014 0.670360
vt 0.799031 0.570674
vt 0.862021 0.684242
vt 0.869783 0.685726
vt 0.175390 0.119329
vt 0.199724 0.117943
vt 0.196666 0.143502
vt 0.833296 0.152657
vt 0.207194 0.039924
vt 0.215942 0.054141
vt 0.195350 0.057683
vt 0.226653 0.017993
vt 0.210994 0.027108
vt 0.199868 0.018140
vt 0.718188 0.085496
vt 0.835808 0.554878
vt 0.800703 0.140700
vt 0.820040 0.168799
vt 0.877498 0.683629
vt 0.713455 0.087244
vt 0.875839 0.694147
vt 0.041511 0.619696
vt 0.031549 0.607448
vt 0.023012 0.620318
vt 0.212443 0.143097
vt 0.209253 0.151214
vt 0.841196 0.564477
vt 0.872884 0.704871
vt 0.028018 0.607210
vt 0.228008 0.136614
vt 0.825203 0.570620
vt 0.721703 0.104891
vt 0.718066 0.121237
vt 0.735815 0.099688
vt 0.727555 0.129480
vt 0.807607 0.175006
vt 0.818284 0.595643
vt 0.838812 0.581405
vt 0.865260 0.707488
vt 0.875420 0.716069
vt 0.239858 0.011694
vt 0.256968 0.017835
vt 0.229260 0.013458
vt 0.868757 0.724143
vt 0.265402 0.032125
vt 0.881811 0.711303
vt 0.826864 0.589070
vt 0.809769 0.601797
vt 0.239377 0.148162
vt 0.236363 0.158531
vt 0.217407 0.153465
vt 0.825864 0.190086
vt 0.835144 0.185368
vt 0.836033 0.598410
vt 0.279095 0.030084
vt 0.876048 0.736039
vt 0.721703 0.138006
vt 0.235796 0.108705
vt 0.260699 0.099376
vt 0.266957 0.120498
vt 0.879495 0.729887
vt 0.828369 0.608070
vt 0.886774 0.732833
vt 0.278232 0.023025
vt 0.276709 0.047439
vt 0.256514 0.040965
vt 0.872016 0.740986
vt 0.881883 0.745477
vt 0.244047 0.126204
vt 0.281152 0.146192
vt 0.781708 0.180503
vt 0.781803 0.138297
vt 0.759475 0.170991
vt 0.821464 0.629439
vt 0.706317 0.151377
vt 0.717703 0.155062
vt 0.273192 0.149316
vt 0.876172 0.760118
vt 0.880854 0.754341
vt 0.834765 0.617979
vt 0.891071 0.757330
vt 0.812077 0.224441
vt 0.831712 0.630804
vt 0.305175 0.039713
vt 0.738960 0.176880
vt 0.757088 0.156118
vt 0.733659 0.158495
vt 0.289441 0.109982
vt 0.800927 0.226895
vt 0.264430 0.071086
vt 0.292475 0.074175
vt 0.822618 0.229894
vt 0.839086 0.214970
vt 0.698441 0.148742
vt 0.701034 0.154294
vt 0.710489 0.156473
vt 0.713116 0.160391
vt 0.283411 0.120979
vt 0.283119 0.133847
vt 0.430576 0.986736
vt 0.414393 0.981571
vt 0.421089 0.980691
vt 0.884540 0.767730
vt 0.887902 0.769437
vt 0.417889 0.989854
vt 0.302558 0.025839
vt 0.418335 0.977296
vt 0.434235 0.978394
vt 0.288680 0.155797
vt 0.289976 0.147708
vt 0.399436 0.987684
vt 0.821866 0.656754
vt 0.826700 0.665065
vt 0.834922 0.649228
vt 0.403332 0.979889
vt 0.404797 0.975464
vt 0.893190 0.782303
vt 0.339949 0.031072
vt 0.315930 0.128161
vt 0.391129 0.984904
vt 0.300656 0.157024
vt 0.295376 0.161225
vt 0.300784 0.146491
vt 0.301414 0.151109
vt 0.320438 0.115233
vt 0.392325 0.978499
vt 0.339809 0.023794
vt 0.327232 0.025303
vt 0.715089 0.202022
vt 0.723642 0.193433
vt 0.716804 0.191397
vt 0.743568 0.193174
vt 0.737633 0.225151
vt 0.748106 0.214233
vt 0.372900 0.986322
vt 0.704756 0.198210
vt 0.711398 0.194287
vt 0.702913 0.193131
vt 0.013931 0.637015
vt 0.010894 0.630008
vt 0.007929 0.640943
vt 0.307964 0.158650
vt 0.336320 0.143011
vt 0.333468 0.132313
vt 0.807501 0.262464
vt 0.832030 0.241261
vt 0.817879 0.270492
vt 0.834250 0.250557
vt 0.015392 0.628745
vt 0.758545 0.242507
vt 0.761067 0.202614
vt 0.776606 0.250034
vt 0.782144 0.238752
vt 0.787865 0.252927
vt 0.307744 0.101347
vt 0.326110 0.077416
vt 0.338706 0.104665
vt 0.376455 0.978647
vt 0.719003 0.208089
vt 0.710607 0.207546
vt 0.366039 0.028999
vt 0.339649 0.042003
vt 0.826778 0.278741
vt 0.837590 0.675927
vt 0.365561 0.974334
vt 0.707750 0.221449
vt 0.707565 0.230002
vt 0.721280 0.228774
vt 0.827526 0.694273
vt 0.833405 0.711052
vt 0.362603 0.980733
vt 0.746431 0.253590
vt 0.346200 0.056705
vt 0.360913 0.073776
vt 0.353922 0.985178
vt 0.350127 0.148396
vt 0.318371 0.153017
vt 0.357504 0.095332
vt 0.363955 0.111449
vt 0.839842 0.694875
vt 0.728373 0.240774
vt 0.780102 0.274462
vt 0.792266 0.284049
vt 0.797015 0.256227
vt 0.714088 0.245649
vt 0.767979 0.267632
vt 0.802864 0.284457
vt 0.730204 0.271178
vt 0.377785 0.097218
vt 0.337437 0.981234
vt 0.341349 0.975267
vt 0.373759 0.131306
vt 0.354037 0.130068
vt 0.814893 0.301363
vt 0.365325 0.039110
vt 0.388652 0.044985
vt 0.369109 0.054874
vt 0.841543 0.723296
vt 0.716381 0.254110
vt 0.722211 0.250550
vt 0.723080 0.258675
vt 0.779271 0.298762
vt 0.827369 0.296482
vt 0.325443 0.984966
vt 0.336277 0.984283
vt 0.389855 0.027983
vt 0.391479 0.036053
vt 0.743340 0.288324
vt 0.395214 0.058392
vt 0.367102 0.081733
vt 0.390688 0.078854
vt 0.801480 0.316721
vt 0.807561 0.334048
vt 0.708835 0.268709
vt 0.720797 0.271413
vt 0.725681 0.272038
vt 0.753521 0.287234
vt 0.392441 0.110232
vt 0.381464 0.120371
vt 0.711225 0.257151
vt 0.704810 0.266119
vt 0.024972 0.992977
vt 0.025953 0.988296
vt 0.035914 0.992281
vt 0.712600 0.277222
vt 0.373134 0.136919
vt 0.378372 0.148249
vt 0.368600 0.149106
vt 0.822351 0.321575
vt 0.412259 0.045764
vt 0.844805 0.746079
vt 0.422400 0.038467
vt 0.322155 0.974468
vt 0.500466 0.157772
vt 0.491230 0.154026
vt 0.489272 0.157772
vt 0.382554 0.138806
vt 0.383245 0.146102
vt 0.814127 0.329432
vt 0.835951 0.736567
vt 0.408825 0.027709
vt 0.724491 0.285725
vt 0.397280 0.123743
vt 0.310943 0.975375
vt 0.387608 0.145910
vt 0.746241 0.301546
vt 0.302449 0.983619
vt 0.308550 0.971146
vt 0.397783 0.129561
vt 0.406267 0.120660
vt 0.405274 0.109283
vt 0.420548 0.095558
vt 0.422441 0.030051
vt 0.735874 0.283342
vt 0.735393 0.310310
vt 0.772096 0.313441
vt 0.782935 0.321657
vt 0.842256 0.756781
vt 0.294649 0.972218
vt 0.725560 0.307312
vt 0.743678 0.312438
vt 0.811890 0.350461
vt 0.822809 0.342800
vt 0.433032 0.046181
vt 0.295771 0.975511
vt 0.410243 0.121868
vt 0.762260 0.312038
vt 0.757077 0.328950
vt 0.079535 0.933052
vt 0.077680 0.926967
vt 0.091884 0.925515
vt 0.080738 0.923235
vt 0.416002 0.111734
vt 0.419068 0.118367
vt 0.773416 0.339782
vt 0.785222 0.333150
vt 0.846357 0.777447
vt 0.289039 0.976365
vt 0.723503 0.320342
vt 0.063899 0.933052
vt 0.073925 0.920845
vt 0.080297 0.917135
vt 0.422991 0.111371
vt 0.765667 0.337777
vt 0.270790 0.982958
vt 0.277400 0.980824
vt 0.280564 0.961802
vt 0.450796 0.037953
vt 0.730744 0.324691
vt 0.067199 0.926518
vt 0.426274 0.114727
vt 0.069125 0.919448
vt 0.541726 0.051182
vt 0.543510 0.041881
vt 0.537780 0.043507
vt 0.437944 0.078158
vt 0.438395 0.086532
vt 0.779626 0.346173
vt 0.782130 0.352331
vt 0.554076 0.056306
vt 0.553769 0.049871
vt 0.443508 0.093091
vt 0.430055 0.107874
vt 0.818772 0.366575
vt 0.454624 0.045328
vt 0.451652 0.053383
vt 0.843275 0.780789
vt 0.271486 0.974345
vt 0.267866 0.970965
vt 0.749521 0.318790
vt 0.746317 0.348425
vt 0.768298 0.347993
vt 0.771318 0.348510
vt 0.775882 0.350884
vt 0.810718 0.365996
vt 0.761567 0.357971
vt 0.750926 0.353988
vt 0.460398 0.095299
vt 0.450252 0.104806
vt 0.438922 0.108094
vt 0.813603 0.378639
vt 0.250290 0.981275
vt 0.261449 0.959270
vt 0.767164 0.360722
vt 0.807170 0.373461
vt 0.839087 0.792983
vt 0.844819 0.795209
vt 0.474094 0.053808
vt 0.849275 0.797044
vt 0.469748 0.041482
vt 0.447582 0.080035
vt 0.466970 0.084681
vt 0.960030 0.449824
vt 0.965019 0.444774
vt 0.959712 0.463903
vt 0.962862 0.465824
vt 0.252510 0.965323
vt 0.809616 0.389472
vt 0.243487 0.977231
vt 0.241947 0.972049
vt 0.749877 0.370364
vt 0.758629 0.373577
vt 0.765480 0.370046
vt 0.958865 0.439729
vt 0.834943 0.803122
vt 0.479628 0.037100
vt 0.492740 0.039563
vt 0.474487 0.094330
vt 0.837525 0.819017
vt 0.844381 0.816904
vt 0.483407 0.050094
vt 0.743074 0.370543
vt 0.753375 0.378911
vt 0.760836 0.382300
vt 0.965019 0.427778
vt 0.805847 0.397435
vt 0.812992 0.406707
vt 0.229909 0.989854
vt 0.252544 0.985773
vt 0.958489 0.425562
vt 0.498892 0.045129
vt 0.222910 0.982887
vt 0.239250 0.965658
vt 0.746469 0.377233
vt 0.809140 0.412592
vt 0.492201 0.055544
vt 0.218367 0.990169
vt 0.813651 0.427560
vt 0.843530 0.836261
vt 0.846821 0.827400
vt 0.524588 0.033381
vt 0.513713 0.039539
vt 0.836514 0.837425
vt 0.849347 0.838213
vt 0.521290 0.044311
vt 0.506389 0.048097
vt 0.206623 0.989624
vt 0.211929 0.981717
vt 0.836232 0.842228
vt 0.992465 0.137232
vt 0.764112 0.385522
vt 0.988161 0.149706
vt 0.264689 0.799258
vt 0.259629 0.809457
vt 0.069496 0.174295
vt 0.066619 0.179307
vt 0.274538 0.790536
vt 0.444496 0.119253
vt 0.450761 0.112828
vt 0.450569 0.128941
vt 0.453825 0.118559
vt 0.445345 0.136456
vt 0.978657 0.170848
vt 0.984107 0.179869
vt 0.283712 0.804914
vt 0.293785 0.802856
vt 0.987871 0.193302
vt 0.314939 0.775451
vt 0.978078 0.190992
vt 0.451665 0.149786
vt 0.983919 0.194569
vt 0.761609 0.425437
vt 0.340447 0.729494
vt 0.074174 0.241007
vt 0.314665 0.802430
vt 0.092622 0.278799
vt 0.341413 0.725356
vt 0.449259 0.167722
vt 0.453825 0.170487
vt 0.073003 0.249060
vt 0.993937 0.209919
vt 0.083742 0.240706
vt 0.077176 0.246074
vt 0.327130 0.800025
vt 0.637517 0.621028
vt 0.633565 0.620130
vt 0.627856 0.631942
vt 0.448691 0.180243
vt 0.341327 0.795305
vt 0.148500 0.763577
vt 0.153451 0.761731
vt 0.146502 0.757959
vt 0.634636 0.641854
vt 0.647855 0.616573
vt 0.629197 0.638706
vt 0.647855 0.641159
vt 0.111651 0.251143
vt 0.339765 0.804050
vt 0.133824 0.761759
vt 0.375273 0.714405
vt 0.787543 0.454705
vt 0.799880 0.453561
vt 0.622668 0.640213
vt 0.122697 0.296865
vt 0.126872 0.758072
vt 0.368511 0.742287
vt 0.795223 0.469021
vt 0.112245 0.763577
vt 0.395540 0.710823
vt 0.107495 0.761260
vt 0.136802 0.303512
vt 0.375466 0.995064
vt 0.145415 0.303255
vt 0.152001 0.320645
vt 0.146092 0.323242
vt 0.140920 0.315899
vt 0.149219 0.299514
vt 0.407155 0.687364
vt 0.103078 0.762233
vt 0.414447 0.688474
vt 0.423416 0.698417
vt 0.163264 0.311561
vt 0.163980 0.315981
vt 0.169174 0.316179
vt 0.175667 0.310417
vt 0.172325 0.318952
vt 0.992071 0.583802
vt 0.185834 0.331409
vt 0.446947 0.708326
vt 0.439152 0.681793
vt 0.192978 0.325033
vt 0.826026 0.843720
vt 0.820079 0.849719
vt 0.817919 0.844676
vt 0.196556 0.327727
vt 0.822660 0.835947
vt 0.202942 0.321404
vt 0.817631 0.832552
vt 0.453424 0.685145
vt 0.210465 0.321136
vt 0.210685 0.318033
vt 0.468851 0.691000
vt 0.823128 0.818744
vt 0.820706 0.816543
vt 0.438464 0.765905
vt 0.442528 0.781587
vt 0.475518 0.694869
vt 0.219724 0.333816
vt 0.216354 0.332484
vt 0.987256 0.476915
vt 0.989272 0.481305
vt 0.986931 0.484309
vt 0.825440 0.810796
vt 0.820825 0.807517
vt 0.976899 0.487718
vt 0.478546 0.699887
vt 0.822523 0.800031
vt 0.818944 0.799686
vt 0.445070 0.986423
vt 0.437034 0.989232
vt 0.446362 0.989232
vt 0.485841 0.693018
vt 0.960440 0.488296
vt 0.826026 0.784176
vt 0.501140 0.697170
vt 0.500466 0.709011
vt 0.959307 0.473315
vt 0.949651 0.485567
vt 0.946877 0.487718
vt 0.324843 0.533240
vt 0.941698 0.481790
vt 0.522422 0.668071
vt 0.263939 0.292022
vt 0.336287 0.513293
vt 0.725280 0.483503
vt 0.730877 0.479869
vt 0.729777 0.493797
vt 0.275556 0.340309
vt 0.294938 0.332707
vt 0.546115 0.731017
vt 0.282908 0.262942
vt 0.569191 0.700582
vt 0.570819 0.694111
vt 0.313253 0.323471
vt 0.552136 0.718187
vt 0.285081 0.218832
vt 0.730877 0.536985
vt 0.311693 0.325297
vt 0.562329 0.749502
vt 0.473414 0.355337
vt 0.492071 0.355337
vt 0.482200 0.353464
vt 0.354771 0.347846
vt 0.344626 0.347439
vt 0.591071 0.763340
vt 0.498601 0.309010
vt 0.614997 0.671793
vt 0.622213 0.675445
vt 0.348414 0.268196
vt 0.625169 0.673086
vt 0.364791 0.346260
vt 0.604549 0.721591
vt 0.637400 0.676035
vt 0.598988 0.772542
vt 0.635330 0.679971
vt 0.785264 0.774813
vt 0.626773 0.740232
vt 0.383120 0.287040
vt 0.503265 0.074438
vt 0.484608 0.074438
vt 0.485770 0.071629
vt 0.652772 0.685692
vt 0.613130 0.787034
vt 0.617644 0.770919
vt 0.391860 0.275746
vt 0.669671 0.679598
vt 0.864272 0.715824
vt 0.863951 0.712473
vt 0.632483 0.787989
vt 0.413779 0.347846
vt 0.405873 0.344803
vt 0.413437 0.340253
vt 0.412590 0.229138
vt 0.066147 0.642790
vt 0.070429 0.638735
vt 0.065022 0.632806
vt 0.423986 0.337573
vt 0.911924 0.885999
vt 0.067516 0.624219
vt 0.673639 0.738174
vt 0.769791 0.851493
vt 0.700927 0.829460
vt 0.062978 0.612315
vt 0.066257 0.613019
vt 0.765967 0.876525
vt 0.715587 0.819051
vt 0.684136 0.749814
vt 0.790168 0.872510
vt 0.436186 0.227833
vt 0.776446 0.869056
vt 0.873451 0.903175
vt 0.063603 0.598133
vt 0.745664 0.884392
vt 0.673855 0.702238
vt 0.692631 0.720200
vt 0.723760 0.838483
vt 0.058097 0.602632
vt 0.648351 0.930798
vt 0.733675 0.829505
vt 0.624103 0.957032
vt 0.618735 0.967697
vt 0.618954 0.960453
vt 0.602038 0.964290
vt 0.875008 0.925179
vt 0.458624 0.309467
vt 0.770186 0.896865
vt 0.851514 0.921232
vt 0.459730 0.286814
vt 0.782814 0.898518
vt 0.585855 0.952127
vt 0.470012 0.302243
vt 0.061642 0.570996
vt 0.799513 0.914363
vt 0.058459 0.561334
vt 0.068957 0.551977
vt 0.483527 0.299100
vt 0.065699 0.556712
vt 0.675161 0.856108
vt 0.689655 0.856769
vt 0.640309 0.906367
vt 0.070429 0.545412
vt 0.701598 0.856319
vt 0.645313 0.906960
vt 0.533336 0.950703
vt 0.998601 0.522004
vt 0.995802 0.501940
vt 0.998601 0.492977
vt 0.874209 0.970066
vt 0.520061 0.941574
vt 0.639504 0.895197
vt 0.513031 0.948533
vt 0.904866 0.201498
vt 0.911259 0.184336
vt 0.883809 0.988256
vt 0.486766 0.940323
vt 0.827892 0.785673
vt 0.831623 0.777622
vt 0.831623 0.789479
vt 0.517614 0.928936
vt 0.625280 0.886335
vt 0.556707 0.908901
vt 0.494925 0.932264
vt 0.707556 0.093165
vt 0.707556 0.108146
vt 0.703825 0.099942
vt 0.829182 0.794476
vt 0.375617 0.672988
vt 0.627843 0.883870
vt 0.622528 0.880720
vt 0.571946 0.888395
vt 0.518828 0.907651
vt 0.504489 0.913921
vt 0.480699 0.935813
vt 0.645276 0.872116
vt 0.461854 0.939544
vt 0.429097 0.952333
vt 0.411165 0.967697
vt 0.398732 0.944015
vt 0.895982 0.712079
vt 0.202892 0.830154
vt 0.650563 0.859734
vt 0.607114 0.870239
vt 0.914994 0.046348
vt 0.920702 0.047347
vt 0.916647 0.052521
vt 0.389600 0.951037
vt 0.655460 0.604672
vt 0.648202 0.610955
vt 0.653131 0.602691
vt 0.642173 0.609399
vt 0.226958 0.824010
vt 0.660914 0.854988
vt 0.050173 0.974296
vt 0.051523 0.967227
vt 0.038626 0.975095
vt 0.909981 0.056470
vt 0.078999 0.969057
vt 0.656250 0.601937
vt 0.635199 0.607718
vt 0.016367 0.585674
vt 0.009629 0.581603
vt 0.659830 0.848486
vt 0.402833 0.938353
vt 0.914421 0.061230
vt 0.652061 0.594908
vt 0.634937 0.597221
vt 0.919593 0.773669
vt 0.626326 0.609391
vt 0.626493 0.599146
vt 0.620510 0.600515
vt 0.621231 0.610955
vt 0.162593 0.938227
vt 0.165756 0.924390
vt 0.152992 0.927838
vt 0.567432 0.869407
vt 0.512954 0.895667
vt 0.494765 0.899760
vt 0.403839 0.930784
vt 0.035914 0.956083
vt 0.040468 0.951933
vt 0.076001 0.954699
vt 0.506490 0.323502
vt 0.504198 0.332605
vt 0.928638 0.764721
vt 0.136660 0.975095
vt 0.113272 0.970782
vt 0.136335 0.969990
vt 0.915005 0.066948
vt 0.924036 0.066948
vt 0.904210 0.782303
vt 0.216923 0.811271
vt 0.192301 0.814752
vt 0.182073 0.920286
vt 0.619869 0.003277
vt 0.635728 0.003277
vt 0.629389 0.001405
vt 0.595355 0.852714
vt 0.084884 0.428726
vt 0.086287 0.419547
vt 0.081113 0.421655
vt 0.082573 0.429307
vt 0.054682 0.950828
vt 0.037092 0.947413
vt 0.080613 0.410241
vt 0.076513 0.415003
vt 0.071032 0.403759
vt 0.085232 0.955565
vt 0.515392 0.325838
vt 0.062910 0.307716
vt 0.069658 0.305712
vt 0.641203 0.590944
vt 0.647596 0.589117
vt 0.631996 0.956183
vt 0.630131 0.960206
vt 0.630131 0.950843
vt 0.324541 0.902233
vt 0.327181 0.919348
vt 0.333489 0.945225
vt 0.315329 0.907653
vt 0.315742 0.903270
vt 0.224797 0.812563
vt 0.316469 0.921030
vt 0.310168 0.906353
vt 0.176082 0.818964
vt 0.130668 0.927975
vt 0.127368 0.941479
vt 0.493783 0.654148
vt 0.512593 0.663493
vt 0.506996 0.663390
vt 0.507923 0.667123
vt 0.037806 0.581568
vt 0.512593 0.670880
vt 0.075093 0.565770
vt 0.659983 0.838827
vt 0.651448 0.838902
vt 0.040688 0.947097
vt 0.066689 0.406164
vt 0.067376 0.382630
vt 0.100299 0.957086
vt 0.059895 0.368927
vt 0.639555 0.579340
vt 0.048664 0.403719
vt 0.058652 0.404060
vt 0.054490 0.400616
vt 0.053390 0.409835
vt 0.044772 0.417855
vt 0.050649 0.418554
vt 0.043746 0.410896
vt 0.176825 0.909766
vt 0.190457 0.907977
vt 0.402870 0.928742
vt 0.080387 0.326259
vt 0.083645 0.328487
vt 0.086287 0.313551
vt 0.071907 0.417614
vt 0.075480 0.428192
vt 0.077185 0.339205
vt 0.085447 0.310199
vt 0.066603 0.417288
vt 0.065403 0.424108
vt 0.072437 0.347774
vt 0.067317 0.355557
vt 0.059444 0.390504
vt 0.051555 0.335897
vt 0.051383 0.308139
vt 0.056940 0.420356
vt 0.052664 0.378367
vt 0.644796 0.577826
vt 0.048859 0.369110
vt 0.043542 0.361108
vt 0.491710 0.645260
vt 0.874425 0.046980
vt 0.596384 0.594113
vt 0.601213 0.596910
vt 0.599892 0.588513
vt 0.594492 0.578880
vt 0.591685 0.531163
vt 0.489762 0.883005
vt 0.436190 0.898557
vt 0.394583 0.911383
vt 0.395331 0.927582
vt 0.383996 0.929218
vt 0.374760 0.932093
vt 0.043445 0.337993
vt 0.229302 0.808057
vt 0.193489 0.798252
vt 0.178445 0.801726
vt 0.134667 0.810376
vt 0.983675 0.702715
vt 0.968501 0.698970
vt 0.959986 0.700298
vt 0.586287 0.534898
vt 0.578255 0.851395
vt 0.509380 0.876562
vt 0.467155 0.889503
vt 0.048723 0.324213
vt 0.048287 0.310056
vt 0.046085 0.305774
vt 0.235668 0.805578
vt 0.231571 0.788554
vt 0.215360 0.793920
vt 0.038471 0.312429
vt 0.035247 0.306450
vt 0.032899 0.309169
vt 0.628277 0.577251
vt 0.170392 0.897722
vt 0.117774 0.815028
vt 0.886003 0.050173
vt 0.931187 0.701300
vt 0.923014 0.699432
vt 0.585074 0.533381
vt 0.584910 0.515357
vt 0.368937 0.915857
vt 0.023183 0.309188
vt 0.491364 0.634227
vt 0.124534 0.905925
vt 0.186956 0.895165
vt 0.887790 0.039382
vt 0.885464 0.066670
vt 0.894376 0.137134
vt 0.919310 0.702715
vt 0.891816 0.120939
vt 0.582233 0.547543
vt 0.555255 0.843437
vt 0.065765 0.761631
vt 0.146166 0.794046
vt 0.152240 0.888498
vt 0.174908 0.884722
vt 0.187834 0.882499
vt 0.424291 0.414197
vt 0.433348 0.413540
vt 0.446647 0.409492
vt 0.464783 0.399685
vt 0.469310 0.405170
vt 0.487859 0.385711
vt 0.608806 0.167135
vt 0.577204 0.570419
vt 0.574033 0.571522
vt 0.588016 0.830056
vt 0.503374 0.861154
vt 0.571740 0.440922
vt 0.588145 0.442231
vt 0.571968 0.426572
vt 0.589495 0.421639
vt 0.574510 0.407894
vt 0.591724 0.398446
vt 0.582363 0.345722
vt 0.595651 0.366481
vt 0.600997 0.323347
vt 0.587180 0.318573
vt 0.601213 0.297398
vt 0.589866 0.308352
vt 0.590542 0.297030
vt 0.230188 0.777663
vt 0.224056 0.777622
vt 0.209716 0.779139
vt 0.185021 0.783724
vt 0.494088 0.624380
vt 0.129114 0.795154
vt 0.520056 0.633992
vt 0.112427 0.800072
vt 0.097145 0.806874
vt 0.080546 0.811943
vt 0.490740 0.392700
vt 0.495624 0.385834
vt 0.504461 0.415137
vt 0.514745 0.405537
vt 0.498850 0.376698
vt 0.507672 0.377702
vt 0.521928 0.402552
vt 0.517149 0.395434
vt 0.505867 0.371286
vt 0.522855 0.394656
vt 0.567614 0.531106
vt 0.578999 0.376038
vt 0.579448 0.324487
vt 0.081728 0.679353
vt 0.461711 0.413977
vt 0.475356 0.406941
vt 0.481282 0.421576
vt 0.493882 0.406043
vt 0.478758 0.416691
vt 0.501097 0.396194
vt 0.511223 0.396480
vt 0.508355 0.385951
vt 0.573912 0.595502
vt 0.561439 0.591156
vt 0.247668 0.829061
vt 0.264786 0.813174
vt 0.281596 0.807584
vt 0.283275 0.818478
vt 0.087083 0.650539
vt 0.078258 0.655750
vt 0.590015 0.289580
vt 0.587682 0.275534
vt 0.585175 0.284247
vt 0.912275 0.504438
vt 0.928878 0.503502
vt 0.915539 0.475187
vt 0.344893 0.503929
vt 0.319992 0.497969
vt 0.328195 0.494427
vt 0.501768 0.619186
vt 0.447085 0.435368
vt 0.084223 0.526777
vt 0.555818 0.596583
vt 0.549321 0.569165
vt 0.546394 0.517742
vt 0.570448 0.495794
vt 0.862437 0.829407
vt 0.700453 0.698970
vt 0.288207 0.819696
vt 0.073044 0.650746
vt 0.079051 0.659752
vt 0.075696 0.658179
vt 0.342732 0.902910
vt 0.341537 0.910159
vt 0.343958 0.919187
vt 0.354926 0.910114
vt 0.362407 0.913873
vt 0.076655 0.676622
vt 0.362407 0.901055
vt 0.605897 0.024134
vt 0.142862 0.782993
vt 0.918571 0.516328
vt 0.936397 0.524938
vt 0.558807 0.159440
vt 0.550148 0.144798
vt 0.558876 0.406002
vt 0.562933 0.380552
vt 0.564634 0.354586
vt 0.574339 0.322068
vt 0.866678 0.809045
vt 0.573438 0.981003
vt 0.570384 0.989232
vt 0.561062 0.984762
vt 0.557023 0.989207
vt 0.556437 0.981137
vt 0.863272 0.816823
vt 0.582695 0.980975
vt 0.590475 0.988901
vt 0.356066 0.956461
vt 0.598384 0.987317
vt 0.591613 0.980922
vt 0.603327 0.982197
vt 0.617892 0.986572
vt 0.605847 0.989207
vt 0.858962 0.833786
vt 0.656250 0.987338
vt 0.636546 0.988350
vt 0.635776 0.983158
vt 0.851213 0.851592
vt 0.572873 0.285787
vt 0.577136 0.273797
vt 0.968243 0.798122
vt 0.584105 0.250796
vt 0.333079 0.485815
vt 0.325130 0.489799
vt 0.926573 0.562804
vt 0.541266 0.128745
vt 0.549286 0.581820
vt 0.541774 0.483099
vt 0.555630 0.428298
vt 0.105486 0.722189
vt 0.976609 0.986499
vt 0.977145 0.982061
vt 0.971103 0.987360
vt 0.974065 0.977788
vt 0.365576 0.956461
vt 0.598447 0.973688
vt 0.970626 0.970399
vt 0.961573 0.955910
vt 0.959561 0.970866
vt 0.614838 0.978809
vt 0.707321 0.651051
vt 0.285054 0.829120
vt 0.292444 0.826941
vt 0.563601 0.256627
vt 0.543153 0.178019
vt 0.451112 0.475953
vt 0.447459 0.477964
vt 0.401664 0.854854
vt 0.393863 0.857210
vt 0.402727 0.848350
vt 0.395944 0.849939
vt 0.391732 0.854490
vt 0.391325 0.847854
vt 0.544069 0.545056
vt 0.966340 0.977916
vt 0.035692 0.162647
vt 0.040578 0.177960
vt 0.040578 0.160411
vt 0.584890 0.976453
vt 0.032732 0.187734
vt 0.030877 0.159644
vt 0.587282 0.968684
vt 0.564740 0.973694
vt 0.584109 0.970746
vt 0.028951 0.167859
vt 0.024720 0.167262
vt 0.688899 0.643458
vt 0.954591 0.954839
vt 0.290653 0.829061
vt 0.957349 0.952500
vt 0.962187 0.935767
vt 0.956418 0.929771
vt 0.959388 0.919875
vt 0.962481 0.914154
vt 0.953226 0.932559
vt 0.950661 0.954119
vt 0.949458 0.936046
vt 0.064775 0.648408
vt 0.423974 0.548693
vt 0.683139 0.040245
vt 0.060651 0.665899
vt 0.560883 0.228575
vt 0.353074 0.512413
vt 0.362369 0.505663
vt 0.352698 0.494390
vt 0.916751 0.562645
vt 0.405570 0.448509
vt 0.902987 0.637330
vt 0.413416 0.462912
vt 0.406146 0.857210
vt 0.408192 0.845963
vt 0.418377 0.853281
vt 0.455819 0.478168
vt 0.451632 0.478775
vt 0.453119 0.473715
vt 0.398980 0.844101
vt 0.692631 0.202715
vt 0.678049 0.199906
vt 0.673041 0.202715
vt 0.544281 0.581120
vt 0.542655 0.532052
vt 0.559560 0.325332
vt 0.570607 0.315127
vt 0.556995 0.971110
vt 0.016325 0.958333
vt 0.006558 0.958333
vt 0.015480 0.952306
vt 0.950452 0.963694
vt 0.957749 0.908948
vt 0.967780 0.897698
vt 0.009795 0.882531
vt 0.010500 0.885803
vt 0.013526 0.886236
vt 0.013526 0.876873
vt 0.384722 0.538392
vt 0.392246 0.534930
vt 0.384250 0.529567
vt 0.399852 0.541655
vt 0.949746 0.920832
vt 0.953622 0.893072
vt 0.372668 0.531853
vt 0.945736 0.881642
vt 0.937613 0.884730
vt 0.339557 0.474085
vt 0.357778 0.432471
vt 0.358047 0.420243
vt 0.339402 0.410503
vt 0.444137 0.493194
vt 0.929571 0.470506
vt 0.454655 0.485138
vt 0.451113 0.483278
vt 0.540886 0.563812
vt 0.542360 0.409929
vt 0.547135 0.396496
vt 0.550549 0.374199
vt 0.566605 0.302157
vt 0.947375 0.972384
vt 0.956578 0.873995
vt 0.954163 0.856273
vt 0.951329 0.874407
vt 0.378095 0.528558
vt 0.056885 0.660018
vt 0.056437 0.652262
vt 0.946608 0.856758
vt 0.939750 0.856896
vt 0.566603 0.293813
vt 0.549833 0.274220
vt 0.934973 0.857326
vt 0.932631 0.871081
vt 0.927429 0.873472
vt 0.925840 0.861079
vt 0.368494 0.497332
vt 0.358010 0.487848
vt 0.378045 0.513090
vt 0.344937 0.468317
vt 0.394579 0.514513
vt 0.386838 0.503841
vt 0.408403 0.511143
vt 0.355163 0.452713
vt 0.349799 0.440912
vt 0.375167 0.451593
vt 0.340143 0.435323
vt 0.345460 0.422001
vt 0.395459 0.457591
vt 0.406345 0.458834
vt 0.449562 0.489312
vt 0.539280 0.543918
vt 0.544213 0.431054
vt 0.547883 0.351495
vt 0.974061 0.873507
vt 0.977145 0.859773
vt 0.546602 0.246523
vt 0.537373 0.220406
vt 0.533852 0.199727
vt 0.523762 0.181699
vt 0.527666 0.165776
vt 0.365173 0.478699
vt 0.354331 0.460763
vt 0.341546 0.452567
vt 0.332905 0.450364
vt 0.269258 0.368521
vt 0.410602 0.494570
vt 0.387390 0.467540
vt 0.411814 0.480805
vt 0.537148 0.402244
vt 0.541602 0.373462
vt 0.547499 0.323589
vt 0.540889 0.295132
vt 0.254537 0.378723
vt 0.275050 0.382731
vt 0.377649 0.492280
vt 0.378644 0.475814
vt 0.401561 0.471228
vt 0.534004 0.542466
vt 0.527204 0.495924
vt 0.530968 0.423523
vt 0.539034 0.392322
vt 0.389530 0.481309
vt 0.526614 0.464960
vt 0.532293 0.399540
vt 0.534443 0.388799
vt 0.129430 0.704922
vt 0.440765 0.183989
vt 0.440765 0.152154
vt 0.436101 0.171637
vt 0.009761 0.514513
vt 0.001399 0.510531
vt 0.043143 0.484003
vt 0.536417 0.361240
vt 0.539688 0.326739
vt 0.531038 0.276255
vt 0.533679 0.258529
vt 0.521835 0.202587
vt 0.519201 0.230545
vt 0.243955 0.401990
vt 0.264347 0.392124
vt 0.271684 0.400059
vt 0.299488 0.433764
vt 0.281431 0.408169
vt 0.518777 0.528589
vt 0.443390 0.321629
vt 0.481810 0.325520
vt 0.481494 0.341292
vt 0.525167 0.414469
vt 0.310940 0.887384
vt 0.164367 0.693673
vt 0.062771 0.492166
vt 0.528481 0.321933
vt 0.238484 0.716537
vt 0.244456 0.718872
vt 0.234331 0.390434
vt 0.283760 0.424814
vt 0.522344 0.424295
vt 0.098428 0.459362
vt 0.087028 0.480895
vt 0.209228 0.695624
vt 0.526133 0.297118
vt 0.998634 0.386419
vt 0.007920 0.144015
vt 0.000766 0.145608
vt 0.000466 0.130756
vt 0.251215 0.709886
vt 0.523217 0.259679
vt 0.294712 0.447719
vt 0.516370 0.559922
vt 0.528955 0.555988
vt 0.521486 0.554989
vt 0.454643 0.340484
vt 0.518747 0.447085
vt 0.243902 0.701763
vt 0.013398 0.115167
vt 0.260994 0.695217
vt 0.224692 0.412412
vt 0.207034 0.407658
vt 0.247998 0.416706
vt 0.510891 0.552779
vt 0.511506 0.501040
vt 0.511773 0.442305
vt 0.518137 0.428225
vt 0.138341 0.466093
vt 0.214664 0.675528
vt 0.138312 0.456441
vt 0.129788 0.442390
vt 0.237309 0.688211
vt 0.157661 0.441796
vt 0.149956 0.422141
vt 0.018225 0.141601
vt 0.173633 0.420260
vt 0.003749 0.110915
vt 0.270247 0.704921
vt 0.195894 0.429129
vt 0.253030 0.432352
vt 0.292243 0.470275
vt 0.305833 0.470561
vt 0.506301 0.555731
vt 0.498183 0.480898
vt 0.426772 0.341292
vt 0.236809 0.680040
vt 0.032392 0.117499
vt 0.025535 0.139240
vt 0.183025 0.439144
vt 0.005964 0.100008
vt 0.024461 0.101111
vt 0.281176 0.703740
vt 0.276530 0.690264
vt 0.290741 0.702299
vt 0.292387 0.691180
vt 0.217474 0.437381
vt 0.314088 0.699607
vt 0.314832 0.688987
vt 0.286534 0.671895
vt 0.229135 0.446829
vt 0.267438 0.467949
vt 0.020459 0.058807
vt 0.007908 0.066372
vt 0.004446 0.048306
vt 0.018163 0.044549
vt 0.499315 0.547226
vt 0.497697 0.530880
vt 0.502366 0.468803
vt 0.235803 0.669411
vt 0.166735 0.456475
vt 0.033123 0.131397
vt 0.258605 0.673909
vt 0.252821 0.667135
vt 0.188269 0.450560
vt 0.020398 0.082090
vt 0.006879 0.090196
vt 0.506965 0.450011
vt 0.989139 0.367540
vt 0.039540 0.138960
vt 0.021371 0.031934
vt 0.495214 0.512838
vt 0.049617 0.115035
vt 0.041666 0.105182
vt 0.040727 0.086171
vt 0.037399 0.068040
vt 0.042652 0.026858
vt 0.050364 0.030818
vt 0.490507 0.528281
vt 0.498136 0.465594
vt 0.386708 0.886190
vt 0.986333 0.354307
vt 0.484342 0.517342
vt 0.485819 0.485371
vt 0.488051 0.477548
vt 0.054275 0.065183
vt 0.059441 0.122547
vt 0.061515 0.089467
vt 0.478725 0.519763
vt 0.470187 0.509310
vt 0.481752 0.483835
vt 0.984585 0.339520
vt 0.067654 0.144417
vt 0.472191 0.498257
vt 0.074230 0.084541
vt 0.071947 0.058620
vt 0.077676 0.045875
vt 0.469475 0.497847
vt 0.092797 0.058523
vt 0.464086 0.512580
vt 0.464126 0.506524
vt 0.085142 0.152347
vt 0.088500 0.153144
vt 0.091013 0.149562
vt 0.110884 0.109215
vt 0.106939 0.066067
vt 0.099753 0.167143
vt 0.105331 0.156355
vt 0.121055 0.083188
vt 0.132152 0.058433
vt 0.117991 0.043285
vt 0.104096 0.169291
vt 0.857742 0.094101
vt 0.871735 0.096146
vt 0.851348 0.097846
vt 0.867072 0.097846
vt 0.120482 0.132375
vt 0.847481 0.094276
vt 0.114506 0.170566
vt 0.927306 0.272824
vt 0.132080 0.108502
vt 0.114472 0.180243
vt 0.122704 0.165147
vt 0.144857 0.039436
vt 0.121251 0.175572
vt 0.135363 0.085579
vt 0.713008 0.002109
vt 0.708040 0.001405
vt 0.713827 0.014003
vt 0.126986 0.174895
vt 0.141421 0.141478
vt 0.143234 0.118272
vt 0.131293 0.169981
vt 0.132666 0.164600
vt 0.900146 0.253729
vt 0.152917 0.107364
vt 0.159366 0.054029
vt 0.135787 0.172427
vt 0.132880 0.173650
vt 0.161260 0.131449
vt 0.781170 0.083205
vt 0.766665 0.072349
vt 0.190550 0.388109
vt 0.171175 0.391854
vt 0.173203 0.388669
vt 0.151885 0.174354
vt 0.173326 0.089064
vt 0.186796 0.031447
vt 0.198228 0.391854
vt 0.836079 0.079989
vt 0.189180 0.074736
vt 0.159322 0.173411
vt 0.186696 0.099865
vt 0.703918 0.054616
vt 0.170381 0.179314
vt 0.790116 0.107450
vt 0.201439 0.079990
vt 0.701887 0.062828
vt 0.178606 0.180243
vt 0.768798 0.098488
vt 0.194644 0.170411
vt 0.209218 0.091151
vt 0.724186 0.093014
vt 0.199695 0.161133
vt 0.705789 0.082392
vt 0.750214 0.117078
vt 0.197225 0.173507
vt 0.221974 0.100899
vt 0.767000 0.127729
vt 0.223485 0.073213
vt 0.228675 0.050548
vt 0.232578 0.034258
vt 0.200741 0.165045
vt 0.723512 0.097380
vt 0.439559 0.950843
vt 0.435168 0.963951
vt 0.448228 0.963951
vt 0.216757 0.157962
vt 0.205223 0.154775
vt 0.209503 0.154786
vt 0.019123 0.619696
vt 0.242409 0.084796
vt 0.242313 0.053028
vt 0.231289 0.162022
vt 0.740792 0.139820
vt 0.708173 0.126279
vt 0.240180 0.167521
vt 0.266048 0.051822
vt 0.703370 0.135590
vt 0.258299 0.162851
vt 0.264171 0.155875
vt 0.263076 0.177263
vt 0.284316 0.091422
vt 0.694496 0.146906
vt 0.266832 0.166467
vt 0.271742 0.155838
vt 0.913299 0.091292
vt 0.906250 0.094101
vt 0.918377 0.094101
vt 0.719986 0.175067
vt 0.305588 0.055232
vt 0.269731 0.170390
vt 0.271243 0.160559
vt 0.710313 0.176925
vt 0.704414 0.183879
vt 0.712492 0.186250
vt 0.328554 0.066790
vt 0.012457 0.640106
vt 0.015392 0.643727
vt 0.305070 0.151676
vt 0.089097 0.434925
vt 0.100280 0.435463
vt 0.085354 0.439607
vt 0.098949 0.439607
vt 0.317660 0.154638
vt 0.965444 0.566011
vt 0.963277 0.569757
vt 0.952892 0.569720
vt 0.306385 0.163350
vt 0.021103 0.388253
vt 0.021922 0.380618
vt 0.017257 0.385119
vt 0.968750 0.569720
vt 0.310632 0.162293
vt 0.703778 0.218086
vt 0.020193 0.401737
vt 0.332728 0.158765
vt 0.700774 0.229799
vt 0.017374 0.402257
vt 0.347519 0.137728
vt 0.021922 0.414326
vt 0.343171 0.163957
vt 0.344652 0.158968
vt 0.702952 0.238319
vt 0.351376 0.161495
vt 0.358285 0.145201
vt 0.358103 0.150045
vt 0.712249 0.248329
vt 0.012593 0.992281
vt 0.014748 0.989546
vt 0.409508 0.086456
vt 0.377792 0.153960
vt 0.387354 0.134719
vt 0.413886 0.069572
vt 0.706666 0.272726
vt 0.718449 0.273402
vt 0.419445 0.056850
vt 0.384039 0.152179
vt 0.719277 0.287788
vt 0.556479 0.015688
vt 0.553959 0.000468
vt 0.549240 0.005358
vt 0.795281 0.326853
vt 0.721146 0.304204
vt 0.552894 0.025685
vt 0.543809 0.016298
vt 0.419680 0.108409
vt 0.798425 0.347718
vt 0.543916 0.029464
vt 0.560168 0.032543
vt 0.556501 0.036831
vt 0.410200 0.128332
vt 0.744837 0.319218
vt 0.444026 0.071464
vt 0.870802 0.146991
vt 0.869771 0.139981
vt 0.864561 0.149716
vt 0.421201 0.123863
vt 0.664328 0.076718
vt 0.670145 0.073333
vt 0.663713 0.071629
vt 0.668333 0.084169
vt 0.560168 0.049640
vt 0.803309 0.358614
vt 0.869031 0.159904
vt 0.741588 0.331338
vt 0.664108 0.087546
vt 0.546760 0.056648
vt 0.863995 0.158974
vt 0.670243 0.093298
vt 0.665426 0.096713
vt 0.454396 0.066001
vt 0.868495 0.178222
vt 0.450943 0.073829
vt 0.450663 0.079265
vt 0.778810 0.358653
vt 0.790507 0.366188
vt 0.784080 0.370692
vt 0.453646 0.014905
vt 0.449578 0.022467
vt 0.440765 0.025749
vt 0.463790 0.065031
vt 0.741073 0.349033
vt 0.665234 0.109059
vt 0.670145 0.111891
vt 0.863136 0.177495
vt 0.463347 0.022001
vt 0.459452 0.017251
vt 0.797284 0.381312
vt 0.464657 0.103900
vt 0.454066 0.108265
vt 0.787911 0.385307
vt 0.870430 0.201021
vt 0.469673 0.011869
vt 0.862407 0.189421
vt 0.797549 0.398506
vt 0.478656 0.020852
vt 0.479402 0.062123
vt 0.482844 0.087119
vt 0.864610 0.203845
vt 0.478008 0.099810
vt 0.504486 0.020436
vt 0.483048 0.012864
vt 0.870802 0.208861
vt 0.494052 0.025649
vt 0.483492 0.007530
vt 0.751788 0.382937
vt 0.866620 0.215824
vt 0.487594 0.093195
vt 0.488190 0.084072
vt 0.804967 0.416755
vt 0.512914 0.025749
vt 0.510874 0.015845
vt 0.497206 0.010250
vt 0.499027 0.005150
vt 0.810848 0.432116
vt 0.528243 0.023467
vt 0.525002 0.021438
vt 0.513505 0.008956
vt 0.522963 0.017011
vt 0.529360 0.011146
vt 0.534048 0.009342
vt 0.533185 0.028495
vt 0.534048 0.033525
s 1
usemtl material_0.002
f 1205/1/1 1200/2/2 1202/3/3
f 2598/4/4 2595/5/5 2597/6/6
f 1205/1/1 1206/7/7 1200/2/2
f 2595/5/5 2596/8/8 2597/6/6
f 2597/6/6 2596/8/8 2599/9/9
f 2596/8/8 2600/10/10 2599/9/9
f 1490/11/11 1474/12/12 1473/13/13
f 1490/11/11 1473/13/13 1491/14/14
f 2596/8/8 2601/15/15 2600/10/10
f 415/16/16 365/17/17 390/18/18
f 1200/2/2 1206/7/7 1192/19/19
f 430/20/20 404/21/21 385/22/22
f 1472/23/23 1473/13/13 1474/12/12
f 404/21/21 390/18/18 385/22/22
f 390/18/18 365/17/17 385/22/22
f 1491/14/14 1473/13/13 1492/24/24
f 415/16/16 421/25/25 365/17/17
f 3420/26/26 3417/27/27 3421/28/28
f 430/20/20 385/22/22 412/29/29
f 385/22/22 365/17/17 321/30/30
f 595/31/31 594/32/32 596/33/33
f 598/34/34 595/31/31 596/33/33
f 2471/35/35 2472/36/36 2473/37/37
f 392/38/38 372/39/39 371/40/40
f 2472/36/36 2474/41/41 2473/37/37
f 385/22/22 311/42/42 412/29/29
f 1472/23/23 1471/43/43 1467/44/44
f 1472/23/23 1467/44/44 1473/13/13
f 385/22/22 321/30/30 311/42/42
f 421/25/25 399/45/45 365/17/17
f 365/17/17 399/45/45 298/46/46
f 365/17/17 298/46/46 321/30/30
f 3524/47/47 3523/48/48 3525/49/49
f 3525/49/49 3523/48/48 3528/50/50
f 421/25/25 433/51/51 405/52/52
f 421/25/25 405/52/52 399/45/45
f 3523/48/48 3527/53/53 3528/50/50
f 2608/54/54 2605/55/55 2609/56/56
f 412/29/29 311/42/42 289/57/57
f 321/30/30 298/46/46 311/42/42
f 595/31/31 593/58/58 594/32/32
f 3526/59/59 3517/60/60 3524/47/47
f 2609/56/56 2605/55/55 2607/61/61
f 2608/54/54 2606/62/62 2605/55/55
f 1475/63/63 1468/64/64 1471/43/43
f 1471/43/43 1468/64/64 1467/44/44
f 1467/44/44 1468/64/64 1469/65/65
f 298/46/46 257/66/66 311/42/42
f 593/58/58 590/67/67 594/32/32
f 2941/68/68 2942/69/69 2943/70/70
f 433/51/51 432/71/71 405/52/52
f 399/45/45 405/52/52 298/46/46
f 370/72/72 369/73/73 374/74/74
f 302/75/75 367/76/76 368/77/77
f 367/76/76 369/73/73 368/77/77
f 1468/64/64 1470/78/78 1469/65/65
f 593/58/58 592/79/79 590/67/67
f 3520/80/80 3519/81/81 3518/82/82
f 367/76/76 373/83/83 369/73/73
f 2605/55/55 2606/62/62 2607/61/61
f 3501/84/84 3414/85/85 3416/86/86
f 289/57/57 257/66/66 256/87/87
f 257/66/66 255/88/88 256/87/87
f 405/52/52 359/89/89 298/46/46
f 298/46/46 255/88/88 257/66/66
f 298/46/46 359/89/89 255/88/88
f 3514/90/90 3513/91/91 3527/53/53
f 2606/62/62 2602/92/92 2607/61/61
f 592/79/79 591/93/93 590/67/67
f 432/71/71 416/94/94 405/52/52
f 3519/81/81 3516/95/95 3518/82/82
f 3518/82/82 3516/95/95 3517/60/60
f 2602/92/92 2610/96/96 2607/61/61
f 405/52/52 416/94/94 359/89/89
f 367/76/76 376/97/97 373/83/83
f 302/75/75 222/98/98 367/76/76
f 2602/92/92 2604/99/99 2610/96/96
f 359/89/89 254/100/100 255/88/88
f 2943/70/70 2942/69/69 2944/101/101
f 432/71/71 436/102/102 416/94/94
f 367/76/76 222/98/98 376/97/97
s 0
f 3652/92/103 2603/103/103 3713/99/103
s 1
f 1198/104/104 1197/105/105 1207/106/106
f 1478/107/107 1479/108/108 1477/109/109
f 254/100/100 253/110/110 255/88/88
f 591/93/93 588/111/111 590/67/67
f 359/89/89 416/94/94 254/100/100
f 3516/95/95 3508/112/112 3514/90/90
s 0
f 3653/91/113 3512/113/113 3515/114/113
s 1
f 588/111/111 587/115/114 589/116/115
f 590/67/67 588/111/111 589/116/115
f 222/98/98 265/117/116 376/97/97
f 3534/118/117 3508/112/112 3516/95/95
f 3513/91/91 3508/112/112 3703/113/118
f 254/100/100 229/119/119 253/110/110
f 2579/120/120 2581/121/121 2582/122/122
f 3532/123/123 3471/124/124 3533/125/125
f 1309/126/126 1302/127/127 1310/128/128
f 3666/126/129 1299/129/130 1302/127/131
f 1299/129/130 1301/130/132 1302/127/131
f 2580/131/133 2591/132/134 2584/133/135
f 2580/131/133 2584/133/135 2581/121/121
f 1302/127/131 1301/130/132 1306/134/136
f 2581/121/121 2584/133/135 2583/135/137
f 229/119/119 217/136/138 253/110/110
f 1477/109/109 1479/108/108 1528/137/139
f 380/138/140 349/139/141 254/100/100
f 416/94/94 380/138/140 254/100/100
f 3715/123/142 3531/140/143 3667/124/144
f 1301/130/132 1303/141/145 1306/134/136
f 395/142/146 342/143/147 341/144/148
f 3508/112/112 3408/145/149 3703/113/118
f 587/115/114 584/146/150 589/116/115
f 436/102/102 437/147/151 380/138/140
f 436/102/102 380/138/140 416/94/94
f 3531/140/143 3466/148/152 3667/124/144
f 3667/124/144 3466/148/152 3469/149/153
f 3469/149/153 3466/148/152 3467/150/154
f 1299/129/130 1300/151/155 1301/130/132
f 1301/130/132 1300/151/155 1303/141/145
f 341/144/148 342/143/147 332/152/156
f 3508/112/112 3502/153/157 3408/145/149
f 253/110/110 217/136/138 223/154/158
f 3470/155/159 3466/148/152 3531/140/143
f 1300/151/155 1304/156/160 1303/141/145
f 1303/141/145 1304/156/160 1305/157/161
s 0
f 2592/158/162 2593/159/162 2594/160/162
s 1
f 342/143/147 330/161/163 332/152/156
f 323/162/164 265/117/116 314/163/165
f 1480/164/166 1481/165/167 1479/108/108
f 1479/108/108 1481/165/167 1528/137/139
f 254/100/100 349/139/141 229/119/119
f 3470/155/159 3463/166/168 3466/148/152
f 3466/148/152 3465/167/169 3467/150/154
f 3495/168/170 3508/112/112 3534/118/117
f 1481/165/167 1527/169/171 1528/137/139
f 588/111/111 583/170/172 587/115/114
f 1305/157/161 1307/171/173 1303/141/145
f 1303/141/145 1307/171/173 1308/172/174
f 1480/164/166 1482/173/175 1481/165/167
f 587/115/114 583/170/172 584/146/150
f 3470/155/159 3462/174/176 3463/166/168
f 266/175/177 267/176/178 348/177/179
f 265/117/116 219/178/180 266/175/177
f 3508/112/112 3411/179/181 3502/153/157
f 437/147/151 434/180/182 380/138/140
f 349/139/141 301/181/183 229/119/119
f 583/170/172 580/182/184 584/146/150
f 380/138/140 379/183/185 349/139/141
f 2462/184/186 2460/185/187 2459/186/188
f 3478/187/189 3473/188/190 3480/189/191
f 2466/190/192 2468/191/193 2469/192/194
f 330/161/163 292/193/195 319/194/196
f 348/177/179 292/193/195 330/161/163
f 3468/195/197 3464/196/198 3495/168/170
f 229/119/119 213/197/199 217/136/138
f 380/138/140 434/180/182 379/183/185
f 3473/188/190 3460/198/200 3480/189/191
f 2466/190/192 2467/199/201 2468/191/193
f 268/200/202 292/193/195 348/177/179
f 267/176/178 268/200/202 348/177/179
f 1482/173/175 1483/201/203 1481/165/167
f 1481/165/167 1519/202/204 1527/169/171
f 583/170/172 581/203/205 580/182/184
f 379/183/185 301/181/183 349/139/141
f 3478/187/189 3475/204/206 3473/188/190
f 293/205/207 270/206/208 295/207/209
f 2588/208/210 2589/209/211 2590/210/212
f 2467/199/201 2470/211/213 2468/191/193
f 220/212/214 210/213/215 219/178/180
f 3398/214/216 3403/215/217 3404/216/218
f 1481/165/167 1483/201/203 1519/202/204
f 3462/174/176 3458/217/219 3463/166/168
f 301/181/183 243/218/220 229/119/119
f 434/180/182 378/219/221 379/183/185
f 379/183/185 378/219/221 301/181/183
f 3475/204/206 3474/220/222 3473/188/190
f 3473/188/190 3474/220/222 3457/221/223
f 3473/188/190 3457/221/223 3460/198/200
f 3462/174/176 3459/222/224 3458/217/219
f 3541/223/225 3540/224/226 3543/225/227
f 3402/226/228 3401/227/229 3495/168/170
f 581/203/205 582/228/230 580/182/184
f 1482/173/175 1484/229/231 1483/201/203
f 243/218/220 208/230/232 213/197/199
f 1483/201/203 1485/231/233 1519/202/204
f 1519/202/204 1485/231/233 1515/232/234
f 3403/215/217 3394/233/235 3423/234/236
f 434/180/182 431/235/237 378/219/221
f 3458/217/219 3500/236/238 3464/196/198
f 3394/233/235 3395/237/239 3423/234/236
f 1484/229/231 1485/231/233 1483/201/203
f 301/181/183 299/238/240 243/218/220
f 378/219/221 299/238/240 301/181/183
f 582/228/230 579/239/241 580/182/184
f 580/182/184 579/239/241 577/240/242
f 268/200/202 206/241/243 269/242/244
f 429/243/245 276/244/246 411/245/247
f 3455/246/248 3451/247/249 3509/248/250
f 1485/231/233 1487/249/251 1515/232/234
f 3453/250/252 3449/251/253 3452/252/254
f 3453/250/252 3452/252/254 3455/246/248
f 276/244/246 277/253/255 251/254/256
f 3452/252/254 3451/247/249 3455/246/248
f 209/255/257 207/256/258 210/213/215
f 3394/233/235 3393/257/259 3395/237/239
f 299/238/240 240/258/260 243/218/220
f 1515/232/234 1487/249/251 1514/259/261
f 3452/252/254 3449/251/253 3451/247/249
f 3412/260/262 3397/261/263 3400/262/264
f 378/219/221 377/263/265 299/238/240
f 378/219/221 431/235/237 377/263/265
f 208/230/232 199/264/266 209/255/257
f 1487/249/251 1513/265/267 1514/259/261
f 299/238/240 300/266/268 240/258/260
f 299/238/240 377/263/265 300/266/268
f 579/239/241 578/267/269 577/240/242
f 3449/251/253 3448/268/270 3447/269/271
f 236/270/272 206/241/243 204/271/273
f 300/266/268 294/272/274 240/258/260
f 577/240/242 578/267/269 575/273/275
f 577/240/242 575/273/275 576/274/276
f 431/235/237 417/275/277 377/263/265
f 209/255/257 199/264/266 207/256/258
f 1487/249/251 1488/276/278 1513/265/267
f 1979/277/279 1977/278/280 1978/279/281
f 3461/280/282 3485/281/283 3530/282/284
f 3393/257/259 3388/283/285 3409/284/286
f 377/263/265 417/275/277 300/266/268
f 1977/278/280 1976/285/287 1978/279/281
f 1486/286/288 1488/276/278 1487/249/251
f 417/275/277 402/287/289 300/266/268
f 1977/278/280 1974/288/290 1976/285/287
f 393/289/291 362/290/292 364/291/293
f 1486/286/288 1531/292/294 1488/276/278
f 240/258/260 241/293/295 199/264/266
f 1488/276/278 1512/294/296 1513/265/267
f 294/272/274 241/293/295 240/258/260
f 578/267/269 586/295/297 575/273/275
s 0
f 2093/296/298 2091/297/298 2090/298/298
f 3692/298/299 3689/297/299 2092/299/299
s 1
f 362/290/292 358/300/300 363/301/301
f 343/302/302 264/303/303 333/304/304
f 248/305/305 263/306/306 264/303/303
f 3537/307/307 3536/308/308 3538/309/309
f 207/256/258 199/264/266 197/310/310
f 1488/276/278 1505/311/311 1512/294/296
f 576/274/276 575/273/275 574/312/312
f 300/266/268 402/287/289 294/272/274
f 263/306/306 286/313/313 393/289/291
f 1974/288/290 1975/314/314 1976/285/287
f 393/289/291 286/313/313 362/290/292
f 3447/269/271 3443/315/315 3485/281/283
f 264/303/303 263/306/306 333/304/304
f 402/287/289 366/316/316 294/272/274
f 1980/317/317 1986/318/318 1985/319/319
s 0
f 3690/319/320 3757/318/320 1988/320/320
s 1
f 362/290/292 286/313/313 358/300/300
f 1531/292/294 1526/321/321 1488/276/278
f 586/295/297 573/322/322 575/273/275
f 575/273/275 573/322/322 574/312/312
f 286/313/313 285/323/323 358/300/300
f 204/271/273 237/324/324 263/306/306
f 241/293/295 198/325/325 199/264/266
f 366/316/316 241/293/295 294/272/274
f 573/322/322 572/326/326 574/312/312
f 574/312/312 572/326/326 606/327/327
f 358/300/300 285/323/323 354/328/328
f 204/271/273 203/329/329 237/324/324
f 1531/292/294 1533/330/330 1526/321/321
f 1488/276/278 1526/321/321 1505/311/311
f 586/295/297 585/331/331 573/322/322
f 3487/332/332 3392/333/333 3389/334/334
f 1505/311/311 1511/335/335 1512/294/296
f 573/322/322 571/336/336 572/326/326
f 201/337/337 200/338/338 202/339/339
f 3392/333/333 3386/340/340 3389/334/334
f 3389/334/334 3386/340/340 3388/283/285
f 3442/341/341 3510/342/342 3444/343/343
f 3386/340/340 3387/344/344 3388/283/285
f 573/322/322 585/331/331 571/336/336
f 366/316/316 361/345/345 241/293/295
f 571/336/336 558/346/346 572/326/326
f 2230/347/347 2232/348/348 2233/349/349
f 2230/347/347 2231/350/350 2232/348/348
f 394/351/351 246/352/352 247/353/353
f 246/352/352 244/354/354 247/353/353
f 3673/350/355 2234/355/356 3655/348/357
s 0
f 3674/350/358 2235/356/358 3698/355/358
s 1
f 3505/357/359 3499/358/360 3506/359/361
f 232/360/362 245/361/363 285/323/323
f 286/313/313 232/360/362 285/323/323
f 1526/321/321 1520/362/364 1505/311/311
f 259/363/365 278/364/366 198/325/325
f 241/293/295 242/365/367 198/325/325
f 3497/366/368 3499/358/360 3505/357/359
f 203/329/329 205/367/369 237/324/324
f 3510/342/342 3385/368/370 3392/333/333
f 3392/333/333 3385/368/370 3386/340/340
f 197/310/310 200/338/338 201/337/337
f 196/369/371 198/325/325 278/364/366
f 1511/335/335 1496/370/372 1506/371/373
f 241/293/295 361/345/345 242/365/367
f 197/310/310 194/372/374 200/338/338
f 1505/311/311 1496/370/372 1511/335/335
f 558/346/346 557/373/375 605/374/376
f 407/375/377 329/376/378 361/345/345
f 205/367/369 200/338/338 211/377/379
f 3385/368/370 3384/378/380 3386/340/340
f 1520/362/364 1493/379/381 1505/311/311
f 1505/311/311 1493/379/381 1496/370/372
f 1496/370/372 1495/380/382 1506/371/373
f 571/336/336 570/381/383 558/346/346
f 3367/382/384 3441/383/385 3486/384/386
f 1533/330/330 1532/385/387 1520/362/364
f 196/369/371 278/364/366 195/386/388
f 231/387/389 244/354/354 245/361/363
f 232/360/362 231/387/389 245/361/363
f 200/338/338 194/372/374 211/377/379
f 259/363/365 274/388/390 278/364/366
f 242/365/367 274/388/390 259/363/365
f 570/381/383 562/389/391 558/346/346
f 562/389/391 554/390/392 558/346/346
f 558/346/346 554/390/392 557/373/375
f 3373/391/393 3364/392/394 3367/382/384
f 407/375/377 406/393/395 329/376/378
f 3365/394/396 3364/392/394 3373/391/393
f 3442/341/341 3489/395/397 3510/342/342
f 1496/370/372 1493/379/381 1495/380/382
f 2097/396/398 2099/397/399 2094/398/400
f 238/399/401 226/400/402 232/360/362
f 3489/395/397 3413/401/403 3510/342/342
f 3510/342/342 3413/401/403 3385/368/370
f 1532/385/387 1521/402/404 1520/362/364
f 1493/379/381 1494/403/405 1495/380/382
f 557/373/375 554/390/392 556/404/406
f 1520/362/364 1521/402/404 1493/379/381
f 329/376/378 279/405/407 242/365/367
f 406/393/395 328/406/408 329/376/378
f 238/399/401 239/407/409 226/400/402
f 554/390/392 555/408/410 556/404/406
f 406/393/395 409/409/411 328/406/408
f 1532/385/387 1529/410/412 1521/402/404
f 1522/411/413 1504/412/414 1493/379/381
f 1521/402/404 1522/411/413 1493/379/381
f 1494/403/405 1497/413/415 1498/414/416
f 562/389/391 559/415/417 554/390/392
f 554/390/392 559/415/417 555/408/410
f 228/416/418 227/417/419 230/418/420
f 1529/410/412 1522/411/413 1521/402/404
f 1493/379/381 1504/412/414 1497/413/415
f 1493/379/381 1497/413/415 1494/403/405
f 3348/419/421 3350/420/422 3352/421/423
f 230/418/420 227/417/419 260/422/424
f 239/407/409 191/423/425 226/400/402
f 3382/424/426 3383/425/427 3384/378/380
f 193/426/428 164/427/429 167/428/430
f 3383/425/427 3488/429/431 3391/430/432
f 280/431/433 279/405/407 282/432/434
f 225/433/435 234/434/436 260/422/424
f 227/417/419 225/433/435 260/422/424
f 3562/435/437 3559/436/438 3561/437/439
f 3347/438/440 3348/419/421 3349/439/441
f 3378/440/442 3382/424/426 3413/401/403
f 3381/441/443 3383/425/427 3382/424/426
f 1504/412/414 1499/442/444 1497/413/415
f 1497/413/415 1499/442/444 1498/414/416
f 279/405/407 283/443/445 282/432/434
f 279/405/407 327/444/446 283/443/445
f 409/409/411 408/445/447 327/444/446
f 225/433/435 233/446/448 234/434/436
f 191/423/425 190/447/449 225/433/435
f 3383/425/427 3390/448/450 3488/429/431
f 162/449/451 163/450/452 164/427/429
f 1529/410/412 1523/451/453 1522/411/413
f 165/452/454 261/453/455 162/449/451
f 559/415/417 560/454/456 555/408/410
f 555/408/410 560/454/456 561/455/457
f 3559/436/438 3558/456/458 3561/437/439
f 3381/441/443 3390/448/450 3383/425/427
f 1522/411/413 1523/451/453 1504/412/414
f 1504/412/414 1508/457/459 1499/442/444
f 281/458/460 282/432/434 287/459/461
f 3355/460/462 3354/461/463 3351/462/464
f 3351/462/464 3354/461/463 3353/463/465
f 3359/464/466 3363/465/467 3361/466/468
f 167/428/430 173/467/469 191/423/425
f 1530/468/470 1523/451/453 1529/410/412
f 1523/451/453 1508/457/459 1504/412/414
f 1498/414/416 1499/442/444 1500/469/471
f 559/415/417 563/470/472 560/454/456
f 3378/440/442 3381/441/443 3382/424/426
f 162/449/451 287/459/461 288/471/473
f 408/445/447 334/472/474 327/444/446
f 190/447/449 181/473/475 189/474/476
f 1530/468/470 1524/475/477 1523/451/453
f 162/449/451 288/471/473 166/476/478
f 288/471/473 287/459/461 284/477/479
f 1499/442/444 1501/478/480 1500/469/471
f 560/454/456 565/479/481 561/455/457
f 408/445/447 428/480/482 334/472/474
f 3355/460/462 3356/481/483 3354/461/463
f 3381/441/443 3425/482/484 3390/448/450
f 1523/451/453 1524/475/477 1508/457/459
f 1508/457/459 1501/478/480 1499/442/444
f 563/470/472 564/483/485 560/454/456
f 181/473/475 183/484/486 189/474/476
f 173/467/469 181/473/475 190/447/449
f 283/443/445 327/444/446 297/485/487
f 327/444/446 334/472/474 297/485/487
f 560/454/456 564/483/485 565/479/481
f 169/486/488 166/476/478 308/487/489
f 166/476/478 288/471/473 308/487/489
f 288/471/473 284/477/479 308/487/489
f 1501/478/480 1502/488/490 1500/469/471
f 334/472/474 335/489/491 297/485/487
f 192/490/492 214/491/493 215/492/494
f 183/484/486 184/493/495 192/490/492
f 3380/494/496 3503/495/497 3425/482/484
f 1524/475/477 1510/496/498 1508/457/459
f 1508/457/459 1510/496/498 1501/478/480
f 1501/478/480 1503/497/499 1502/488/490
f 335/489/491 304/498/500 297/485/487
f 564/483/485 566/499/501 565/479/481
f 565/479/481 567/500/502 607/501/503
f 420/502/504 335/489/491 334/472/474
f 192/490/492 184/493/495 214/491/493
f 1680/503/505 1667/504/506 1687/505/507
f 1681/506/508 1667/504/506 1659/507/509
f 1510/496/498 1518/508/510 1507/509/511
f 1510/496/498 1507/509/511 1501/478/480
f 297/485/487 304/498/500 303/510/512
f 3356/481/483 3372/511/513 3354/461/463
f 3372/511/513 3368/512/514 3354/461/463
f 1501/478/480 1507/509/511 1503/497/499
f 565/479/481 566/499/501 567/500/502
f 3490/513/515 3372/511/513 3356/481/483
f 308/487/489 316/514/516 170/515/517
f 1525/516/518 1518/508/510 1510/496/498
f 1524/475/477 1525/516/518 1510/496/498
f 420/502/504 403/517/519 335/489/491
f 303/510/512 306/518/520 307/519/521
f 335/489/491 351/520/522 304/498/500
f 351/520/522 305/521/523 304/498/500
f 403/517/519 351/520/522 335/489/491
f 566/499/501 569/522/524 568/523/525
f 566/499/501 568/523/525 567/500/502
f 420/502/504 435/524/526 403/517/519
f 410/525/527 3730/491/528 414/526/529
f 414/526/529 3730/491/528 185/527/530
f 3491/528/531 3372/511/513 3490/513/515
f 183/484/486 175/529/532 184/493/495
f 1518/508/510 1509/530/533 1507/509/511
f 1503/497/499 1509/530/533 1516/531/534
f 3492/532/535 3490/513/515 3493/533/536
f 316/514/516 307/519/521 320/534/537
f 1659/507/509 1652/535/538 1656/536/539
f 403/517/519 422/537/540 351/520/522
f 403/517/519 435/524/526 422/537/540
f 3492/532/535 3491/528/531 3490/513/515
f 3552/538/541 3553/539/542 3554/540/543
f 3507/541/544 3436/542/545 3427/543/546
f 1679/544/547 1666/545/548 1680/503/505
f 1680/503/505 1666/545/548 1667/504/506
f 1667/504/506 1652/535/538 1659/507/509
f 1646/546/549 1644/547/550 1648/548/551
f 1656/536/539 1646/546/549 1648/548/551
f 1509/530/533 1517/549/552 1516/531/534
f 569/522/524 597/550/553 568/523/525
f 597/550/553 599/551/554 568/523/525
f 1452/552/555 1453/553/556 1454/554/557
f 1652/535/538 1646/546/549 1656/536/539
f 1648/548/551 1644/547/550 1670/555/558
f 2927/556/559 2926/557/560 2922/558/561
f 1697/559/562 1692/560/563 1699/561/564
f 1699/561/564 1692/560/563 1694/562/565
f 1699/561/564 1694/562/565 1701/563/566
f 3556/564/567 3552/538/541 3557/565/568
f 3552/538/541 3555/566/569 3553/539/542
f 174/567/570 176/568/571 175/529/532
f 1666/545/548 1650/569/572 1652/535/538
f 1652/535/538 1650/569/572 1646/546/549
f 351/520/522 309/570/573 305/521/523
f 597/550/553 600/571/574 599/551/554
f 175/529/532 177/572/575 180/573/576
f 3429/574/577 3430/575/578 3428/576/579
f 351/520/522 396/577/580 309/570/573
f 2926/557/560 2923/578/581 2922/558/561
f 422/537/540 396/577/580 351/520/522
f 3552/538/541 3556/564/567 3555/566/569
f 3440/579/582 3434/580/583 3436/542/545
f 174/567/570 178/581/584 176/568/571
f 2922/558/561 2923/578/581 2924/582/585
f 396/577/580 397/583/586 309/570/573
f 177/572/575 176/568/571 188/584/587
f 1686/585/588 1675/586/589 1677/587/590
f 309/570/573 315/588/591 310/589/592
f 2923/578/581 2925/590/593 2924/582/585
f 1695/591/594 1691/592/595 1692/560/563
f 296/593/596 177/572/575 313/594/597
f 176/568/571 178/581/584 179/595/598
f 1677/587/590 1661/596/599 1658/597/600
f 309/570/573 397/583/586 315/588/591
f 179/595/598 178/581/584 324/598/601
f 178/581/584 340/599/602 324/598/601
f 310/589/592 337/600/603 336/601/604
f 188/584/587 179/595/598 344/602/605
f 340/599/602 352/603/606 324/598/601
f 1636/604/607 1709/605/608 1711/606/609
f 1711/606/609 1709/605/608 1710/607/610
f 397/583/586 398/608/611 315/588/591
f 2339/609/612 2263/610/613 2260/611/614
f 1413/612/615 1416/613/616 1406/614/617
f 2260/611/614 2263/610/613 2257/615/618
f 2260/611/614 2257/615/618 2259/616/619
f 344/602/605 179/595/598 345/617/620
f 1417/618/621 1413/612/615 1409/619/622
f 1417/618/621 1409/619/622 1399/620/623
f 1413/612/615 1406/614/617 1409/619/622
f 1662/621/624 1649/622/625 1661/596/599
f 1405/623/626 1411/624/627 1408/625/628
f 336/601/604 337/600/603 355/626/629
f 1411/624/627 1424/627/630 1408/625/628
f 1636/604/607 1634/628/631 1709/605/608
f 1709/605/608 1634/628/631 1710/607/610
f 1328/629/632 1334/630/633 1326/631/634
f 398/608/611 353/632/635 315/588/591
f 315/588/591 353/632/635 337/600/603
f 2339/609/612 2286/633/636 2263/610/613
f 2263/610/613 2262/634/637 2257/615/618
f 2259/616/619 2257/615/618 2258/635/638
f 1673/636/639 1663/637/640 1662/621/624
f 1634/628/631 1706/638/641 1710/607/610
f 1406/614/617 1403/639/642 1409/619/622
f 1406/614/617 1405/623/626 1403/639/642
f 1405/623/626 1408/625/628 1407/640/643
f 1408/625/628 1424/627/630 1407/640/643
f 1633/641/644 1632/642/645 1634/628/631
f 1634/628/631 1632/642/645 1706/638/641
f 337/600/603 353/632/635 355/626/629
f 2945/643/646 2946/644/647 2947/645/648
f 398/608/611 418/646/649 353/632/635
f 2569/647/650 2524/648/651 2510/649/652
f 2286/633/636 2285/650/653 2263/610/613
f 2263/610/613 2285/650/653 2262/634/637
f 2257/615/618 2254/651/654 2258/635/638
f 2511/652/655 2513/653/656 2514/654/657
f 1403/639/642 1405/623/626 1404/655/658
f 1405/623/626 1407/640/643 1404/655/658
f 2311/656/659 2282/657/660 2279/658/661
f 1401/659/662 1399/620/623 1397/660/663
f 1401/659/662 1397/660/663 1400/661/664
f 1399/620/623 1409/619/622 1396/662/665
f 1399/620/623 1396/662/665 1397/660/663
f 1409/619/622 1403/639/642 1396/662/665
f 1403/639/642 1404/655/658 1402/663/666
f 1424/627/630 1423/664/667 1407/640/643
f 353/632/635 381/665/668 355/626/629
f 2286/633/636 2279/658/661 2285/650/653
f 2262/634/637 2256/666/669 2257/615/618
f 2511/652/655 2512/667/670 2513/653/656
f 1671/668/671 1663/637/640 1672/669/672
f 1396/662/665 1403/639/642 1402/663/666
f 2947/645/648 2948/670/673 2949/671/674
f 418/646/649 419/672/675 353/632/635
f 2506/673/676 2510/649/652 2507/674/677
f 2285/650/653 2271/675/678 2262/634/637
f 2257/615/618 2256/666/669 2254/651/654
f 1397/660/663 1396/662/665 1387/676/679
f 1396/662/665 1402/663/666 1398/677/680
f 1404/655/658 1412/678/681 1402/663/666
f 1407/640/643 1410/679/682 1404/655/658
f 1407/640/643 1423/664/667 1410/679/682
f 1632/642/645 1631/680/683 1706/638/641
f 2946/644/647 2948/670/673 2947/645/648
f 2282/657/660 2281/681/684 2279/658/661
f 2256/666/669 2253/682/685 2254/651/654
f 2254/651/654 2253/682/685 2251/683/686
f 2253/682/685 2250/684/687 2251/683/686
f 2251/683/686 2250/684/687 2249/685/688
f 1690/686/689 1676/687/690 1684/688/691
f 1402/663/666 1414/689/692 1398/677/680
f 1402/663/666 1412/678/681 1414/689/692
f 1404/655/658 1410/679/682 1412/678/681
f 1633/641/644 1637/690/693 1630/691/694
f 1423/664/667 1425/692/695 1410/679/682
f 1632/642/645 1630/691/694 1631/680/683
f 381/665/668 384/693/696 383/694/697
f 381/665/668 383/694/697 382/695/698
f 353/632/635 419/672/675 384/693/696
f 2279/658/661 2271/675/678 2285/650/653
f 2262/634/637 2271/675/678 2256/666/669
f 1690/686/689 1693/696/699 1676/687/690
f 1392/697/700 1396/662/665 1395/698/701
f 1396/662/665 1398/677/680 1395/698/701
f 1414/689/692 1412/678/681 1418/699/702
f 1412/678/681 1410/679/682 1418/699/702
f 1654/700/703 1651/701/704 1640/702/705
f 1640/702/705 1651/701/704 1637/690/693
f 383/694/697 386/703/706 382/695/698
f 2279/658/661 2278/704/707 2271/675/678
f 2256/666/669 2261/705/708 2253/682/685
f 1676/687/690 1671/668/671 1684/688/691
f 1392/697/700 1395/698/701 1393/706/709
f 3277/707/710 3275/708/711 3279/709/712
f 502/710/713 504/711/714 503/712/715
f 3277/707/710 3276/713/716 3275/708/711
f 1398/677/680 1420/714/717 1395/698/701
f 505/715/718 504/711/714 502/710/713
f 1398/677/680 1419/716/719 1420/714/717
f 505/715/718 506/717/720 504/711/714
f 3332/718/721 3329/719/722 3331/720/723
f 3276/713/716 3273/721/724 3275/708/711
f 1419/716/719 1414/689/692 1422/722/725
f 506/717/720 531/723/726 504/711/714
f 506/717/720 529/724/727 531/723/726
f 1414/689/692 1418/699/702 1422/722/725
f 1631/680/683 1629/725/728 1707/726/729
f 2525/727/730 2515/728/731 2526/729/732
f 2249/685/688 2250/684/687 2247/730/733
f 2249/685/688 2247/730/733 2248/731/734
f 501/732/735 503/712/715 519/733/736
f 3288/734/737 3279/709/712 3284/735/738
f 508/736/739 502/710/713 512/737/740
f 512/737/740 502/710/713 501/732/735
f 501/732/735 502/710/713 503/712/715
f 503/712/715 535/738/741 519/733/736
f 1395/698/701 1420/714/717 1393/706/709
f 3275/708/711 3278/739/742 3279/709/712
f 502/710/713 508/736/739 505/715/718
f 3275/708/711 3274/740/743 3278/739/742
f 509/741/744 505/715/718 508/736/739
f 510/742/745 505/715/718 509/741/744
f 3275/708/711 3273/721/724 3274/740/743
f 510/742/745 511/743/746 505/715/718
f 511/743/746 507/744/747 505/715/718
f 505/715/718 507/744/747 506/717/720
f 507/744/747 529/724/727 506/717/720
f 3329/719/722 3330/745/748 3331/720/723
f 532/746/749 507/744/747 511/743/746
f 3240/747/750 3203/748/751 3241/749/752
f 3203/748/751 3247/750/753 3241/749/752
f 3241/749/752 3247/750/753 3283/751/754
f 532/746/749 536/752/755 530/753/756
f 532/746/749 530/753/756 507/744/747
f 507/744/747 530/753/756 529/724/727
f 1418/699/702 1410/679/682 1421/754/757
f 3240/747/750 3239/755/758 3203/748/751
f 3243/756/759 3219/757/760 3242/758/761
f 3242/758/761 3219/757/760 3239/755/758
f 3239/755/758 3219/757/760 3203/748/751
f 1410/679/682 1425/692/695 1426/759/762
f 1410/679/682 1426/759/762 1421/754/757
f 2948/670/673 2950/760/763 2949/671/674
f 419/672/675 426/761/764 384/693/696
f 2342/762/765 2280/763/766 2281/681/684
f 2281/681/684 2280/763/766 2279/658/661
f 2280/763/766 2278/704/707 2279/658/661
f 2250/684/687 2255/764/767 2247/730/733
f 501/732/735 519/733/736 514/765/768
f 521/766/769 508/736/739 512/737/740
f 1390/767/770 1389/768/771 1394/769/772
f 520/770/773 508/736/739 521/766/769
f 3284/735/738 3278/739/742 3280/771/774
f 1389/768/771 1393/706/709 1394/769/772
f 520/770/773 518/772/775 508/736/739
f 1393/706/709 1420/714/717 1427/773/776
f 533/774/777 509/741/744 518/772/775
f 509/741/744 508/736/739 518/772/775
f 3274/740/743 3273/721/724 3272/775/778
f 3273/721/724 3283/751/754 3271/776/779
f 3273/721/724 3271/776/779 3272/775/778
f 1637/690/693 1628/777/780 1630/691/694
f 3219/757/760 3194/778/781 3203/748/751
f 1630/691/694 1628/777/780 1629/725/728
f 3328/779/782 3326/780/783 3325/781/784
f 3325/781/784 3326/780/783 3327/782/785
f 3243/756/759 3270/783/786 3219/757/760
f 1708/784/787 1629/725/728 1625/785/788
f 2933/786/789 2934/787/790 2935/788/791
f 3188/789/792 3186/790/793 3189/791/794
f 384/693/696 426/761/764 391/792/795
f 2342/762/765 2406/793/796 2280/763/766
f 2278/704/707 2274/794/797 2271/675/678
f 2271/675/678 2265/795/798 2256/666/669
f 2256/666/669 2265/795/798 2261/705/708
f 2253/682/685 2261/705/708 2250/684/687
f 2250/684/687 2261/705/708 2255/764/767
f 2247/730/733 2242/796/799 2248/731/734
f 513/797/800 501/732/735 514/765/768
f 513/797/800 522/798/801 512/737/740
f 513/797/800 512/737/740 501/732/735
f 3291/799/802 3288/734/737 3286/800/803
f 522/798/801 521/766/769 512/737/740
f 3284/735/738 3285/801/804 3286/800/803
f 3284/735/738 3280/771/774 3285/801/804
f 1698/802/805 1678/803/806 1676/687/690
f 1693/696/699 1698/802/805 1676/687/690
f 1393/706/709 1427/773/776 1394/769/772
f 1678/803/806 1674/804/807 1676/687/690
f 3274/740/743 3280/771/774 3278/739/742
f 3274/740/743 3272/775/778 3280/771/774
f 1664/805/808 1665/806/809 1657/807/810
f 1657/807/810 1655/808/811 1651/701/704
f 1651/701/704 1641/809/812 1637/690/693
f 3283/751/754 3204/810/813 3271/776/779
f 3247/750/753 3204/810/813 3283/751/754
f 3247/750/753 3196/811/814 3204/810/813
f 3203/748/751 3194/778/781 3196/811/814
f 3203/748/751 3196/811/814 3247/750/753
f 3270/783/786 3191/812/815 3219/757/760
f 3219/757/760 3191/812/815 3194/778/781
f 2535/813/816 2527/814/817 2534/815/818
f 2247/730/733 2243/816/819 2242/796/799
f 155/817/820 154/818/821 150/819/822
f 2242/796/799 2243/816/819 2244/820/823
f 515/821/824 513/797/800 514/765/768
f 515/821/824 514/765/768 538/822/825
f 525/823/826 521/766/769 522/798/801
f 144/824/827 138/825/828 139/826/829
f 525/823/826 520/770/773 521/766/769
f 534/827/830 533/774/777 520/770/773
f 1674/804/807 1660/828/831 1665/806/809
f 3271/776/779 3202/829/832 3272/775/778
f 3204/810/813 3202/829/832 3271/776/779
f 1637/690/693 1641/809/812 1628/777/780
f 1629/725/728 1628/777/780 1625/785/788
f 3196/811/814 3198/830/833 3204/810/813
f 2934/787/790 2933/786/789 2936/831/834
f 3188/789/792 3187/832/835 3186/790/793
f 3186/790/793 3183/833/836 3189/791/794
f 3189/791/794 3183/833/836 3270/783/786
f 3194/778/781 3195/834/837 3196/811/814
f 2407/835/838 2284/836/839 2280/763/766
f 2255/764/767 2261/705/708 2252/837/840
f 2255/764/767 2252/837/840 2247/730/733
f 2247/730/733 2252/837/840 2243/816/819
f 154/818/821 153/838/841 150/819/822
f 153/838/841 152/839/842 150/819/822
f 2243/816/819 2245/840/843 2244/820/823
f 2252/837/840 2246/841/844 2243/816/819
f 2243/816/819 2246/841/844 2245/840/843
f 517/842/845 515/821/824 538/822/825
f 516/843/846 515/821/824 517/842/845
f 516/843/846 528/844/847 523/845/848
f 523/845/848 513/797/800 516/843/846
f 516/843/846 513/797/800 515/821/824
f 523/845/848 522/798/801 513/797/800
f 151/846/849 144/824/827 145/847/850
f 527/848/851 525/823/826 522/798/801
f 526/849/852 520/770/773 525/823/826
f 1702/850/853 1678/803/806 1698/802/805
f 135/851/854 126/852/855 138/825/828
f 135/851/854 132/853/856 126/852/855
f 1657/807/810 1660/828/831 1655/808/811
f 2934/787/790 2936/831/834 2937/854/857
f 3187/832/835 3184/855/858 3186/790/793
f 3186/790/793 3184/855/858 3183/833/836
f 3196/811/814 3197/856/859 3198/830/833
f 3270/783/786 3183/833/836 3191/812/815
f 3195/834/837 3197/856/859 3196/811/814
f 3183/833/836 3181/857/860 3191/812/815
f 3191/812/815 3192/858/861 3194/778/781
f 3194/778/781 3192/858/861 3195/834/837
f 2280/763/766 2284/836/839 2278/704/707
f 2271/675/678 2274/794/797 2270/859/862
f 2271/675/678 2270/859/862 2265/795/798
f 2261/705/708 2264/860/863 2252/837/840
f 152/839/842 147/861/864 150/819/822
f 524/862/865 516/843/846 517/842/845
f 152/839/842 151/846/849 147/861/864
f 528/844/847 516/843/846 524/862/865
f 145/847/850 139/826/829 146/863/866
f 522/798/801 541/864/867 527/848/851
f 527/848/851 526/849/852 525/823/826
f 1702/850/853 1703/865/868 1678/803/806
f 126/852/855 132/853/856 125/866/869
f 137/867/870 136/868/871 124/869/872
f 1655/808/811 1668/870/873 1641/809/812
f 1641/809/812 1639/871/874 1628/777/780
f 1628/777/780 1639/871/874 1626/872/875
f 1628/777/780 1626/872/875 1625/785/788
f 1625/785/788 1626/872/875 1627/873/876
f 3303/874/877 3190/875/878 3187/832/835
f 3187/832/835 3190/875/878 3184/855/858
f 3183/833/836 3182/876/879 3181/857/860
f 3195/834/837 3246/877/880 3197/856/859
f 3191/812/815 3181/857/860 3192/858/861
f 3192/858/861 3246/877/880 3195/834/837
f 2278/704/707 2284/836/839 2274/794/797
f 2265/795/798 2264/860/863 2261/705/708
f 543/878/881 537/879/882 524/862/865
f 147/861/864 148/880/883 149/881/884
f 150/819/822 147/861/864 149/881/884
f 528/844/847 524/862/865 537/879/882
f 147/861/864 146/863/866 148/880/883
f 522/798/801 523/845/848 540/882/885
f 522/798/801 540/882/885 541/864/867
f 2399/883/886 2380/884/887 2400/885/888
f 1678/803/806 1703/865/868 1683/886/889
f 1660/828/831 1683/886/889 1682/887/890
f 1660/828/831 1682/887/890 1669/888/891
f 1655/808/811 1669/888/891 1668/870/873
f 3198/830/833 3200/889/892 3201/890/893
f 3184/855/858 3182/876/879 3183/833/836
f 3197/856/859 3199/891/894 3198/830/833
f 3198/830/833 3199/891/894 3200/889/892
f 3246/877/880 3199/891/894 3197/856/859
f 3316/892/895 3314/893/896 3312/894/897
f 3181/857/860 3207/895/898 3192/858/861
f 3192/858/861 3207/895/898 3246/877/880
f 3314/893/896 3310/896/899 3309/897/900
f 3314/893/896 3309/897/900 3312/894/897
f 3312/894/897 3311/898/901 3313/899/902
f 3312/894/897 3309/897/900 3311/898/901
f 3307/900/903 3308/901/904 3309/897/900
f 3310/896/899 3307/900/903 3309/897/900
f 3309/897/900 3308/901/904 3311/898/901
f 2084/902/905 2085/903/906 2086/904/907
f 2084/902/905 2088/905/908 2085/903/906
f 2088/905/908 2089/906/909 2085/903/906
f 2264/860/863 2265/795/798 2266/907/910
f 543/878/881 544/908/911 537/879/882
f 539/909/912 540/882/885 523/845/848
f 2377/910/913 2378/911/914 2379/912/915
f 2379/912/915 2378/911/914 2405/913/916
f 3304/914/917 3297/915/918 3303/874/877
f 3303/874/877 3297/915/918 3190/875/878
f 140/916/919 128/917/920 127/918/921
f 3190/875/878 3185/919/922 3184/855/858
f 3231/920/923 3230/921/924 3229/922/925
f 3229/922/925 3230/921/924 3227/923/926
f 3185/919/922 3182/876/879 3184/855/858
f 3230/921/924 3235/924/927 3227/923/926
f 3185/919/922 3193/925/928 3182/876/879
f 3317/926/929 3314/893/896 3316/892/895
f 3318/927/930 3314/893/896 3317/926/929
f 3227/923/926 3235/924/927 3226/928/931
f 3227/923/926 3226/928/931 3225/929/932
f 3182/876/879 3193/925/928 3180/930/933
f 3246/877/880 3206/931/934 3199/891/894
f 3182/876/879 3180/930/933 3181/857/860
f 3246/877/880 3207/895/898 3301/932/935
f 3246/877/880 3301/932/935 3206/931/934
f 3320/933/936 3310/896/899 3318/927/930
f 3318/927/930 3310/896/899 3314/893/896
f 3235/924/927 3281/934/937 3226/928/931
f 3299/935/938 3163/936/939 3300/937/940
f 3315/938/941 3307/900/903 3310/896/899
f 3281/934/942 3170/939/943 3152/940/944
f 3154/941/945 3149/942/946 3170/939/943
f 3170/939/943 3149/942/946 3152/940/944
f 2270/859/862 2267/943/947 2265/795/798
f 537/879/882 548/944/948 539/909/912
f 952/945/949 950/946/950 947/947/951
f 952/945/949 947/947/951 951/948/952
f 540/882/885 542/949/953 541/864/867
f 950/946/950 940/950/954 947/947/951
f 947/947/951 949/951/955 951/948/952
f 940/950/954 946/952/956 947/947/951
f 946/952/956 948/953/957 947/947/951
f 947/947/951 948/953/957 949/951/955
f 948/953/957 946/952/956 943/954/958
f 2130/955/959 2126/956/960 2128/957/961
f 542/949/953 547/958/962 550/959/963
f 2977/960/964 2978/961/965 2979/962/966
f 928/963/967 929/964/968 930/965/969
f 929/964/968 939/966/970 930/965/969
f 2376/967/971 2371/968/972 2372/969/973
f 2375/970/974 2372/969/973 2373/971/975
f 2375/970/974 2373/971/975 2377/910/913
f 2377/910/913 2373/971/975 2378/911/914
f 127/918/921 114/972/976 112/973/977
f 2378/911/914 2411/974/978 2405/913/916
f 3232/975/979 3231/920/923 3229/922/925
f 3229/922/925 3227/923/926 3228/976/980
f 3297/915/918 3224/977/981 3185/919/922
f 3297/915/918 3185/919/922 3190/875/878
f 3234/978/982 3231/920/923 3232/975/979
f 3227/923/926 3225/929/932 3228/976/980
f 3224/977/981 3223/979/983 3185/919/922
f 3185/919/922 3223/979/983 3222/980/984
f 3185/919/922 3222/980/984 3193/925/928
f 140/916/919 133/981/985 128/917/920
f 3319/982/986 3318/927/930 3317/926/929
f 3225/929/932 3226/928/931 3223/979/983
f 3222/980/984 3237/983/987 3193/925/928
f 3199/891/894 3206/931/934 3205/984/988
f 3237/983/987 3180/930/933 3193/925/928
f 3324/985/989 3321/986/990 3323/987/991
f 3180/930/933 3179/988/992 3181/857/860
f 3181/857/860 3179/988/992 3207/895/898
f 3321/986/990 3322/989/993 3323/987/991
f 3163/936/939 3156/990/994 3154/941/945
f 3156/990/994 3155/991/995 3154/941/945
f 3155/991/995 3153/992/996 3154/941/945
f 3663/990/997 3157/993/998 3651/991/999
f 3154/941/945 3153/992/996 3149/942/946
f 3149/942/946 3150/994/1000 3152/940/944
f 3157/993/998 3156/990/994 3158/995/1001
f 3157/993/998 3168/996/1002 3651/991/999
f 3158/995/1001 3160/997/1003 3157/993/998
f 3157/993/998 3160/997/1003 3168/996/1002
f 3168/996/1002 3294/998/1004 3155/991/995
f 3153/992/996 3148/999/1005 3149/942/946
f 2087/1000/1006 2084/902/905 2086/904/907
f 2283/1001/1007 2275/1002/1008 2284/836/839
f 2267/943/947 2266/907/910 2265/795/798
f 544/908/911 549/1003/1009 537/879/882
f 539/909/912 548/944/948 546/1004/1010
f 539/909/912 545/1005/1011 540/882/885
f 545/1005/1011 547/958/962 540/882/885
f 540/882/885 547/958/962 542/949/953
f 994/1006/1012 989/1007/1013 999/1008/1014
f 1727/1009/1015 1732/1010/1016 1735/1011/1017
f 1730/1012/1018 1727/1009/1015 1725/1013/1019
f 941/1014/1020 916/1015/1021 940/950/954
f 1727/1009/1015 1735/1011/1017 1736/1016/1022
f 916/1015/1021 917/1017/1023 940/950/954
f 917/1017/1023 924/1018/1024 940/950/954
f 946/952/956 940/950/954 924/1018/1024
f 924/1018/1024 943/954/958 946/952/956
f 1727/1009/1015 1723/1019/1025 1725/1013/1019
f 1723/1019/1025 1721/1020/1026 1725/1013/1019
f 924/1018/1024 938/1021/1027 3711/954/1028
f 129/1022/1029 130/1023/1030 131/1024/1031
f 1735/1011/1017 3796/1025/1032 1736/1016/1022
f 918/1026/1033 928/963/967 938/1021/1027
f 2954/1027/1034 2951/1028/1035 2955/1029/1036
f 1724/1030/1037 1720/1031/1038 1723/1019/1025
f 1723/1019/1025 1720/1031/1038 1721/1020/1026
f 1720/1031/1038 1716/1032/1039 1721/1020/1026
f 918/1026/1033 919/1033/1040 928/963/967
f 919/1033/1040 929/964/968 928/963/967
f 919/1033/1040 926/1034/1041 929/964/968
f 929/964/968 926/1034/1041 939/966/970
f 926/1034/1041 932/1035/1042 939/966/970
f 2399/883/886 2387/1036/1043 2380/884/887
f 920/1037/1044 922/1038/1045 921/1039/1046
f 921/1039/1046 922/1038/1045 927/1040/1047
f 921/1039/1046 927/1040/1047 932/1035/1042
f 927/1040/1047 933/1041/1048 932/1035/1042
f 933/1041/1048 944/1042/1049 932/1035/1042
f 1349/1043/1050 1343/1044/1051 1365/1045/1052
f 1365/1045/1052 1343/1044/1051 1339/1046/1053
f 933/1041/1048 927/1040/1047 934/1047/1054
f 933/1041/1048 934/1047/1054 944/1042/1049
f 1365/1045/1052 1339/1046/1053 1341/1048/1055
f 2371/968/972 2370/1049/1056 2372/969/973
f 2372/969/973 2370/1049/1056 2373/971/975
f 2373/971/975 2374/1050/1057 2378/911/914
f 2378/911/914 2374/1050/1057 2408/1051/1058
f 2378/911/914 2408/1051/1058 2411/974/978
f 3302/1052/1059 3224/977/981 3297/915/918
f 3229/922/925 3228/976/980 3233/1053/1060
f 127/918/921 128/917/920 118/1054/1061
f 127/918/921 118/1054/1061 114/972/976
f 845/1055/1062 848/1056/1063 855/1057/1064
f 3228/976/980 3225/929/932 3236/1058/1065
f 3236/1058/1065 3225/929/932 3224/977/981
f 3225/929/932 3223/979/983 3224/977/981
f 845/1055/1062 840/1059/1066 848/1056/1063
f 128/917/920 123/1060/1067 118/1054/1061
f 840/1059/1066 849/1061/1068 848/1056/1063
f 840/1059/1066 836/1062/1069 849/1061/1068
f 3223/979/983 3287/1063/1070 3222/980/984
f 3287/1063/1070 3237/983/987 3222/980/984
f 835/1064/1071 851/1065/1072 836/1062/1069
f 836/1062/1069 851/1065/1072 849/1061/1068
f 3301/932/935 3250/1066/1073 3206/931/934
f 3250/1066/1073 3218/1067/1074 3206/931/934
f 3287/1063/1070 3152/940/944 3172/1068/1075
f 3207/895/898 3250/1066/1073 3301/932/935
f 835/1064/1071 846/1069/1076 851/1065/1072
f 3159/1070/1077 3163/936/939 3299/935/938
f 3159/1070/1077 3156/990/994 3163/936/939
f 3152/940/944 3151/1071/1078 3172/1068/1075
f 3150/994/1000 3151/1071/1078 3152/940/944
f 3155/991/995 3166/1072/1079 3153/992/996
f 3153/992/996 3166/1072/1079 3161/1073/1080
f 3149/942/946 3147/1074/1081 3150/994/1000
f 1319/1075/1082 1315/1076/1083 1318/1077/1084
f 3153/992/996 3161/1073/1080 3148/999/1005
f 3149/942/946 3148/999/1005 3147/1074/1081
f 2628/1078/1085 2627/1079/1086 2618/1080/1087
f 3160/997/1003 3290/1081/1088 3289/1082/1089
f 2627/1079/1086 2626/1083/1090 2618/1080/1087
f 546/1004/1010 545/1005/1011 539/909/912
f 1730/1012/1018 1733/1084/1091 1732/1010/1016
f 1730/1012/1018 1725/1013/1019 1728/1085/1092
f 916/1015/1021 942/1086/1093 914/1087/1094
f 1725/1013/1019 1721/1020/1026 1726/1088/1095
f 914/1087/1094 915/1089/1096 916/1015/1021
f 915/1089/1096 917/1017/1023 916/1015/1021
f 917/1017/1023 918/1026/1033 924/1018/1024
f 914/1087/1094 925/1090/1097 915/1089/1096
f 917/1017/1023 915/1089/1096 918/1026/1033
f 2391/1091/1098 2387/1036/1043 2399/883/886
f 1721/1020/1026 1716/1032/1039 1722/1092/1099
f 925/1090/1097 923/1093/1100 915/1089/1096
f 915/1089/1096 919/1033/1040 918/1026/1033
f 2954/1027/1034 2952/1094/1101 2951/1028/1035
f 2951/1028/1035 2952/1094/1101 2953/1095/1102
f 1720/1031/1038 1714/1096/1103 1716/1032/1039
f 915/1089/1096 923/1093/1100 920/1037/1044
f 915/1089/1096 920/1037/1044 919/1033/1040
f 920/1037/1044 921/1039/1046 919/1033/1040
f 921/1039/1046 926/1034/1041 919/1033/1040
f 923/1093/1100 945/1097/1104 920/1037/1044
f 920/1037/1044 945/1097/1104 922/1038/1045
f 1349/1043/1050 1344/1098/1105 1343/1044/1051
f 2380/884/887 2387/1036/1043 2371/968/972
f 1339/1046/1053 1340/1099/1106 1341/1048/1055
f 3233/1053/1060 3228/976/980 3292/1100/1107
f 3296/1101/1108 3236/1058/1065 3224/977/981
f 3296/1101/1108 3224/977/981 3302/1052/1059
f 3238/1102/1109 3232/975/979 3233/1053/1060
f 3292/1100/1107 3228/976/980 3236/1058/1065
f 3292/1100/1107 3236/1058/1065 3296/1101/1108
f 845/1055/1062 855/1057/1064 854/1103/1110
f 3206/931/934 3218/1067/1074 3217/1104/1111
f 3287/1063/1070 3176/1105/1112 3237/983/987
f 3237/983/987 3176/1105/1112 3180/930/933
f 3287/1063/1070 3172/1068/1075 3176/1105/1112
f 3180/930/933 3176/1105/1112 3179/988/992
f 3176/1105/1112 3178/1106/1113 3179/988/992
f 3179/988/992 3178/1106/1113 3207/895/898
f 3178/1106/1113 3250/1066/1073 3207/895/898
f 846/1069/1076 835/1064/1071 833/1107/1114
f 846/1069/1076 833/1107/1114 850/1108/1115
f 3159/1070/1077 3158/995/1001 3156/990/994
f 3155/991/995 3294/998/1004 3166/1072/1079
f 3150/994/1000 3147/1074/1081 3151/1071/1078
f 3161/1073/1080 3251/1109/1116 3148/999/1005
f 1315/1076/1083 1312/1110/1117 1317/1111/1118
f 1312/1110/1117 1316/1112/1119 1317/1111/1118
f 2618/1080/1087 2626/1083/1090 2619/1113/1120
f 1316/1112/1119 1311/1114/1121 1321/1115/1122
f 2626/1083/1090 2625/1116/1123 2621/1117/1124
f 2626/1083/1090 2621/1117/1124 2619/1113/1120
f 2294/1118/1125 2287/1119/1126 2283/1001/1007
f 2284/836/839 2275/1002/1008 2274/794/797
f 2267/943/947 2268/1120/1127 2266/907/910
f 549/1003/1009 544/908/911 551/1121/1128
f 2555/1122/1129 2560/1123/1130 2556/1124/1131
f 1731/1125/1132 1733/1084/1091 1730/1012/1018
f 1731/1125/1132 1734/1126/1133 1733/1084/1091
f 1617/1127/1134 1615/1128/1135 1618/1129/1136
f 1615/1128/1135 1614/1130/1137 3736/1129/1138
f 980/1131/1139 996/1132/1140 978/1133/1141
f 1617/1127/1134 1616/1134/1142 1615/1128/1135
f 1613/1135/1143 1614/1130/1137 1615/1128/1135
f 1616/1134/1142 1613/1135/1143 1615/1128/1135
f 3660/1135/1144 1620/1136/1145 1619/1137/1146
f 3660/1135/1144 1619/1137/1146 3738/1130/1147
f 1728/1085/1092 1725/1013/1019 1726/1088/1095
f 985/1138/1148 984/1139/1149 990/1140/1150
f 937/1141/1151 936/1142/1152 935/1143/1153
f 935/1143/1153 936/1142/1152 925/1090/1097
f 935/1143/1153 925/1090/1097 914/1087/1094
f 935/1143/1153 914/1087/1094 942/1086/1093
f 936/1142/1152 931/1144/1154 925/1090/1097
f 931/1144/1154 923/1093/1100 925/1090/1097
f 1364/1145/1155 1361/1146/1156 1357/1147/1157
f 2952/1094/1101 2958/1148/1158 2956/1149/1159
f 2952/1094/1101 2956/1149/1159 2953/1095/1102
f 1361/1146/1156 1348/1150/1160 1357/1147/1157
f 1357/1147/1157 1348/1150/1160 1347/1151/1161
f 1347/1151/1161 1346/1152/1162 1349/1043/1050
f 1346/1152/1162 1344/1098/1105 1349/1043/1050
f 1185/1153/1163 1184/1154/1164 1183/1155/1165
f 1339/1046/1053 1342/1156/1166 1340/1099/1106
f 2371/968/972 2362/1157/1167 2370/1049/1056
f 112/973/977 100/1158/1168 111/1159/1169
f 2373/971/975 2369/1160/1170 2374/1050/1057
f 2374/1050/1057 2414/1161/1171 2408/1051/1058
f 845/1055/1062 839/1162/1172 840/1059/1066
f 840/1059/1066 839/1162/1172 832/1163/1173
f 840/1059/1066 832/1163/1173 836/1062/1069
f 836/1062/1069 830/1164/1174 835/1064/1071
f 3340/1165/1175 3341/1166/1176 3342/1167/1177
f 3250/1066/1073 3209/1168/1178 3211/1169/1179
f 3172/1068/1075 3174/1170/1180 3176/1105/1112
f 3176/1105/1112 3177/1171/1181 3178/1106/1113
f 3178/1106/1113 3177/1171/1181 3208/1172/1182
f 3208/1172/1182 3209/1168/1178 3178/1106/1113
f 3178/1106/1113 3209/1168/1178 3250/1066/1073
f 3172/1068/1075 3173/1173/1183 3174/1170/1180
f 3172/1068/1075 3151/1071/1078 3171/1174/1184
f 833/1107/1114 834/1175/1185 850/1108/1115
f 850/1108/1115 834/1175/1185 852/1176/1186
f 3151/1071/1078 3165/1177/1187 3171/1174/1184
f 3294/998/1004 3252/1178/1188 3166/1072/1079
f 3166/1072/1079 3251/1109/1116 3161/1073/1080
f 3295/1179/1189 3257/1180/1190 3294/998/1004
f 3294/998/1004 3257/1180/1190 3252/1178/1188
f 1315/1076/1083 1313/1181/1191 1312/1110/1117
f 1313/1181/1191 1314/1182/1192 1311/1114/1121
f 2615/1183/1193 3758/1117/1194 2622/1184/1195
s 0
f 3657/1116/1196 2623/1185/1196 3759/1117/1196
s 1
f 2283/1001/1007 2277/1186/1197 2275/1002/1008
f 2274/794/797 2275/1002/1008 2272/1187/1198
f 2274/794/797 2272/1187/1198 2270/859/862
f 2268/1120/1127 2335/1188/1199 2266/907/910
f 2550/1189/1200 2555/1122/1129 2554/1190/1201
f 546/1004/1010 547/958/962 545/1005/1011
f 978/1133/1202 979/1191/1203 3688/1131/1204
f 2966/1192/1205 2964/1193/1206 2965/1194/1207
f 1556/1195/1208 1555/1196/1209 1568/1197/1210
f 2965/1194/1207 2964/1193/1206 2961/1198/1211
f 2391/1091/1098 2359/1199/1212 2387/1036/1043
f 1717/1200/1213 1713/1201/1214 1718/1202/1215
f 1363/1203/1216 1361/1146/1156 1364/1145/1155
f 1362/1204/1217 1360/1205/1218 1361/1146/1156
f 3745/1203/1219 1362/1204/1217 1361/1146/1156
f 1188/1206/1220 1191/1207/1221 1189/1208/1222
f 2958/1148/1158 2957/1209/1223 2956/1149/1159
f 1361/1146/1156 1360/1205/1218 1348/1150/1160
f 2956/1149/1159 2957/1209/1223 2953/1095/1102
f 1348/1150/1160 1345/1210/1224 1347/1151/1161
f 1345/1210/1224 1346/1152/1162 1347/1151/1161
f 2370/1049/1056 2362/1157/1167 2364/1211/1225
f 2370/1049/1056 2364/1211/1225 2373/971/975
f 2413/1212/1226 2414/1161/1171 2374/1050/1057
f 3293/1213/1227 3292/1100/1107 3296/1101/1108
f 118/1054/1061 109/1214/1228 114/972/976
f 832/1163/1173 830/1164/1174 836/1062/1069
f 133/981/985 134/1215/1229 121/1216/1230
f 133/981/985 121/1216/1230 123/1060/1067
f 830/1164/1174 826/1217/1231 835/1064/1071
f 835/1064/1071 826/1217/1231 833/1107/1114
f 3176/1105/1112 3174/1170/1180 3177/1171/1181
f 3172/1068/1075 3171/1174/1184 3173/1173/1183
f 834/1175/1185 841/1218/1232 852/1176/1186
f 3166/1072/1079 3252/1178/1188 3251/1109/1116
f 3267/1219/1233 3266/1220/1234 3268/1221/1235
f 3267/1219/1233 3264/1222/1236 3266/1220/1234
f 3257/1180/1190 3254/1223/1237 3252/1178/1188
f 3254/1223/1237 3253/1224/1238 3252/1178/1188
f 3251/1109/1116 3263/1225/1239 3162/1226/1240
f 3148/999/1005 3251/1109/1116 3162/1226/1240
f 2617/1227/1241 2615/1183/1193 2614/1228/1242
f 3148/999/1005 3162/1226/1240 3145/1229/1243
f 3148/999/1005 3145/1229/1243 3147/1074/1081
f 3147/1074/1081 3145/1229/1243 3146/1230/1244
f 1320/1231/1245 1322/1232/1246 3658/1115/1247
f 2283/1001/1007 2287/1119/1126 2277/1186/1197
f 2275/1002/1008 2277/1186/1197 2276/1233/1248
f 2272/1187/1198 2269/1234/1249 2270/859/862
f 2270/859/862 2269/1234/1249 2267/943/947
f 2269/1234/1249 2268/1120/1127 2267/943/947
f 2335/1188/1199 2346/1235/1250 2345/1236/1251
f 2346/1235/1250 2347/1237/1252 2345/1236/1251
f 2345/1236/1251 2347/1237/1252 2348/1238/1253
f 2348/1238/1253 2347/1237/1252 2349/1239/1254
f 2349/1239/1254 2356/1240/1255 2391/1091/1098
f 1555/1196/1209 1547/1241/1256 1554/1242/1257
f 1555/1196/1209 1554/1242/1257 1593/1243/1258
f 2964/1193/1206 2963/1244/1259 2961/1198/1211
f 2356/1240/1255 2359/1199/1212 2391/1091/1098
f 1546/1245/1260 1547/1241/1256 1555/1196/1209
f 1368/1246/1261 1367/1247/1262 1362/1204/1217
f 1222/1248/1263 1221/1249/1264 1223/1250/1265
f 1350/1251/1266 1345/1210/1224 1348/1150/1160
f 1346/1152/1162 1345/1210/1224 1351/1252/1267
f 1213/1253/1268 1211/1254/1269 1212/1255/1270
f 1346/1152/1162 1351/1252/1267 1352/1256/1271
f 1213/1253/1268 1214/1257/1272 1211/1254/1269
f 1184/1154/1164 1185/1153/1163 1179/1258/1273
f 1212/1255/1270 1211/1254/1269 1208/1259/1274
f 1208/1259/1274 1211/1254/1269 1209/1260/1275
f 1208/1259/1274 1209/1260/1275 1210/1261/1276
f 3665/1261/1277 3705/1260/1278 1218/1262/1279
f 2387/1036/1043 2359/1199/1212 2371/968/972
f 3751/1262/1280 1209/1260/1275 1216/1263/1281
f 2371/968/972 2359/1199/1212 2362/1157/1167
f 2364/1211/1225 2369/1160/1170 2373/971/975
f 2396/1264/1282 2374/1050/1057 2369/1160/1170
f 2396/1264/1282 2413/1212/1226 2374/1050/1057
f 104/1265/1283 100/1158/1168 112/973/977
f 118/1054/1061 117/1266/1284 109/1214/1228
f 832/1163/1173 817/1267/1285 830/1164/1174
f 123/1060/1067 121/1216/1230 117/1266/1284
f 830/1164/1174 817/1267/1285 820/1268/1286
f 134/1215/1229 142/1269/1287 121/1216/1230
f 830/1164/1174 820/1268/1286 826/1217/1231
f 143/1270/1288 142/1269/1287 134/1215/1229
f 156/1271/1289 142/1269/1287 143/1270/1288
f 3210/1272/1290 3211/1169/1179 3209/1168/1178
f 826/1217/1231 827/1273/1291 833/1107/1114
f 3221/1274/1292 3213/1275/1293 3208/1172/1182
f 3177/1171/1181 3221/1274/1292 3208/1172/1182
f 3213/1275/1293 3210/1272/1290 3208/1172/1182
f 3208/1172/1182 3210/1272/1290 3209/1168/1178
f 3173/1173/1183 3175/1276/1294 3174/1170/1180
f 833/1107/1114 827/1273/1291 834/1175/1185
f 3171/1174/1184 3220/1277/1295 3173/1173/1183
f 834/1175/1185 838/1278/1296 841/1218/1232
f 841/1218/1232 857/1279/1297 862/1280/1298
f 3252/1178/1188 3253/1224/1238 3251/1109/1116
f 3253/1224/1238 3263/1225/1239 3251/1109/1116
f 3266/1220/1234 3264/1222/1236 3265/1281/1299
f 3265/1281/1299 3264/1222/1236 3256/1282/1300
f 3256/1282/1300 3255/1283/1301 3254/1223/1237
f 3254/1223/1237 3255/1283/1301 3253/1224/1238
f 3263/1225/1239 3306/1284/1302 3162/1226/1240
f 3162/1226/1240 3164/1285/1303 3145/1229/1243
f 3162/1226/1240 3306/1284/1302 3164/1285/1303
f 2287/1119/1126 2288/1286/1304 2277/1186/1197
f 2275/1002/1008 2276/1233/1248 2272/1187/1198
f 2268/1120/1127 2303/1287/1305 2335/1188/1199
f 1544/1288/1306 1570/1289/1307 1569/1290/1308
f 3752/1262/1309 1220/1291/1310 1221/1249/1264
f 1176/1292/1311 1164/1293/1312 1163/1294/1313
f 1351/1252/1267 1353/1295/1314 1352/1256/1271
f 3751/1262/1280 1219/1296/1315 3755/1291/1316
f 1177/1297/1317 1169/1298/1318 1166/1299/1319
f 1214/1257/1272 1215/1300/1320 1209/1260/1275
f 1211/1254/1269 1214/1257/1272 1209/1260/1275
f 1209/1260/1275 1215/1300/1320 1216/1263/1281
f 3753/1298/1321 1168/1301/1322 1166/1299/1319
f 1215/1300/1320 1217/1302/1323 1216/1263/1281
f 2364/1211/1225 2365/1303/1324 2369/1160/1170
f 2365/1303/1324 2396/1264/1282 2369/1160/1170
f 815/1304/1325 832/1163/1173 839/1162/1172
f 815/1304/1325 817/1267/1285 832/1163/1173
f 156/1271/1289 157/1305/1326 142/1269/1287
f 3210/1272/1290 3212/1306/1327 3211/1169/1179
f 3174/1170/1180 3175/1276/1294 3221/1274/1292
f 3174/1170/1180 3221/1274/1292 3177/1171/1181
f 3173/1173/1183 3220/1277/1295 3175/1276/1294
f 827/1273/1291 831/1307/1328 834/1175/1185
f 834/1175/1185 831/1307/1328 838/1278/1296
f 974/1308/1329 971/1309/1330 975/1310/1331
f 841/1218/1232 838/1278/1296 857/1279/1297
f 3282/1311/1332 3269/1312/1333 3264/1222/1236
f 3253/1224/1238 3255/1283/1301 3263/1225/1239
f 3263/1225/1239 3255/1283/1301 3306/1284/1302
f 3264/1222/1236 3262/1313/1334 3256/1282/1300
f 3256/1282/1300 3258/1314/1335 3255/1283/1301
f 3256/1282/1300 3262/1313/1334 3258/1314/1335
f 972/1315/1336 968/1316/1337 971/1309/1330
f 3146/1230/1244 3145/1229/1243 3144/1317/1338
f 3164/1285/1303 3142/1318/1339 3145/1229/1243
f 3306/1284/1302 3298/1319/1340 3164/1285/1303
f 2288/1286/1304 2343/1320/1341 2277/1186/1197
f 2335/1188/1199 2395/1321/1342 2346/1235/1250
f 1587/1322/1343 1571/1323/1344 1588/1324/1345
f 3716/1293/1346 1166/1299/1319 1165/1325/1347
f 1353/1295/1314 1354/1326/1348 1352/1256/1271
f 1354/1326/1348 1355/1327/1349 1352/1256/1271
f 1354/1326/1348 1356/1328/1350 1355/1327/1349
f 1168/1301/1322 1167/1329/1351 1166/1299/1319
f 1355/1327/1349 1356/1328/1350 1358/1330/1352
f 1355/1327/1349 1358/1330/1352 1359/1331/1353
f 1359/1331/1353 1358/1330/1352 1366/1332/1354
f 157/1305/1326 159/1333/1355 142/1269/1287
f 3264/1222/1236 3269/1312/1333 3262/1313/1334
f 3255/1283/1301 3259/1334/1356 3306/1284/1302
f 3258/1314/1335 3259/1334/1356 3255/1283/1301
f 3339/1335/1357 3336/1336/1358 3338/1337/1359
f 3336/1336/1358 3337/1338/1360 3338/1337/1359
f 3142/1318/1339 3143/1339/1361 3144/1317/1338
f 3164/1285/1303 3298/1319/1340 3142/1318/1339
f 3142/1318/1339 3140/1340/1362 3143/1339/1361
f 3298/1319/1340 3141/1341/1363 3142/1318/1339
f 3141/1341/1363 3140/1340/1362 3142/1318/1339
f 2277/1186/1197 2343/1320/1341 2276/1233/1248
f 2343/1320/1341 2329/1342/1364 2276/1233/1248
f 2269/1234/1249 2272/1187/1198 2273/1343/1365
f 2269/1234/1249 2273/1343/1365 2268/1120/1127
f 2268/1120/1127 2273/1343/1365 2289/1344/1366
f 2268/1120/1127 2289/1344/1366 2303/1287/1305
f 2303/1287/1305 2395/1321/1342 2335/1188/1199
f 2346/1235/1250 2350/1345/1367 2347/1237/1252
f 1589/1346/1368 1573/1347/1369 1584/1348/1370
f 1573/1347/1369 1579/1349/1371 1584/1348/1370
f 815/1304/1325 816/1350/1372 817/1267/1285
f 116/1351/1373 107/1352/1374 109/1214/1228
f 117/1266/1284 116/1351/1373 109/1214/1228
f 817/1267/1285 819/1353/1375 820/1268/1286
f 820/1268/1286 819/1353/1375 824/1354/1376
f 820/1268/1286 824/1354/1376 826/1217/1231
f 826/1217/1231 824/1354/1376 827/1273/1291
f 160/1355/1377 159/1333/1355 157/1305/1326
f 3343/1356/1378 3344/1357/1379 3345/1358/1380
f 3221/1274/1292 3216/1359/1381 3213/1275/1293
f 3213/1275/1293 3214/1360/1382 3210/1272/1290
f 831/1307/1328 837/1361/1383 838/1278/1296
f 1115/1362/1384 1092/1363/1385 1122/1364/1386
f 1122/1364/1386 1092/1363/1385 1123/1365/1387
f 3269/1312/1333 3261/1366/1388 3262/1313/1334
f 1967/1367/1389 1966/1368/1390 1964/1369/1391
f 967/1370/1392 959/1371/1393 961/1372/1394
f 3167/1373/1395 3141/1341/1363 3298/1319/1340
f 3140/1340/1362 3169/1374/1396 3143/1339/1361
f 3141/1341/1363 3137/1375/1397 3140/1340/1362
f 3143/1339/1361 3169/1374/1396 3248/1376/1398
f 3140/1340/1362 3139/1377/1399 3169/1374/1396
f 3141/1341/1363 3167/1373/1395 3137/1375/1397
f 3139/1377/1399 3305/1378/1400 3169/1374/1396
f 3137/1375/1397 3139/1377/1399 3140/1340/1362
f 3169/1374/1396 3249/1379/1401 3248/1376/1398
f 3169/1374/1396 3305/1378/1400 3249/1379/1401
f 3137/1375/1397 3133/1380/1402 3139/1377/1399
f 3133/1380/1402 3305/1378/1400 3139/1377/1399
f 3133/1380/1402 3135/1381/1403 3305/1378/1400
f 3305/1378/1400 3135/1381/1403 3131/1382/1404
f 3333/1383/1405 3334/1384/1406 3335/1385/1407
f 3135/1381/1403 3127/1386/1408 3129/1387/1409
f 3135/1381/1403 3129/1387/1409 3131/1382/1404
f 2329/1342/1364 2328/1388/1410 2276/1233/1248
f 2328/1388/1410 2272/1187/1198 2276/1233/1248
f 2346/1235/1250 2353/1389/1411 2352/1390/1412
f 2346/1235/1250 2352/1390/1412 2350/1345/1367
f 2347/1237/1252 2350/1345/1367 2351/1391/1413
f 2347/1237/1252 2351/1391/1413 2356/1240/1255
f 2356/1240/1255 2351/1391/1413 2358/1392/1414
f 2356/1240/1255 2358/1392/1414 2359/1199/1212
f 2359/1199/1212 2358/1392/1414 2362/1157/1167
f 2362/1157/1167 2358/1392/1414 2363/1393/1415
f 2362/1157/1167 2363/1393/1415 2364/1211/1225
f 2364/1211/1225 2363/1393/1415 2365/1303/1324
f 2365/1303/1324 2363/1393/1415 2366/1394/1416
f 2366/1394/1416 2396/1264/1282 2365/1303/1324
f 861/1395/1417 860/1396/1418 866/1397/1419
f 816/1350/1372 818/1398/1420 817/1267/1285
f 817/1267/1285 818/1398/1420 819/1353/1375
f 142/1269/1287 159/1333/1355 141/1399/1421
f 824/1354/1376 828/1400/1422 827/1273/1291
f 160/1355/1377 161/1401/1423 159/1333/1355
f 3343/1356/1378 3346/1402/1424 3344/1357/1379
f 3216/1359/1381 3215/1403/1425 3213/1275/1293
f 3213/1275/1293 3215/1403/1425 3214/1360/1382
f 827/1273/1291 828/1400/1422 831/1307/1328
f 3220/1277/1295 3244/1404/1426 3175/1276/1294
f 3220/1277/1295 3245/1405/1427 3244/1404/1426
f 973/1406/1428 977/1407/1429 976/1408/1430
f 831/1307/1328 828/1400/1422 837/1361/1383
f 1091/1409/1431 1092/1363/1385 1115/1362/1384
f 838/1278/1296 837/1361/1383 857/1279/1297
f 3262/1313/1334 3261/1366/1388 3258/1314/1335
f 3258/1314/1335 3261/1366/1388 3260/1410/1432
f 3258/1314/1335 3260/1410/1432 3259/1334/1356
f 1966/1368/1390 1965/1411/1433 1964/1369/1391
f 959/1371/1393 954/1412/1434 953/1413/1435
f 1965/1411/1433 1962/1414/1436 1964/1369/1391
f 3167/1373/1395 3138/1415/1437 3137/1375/1397
f 1964/1369/1391 1962/1414/1436 1959/1416/1438
f 959/1371/1393 956/1417/1439 954/1412/1434
f 959/1371/1393 963/1418/1440 956/1417/1439
f 3138/1415/1437 3136/1419/1441 3137/1375/1397
f 3137/1375/1397 3136/1419/1441 3133/1380/1402
f 963/1418/1440 958/1420/1442 956/1417/1439
f 3136/1419/1441 3134/1421/1443 3133/1380/1402
f 963/1418/1440 970/1422/1444 958/1420/1442
f 3133/1380/1402 3134/1421/1443 3132/1423/1445
f 3133/1380/1402 3132/1423/1445 3127/1386/1408
f 3133/1380/1402 3127/1386/1408 3135/1381/1403
f 970/1422/1444 966/1424/1446 958/1420/1442
f 3129/1387/1409 3130/1425/1447 3131/1382/1404
f 2273/1343/1365 2290/1426/1448 2289/1344/1366
f 1970/1427/1449 1968/1428/1450 3701/1368/1451
f 1966/1368/1390 3762/1428/1452 1965/1411/1433
f 1965/1411/1433 3762/1428/1452 1969/1429/1453
f 1965/1411/1433 1969/1429/1453 1962/1414/1436
f 1962/1414/1436 1960/1430/1454 1959/1416/1438
f 1959/1416/1438 1960/1430/1454 1961/1431/1455
f 960/1432/1456 958/1420/1442 966/1424/1446
f 3127/1386/1408 3132/1423/1445 3128/1433/1457
f 3127/1386/1408 3128/1433/1457 3129/1387/1409
f 3129/1387/1409 3128/1433/1457 3130/1425/1447
f 2012/1434/1458 2014/1435/1459 2013/1436/1460
s 0
f 1971/1437/1461 1972/1438/1461 1973/1439/1461
s 1
f 2333/1440/1462 2296/1441/1463 2328/1388/1410
f 3124/1442/1464 3125/1443/1465 3126/1444/1466
f 2328/1388/1410 2296/1441/1463 2272/1187/1198
f 2289/1344/1366 2290/1426/1448 2291/1445/1467
f 2289/1344/1366 2291/1445/1467 2338/1446/1468
f 2353/1389/1411 2354/1447/1469 2352/1390/1412
f 2351/1391/1413 2357/1448/1470 2358/1392/1414
f 2363/1393/1415 2368/1449/1471 2366/1394/1416
f 819/1353/1375 821/1450/1472 824/1354/1376
f 141/1399/1421 158/1451/1473 122/1452/1474
f 141/1399/1421 122/1452/1474 120/1453/1475
f 159/1333/1355 158/1451/1473 141/1399/1421
f 824/1354/1376 829/1454/1476 828/1400/1422
f 640/1455/1477 639/1456/1478 644/1457/1479
f 644/1457/1479 639/1456/1478 645/1458/1480
f 608/1459/1481 609/1460/1482 610/1461/1483
f 646/1462/1484 610/1461/1483 640/1455/1477
f 1095/1463/1485 1090/1464/1486 1091/1409/1431
f 1091/1409/1431 1086/1465/1487 1092/1363/1385
f 1086/1465/1487 1088/1466/1488 1092/1363/1385
f 1092/1363/1385 1088/1466/1488 1123/1365/1387
f 813/1467/1489 797/1468/1490 800/1469/1491
f 794/1470/1492 748/1471/1493 767/1472/1494
f 801/1473/1495 662/1474/1496 793/1475/1497
f 2010/1476/1498 2012/1434/1458 2011/1477/1499
f 2334/1478/1500 2298/1479/1501 2333/1440/1462
f 2012/1434/1458 2013/1436/1460 2011/1477/1499
f 2333/1440/1462 2298/1479/1501 2296/1441/1463
f 2068/1480/1502 2064/1481/1503 2067/1482/1504
f 2352/1390/1412 2354/1447/1469 2350/1345/1367
f 2354/1447/1469 2355/1483/1505 2350/1345/1367
f 2350/1345/1367 2355/1483/1505 2351/1391/1413
f 2355/1483/1505 2357/1448/1470 2351/1391/1413
f 2357/1448/1470 2360/1484/1506 2358/1392/1414
f 2360/1484/1506 2361/1485/1507 2358/1392/1414
f 2358/1392/1414 2361/1485/1507 2363/1393/1415
f 2361/1485/1507 2367/1486/1508 2363/1393/1415
f 2367/1486/1508 2368/1449/1471 2363/1393/1415
f 2368/1449/1471 2392/1487/1509 2366/1394/1416
f 2366/1394/1416 2392/1487/1509 2409/1488/1510
f 823/1489/1511 822/1490/1512 816/1350/1372
f 816/1350/1372 822/1490/1512 818/1398/1420
f 822/1490/1512 821/1450/1472 818/1398/1420
f 818/1398/1420 821/1450/1472 819/1353/1375
f 821/1450/1472 825/1491/1513 824/1354/1376
f 643/1492/1514 642/1493/1515 645/1458/1480
f 824/1354/1376 825/1491/1513 829/1454/1476
f 645/1458/1480 639/1456/1478 643/1492/1514
f 609/1460/1482 611/1494/1516 610/1461/1483
f 610/1461/1483 611/1494/1516 640/1455/1477
f 646/1462/1484 640/1455/1477 644/1457/1479
f 608/1459/1481 612/1495/1517 609/1460/1482
f 613/1496/1518 612/1495/1517 608/1459/1481
f 619/1497/1519 617/1498/1520 612/1495/1517
f 619/1497/1519 612/1495/1517 613/1496/1518
f 1095/1463/1485 1094/1499/1521 1090/1464/1486
f 1091/1409/1431 1090/1464/1486 1086/1465/1487
f 813/1467/1489 804/1500/1522 797/1468/1490
f 797/1468/1490 784/1501/1523 783/1502/1524
f 797/1468/1490 783/1502/1524 800/1469/1491
f 3764/1502/1525 749/1503/1526 808/1504/1453
f 2009/1505/1527 2010/1476/1498 2011/1477/1499
f 2334/1478/1500 2302/1506/1528 2298/1479/1501
f 2272/1187/1198 2293/1507/1529 2273/1343/1365
f 2273/1343/1365 2293/1507/1529 2290/1426/1448
f 2067/1482/1504 2064/1481/1503 2066/1508/1530
f 3626/1509/1531 3625/1510/1532 3619/1511/1533
f 3612/1512/1534 3616/1513/1535 3625/1510/1532
f 3616/1513/1535 3619/1511/1533 3625/1510/1532
f 3616/1513/1535 3617/1514/1536 3619/1511/1533
f 3619/1511/1533 3617/1514/1536 3622/1515/1537
f 1291/1516/1538 1288/1517/1539 1287/1518/1540
f 3612/1512/1534 3613/1519/1541 3614/1520/1542
f 3612/1512/1534 3614/1520/1542 3616/1513/1535
f 3614/1520/1542 3617/1514/1536 3616/1513/1535
f 3613/1519/1541 3615/1521/1543 3614/1520/1542
f 3614/1520/1542 3618/1522/1544 3617/1514/1536
f 3617/1514/1536 3618/1522/1544 3622/1515/1537
f 3615/1521/1543 3623/1523/1545 3614/1520/1542
f 1247/1524/1546 1245/1525/1547 1246/1526/1548
f 3614/1520/1542 3623/1523/1545 3620/1527/1549
f 3614/1520/1542 3620/1527/1549 3618/1522/1544
f 1295/1528/1550 1293/1529/1551 1291/1516/1538
f 1247/1524/1546 1246/1526/1548 1248/1530/1552
f 3623/1523/1545 3624/1531/1553 3620/1527/1549
f 1247/1524/1546 1248/1530/1552 1250/1532/1554
f 3620/1527/1549 3624/1531/1553 3618/1522/1544
f 630/1533/1555 629/1534/1556 621/1535/1557
f 3764/1502/1525 750/1536/1558 753/1537/1559
f 2296/1441/1463 2293/1507/1529 2272/1187/1198
f 2291/1445/1467 2337/1538/1560 2338/1446/1468
f 3600/1539/1561 3611/1540/1562 3612/1512/1534
f 3600/1539/1561 3612/1512/1534 3625/1510/1532
f 3611/1540/1562 3604/1541/1563 3612/1512/1534
f 3604/1541/1563 3627/1542/1564 3613/1519/1541
f 3604/1541/1563 3613/1519/1541 3612/1512/1534
f 1266/1543/1565 1273/1544/1566 3790/1545/1567
f 3627/1542/1564 3621/1546/1568 3613/1519/1541
f 1234/1547/1569 1229/1548/1570 1244/1549/1571
f 3621/1546/1568 3615/1521/1543 3613/1519/1541
f 1246/1526/1548 1249/1550/1572 1248/1530/1552
f 1248/1530/1552 1255/1551/1573 1250/1532/1554
f 1113/1552/1574 1110/1553/1575 1111/1554/1576
f 642/1493/1515 635/1555/1577 636/1556/1578
f 643/1492/1514 635/1555/1577 642/1493/1515
f 639/1456/1478 635/1555/1577 643/1492/1514
f 1094/1499/1521 1097/1557/1579 1096/1558/1580
f 611/1494/1516 631/1559/1581 640/1455/1477
f 640/1455/1477 633/1560/1582 639/1456/1478
f 1094/1499/1521 1093/1561/1583 1090/1464/1486
f 617/1498/1520 618/1562/1584 614/1563/1585
f 1090/1464/1486 1093/1561/1583 1089/1564/1586
f 1090/1464/1486 1089/1564/1586 1086/1465/1487
f 1086/1465/1487 1087/1565/1587 1088/1466/1488
f 750/1536/1558 653/1566/1588 753/1537/1559
f 753/1537/1559 653/1566/1588 749/1503/1526
f 2302/1506/1528 2301/1567/1589 2298/1479/1501
f 2293/1507/1529 2295/1568/1590 2290/1426/1448
f 2064/1481/1503 2063/1569/1591 2066/1508/1530
f 2066/1508/1530 2063/1569/1591 2071/1570/1592
f 2063/1569/1591 2065/1571/1593 2071/1570/1592
f 2071/1570/1592 2061/1572/1594 2072/1573/1595
f 2072/1573/1595 2061/1572/1594 2070/1574/1596
f 3584/1575/1597 3580/1576/1598 3572/1577/1599
f 3584/1575/1597 3585/1578/1600 3580/1576/1598
f 3603/1579/1601 3599/1580/1602 3610/1581/1603
f 3572/1577/1599 3580/1576/1598 3570/1582/1604
f 3594/1583/1605 3595/1584/1606 3603/1579/1601
f 3603/1579/1601 3595/1584/1606 3599/1580/1602
f 3595/1584/1606 3598/1585/1607 3599/1580/1602
f 3580/1576/1598 3576/1586/1608 3571/1587/1609
f 3580/1576/1598 3571/1587/1609 3570/1582/1604
f 3571/1587/1609 3568/1588/1610 3570/1582/1604
f 3594/1583/1605 3593/1589/1611 3588/1590/1612
f 3594/1583/1605 3588/1590/1612 3595/1584/1606
f 3576/1586/1608 3575/1591/1613 3571/1587/1609
f 3575/1591/1613 3573/1592/1614 3571/1587/1609
f 3586/1593/1615 3587/1594/1616 3588/1590/1612
f 3573/1592/1614 3574/1595/1617 3568/1588/1610
f 3571/1587/1609 3573/1592/1614 3568/1588/1610
f 3575/1591/1613 3577/1596/1618 3573/1592/1614
f 3601/1597/1619 3605/1598/1620 3592/1599/1621
f 3573/1592/1614 3582/1600/1622 3574/1595/1617
f 3601/1597/1619 3606/1601/1623 3605/1598/1620
f 3587/1594/1616 3604/1541/1563 3611/1540/1562
f 2486/1602/1624 2482/1603/1625 2484/1604/1626
f 3604/1541/1563 3609/1605/1627 3627/1542/1564
f 2480/1606/1628 2481/1607/1629 2482/1603/1630
f 1234/1547/1569 1231/1608/1631 1229/1548/1570
f 1229/1548/1570 1227/1609/1632 1245/1525/1547
f 1227/1609/1632 1224/1610/1633 1253/1611/1634
f 1274/1612/1635 1270/1613/1636 1269/1614/1637
f 2368/1449/1471 2388/1615/1638 2392/1487/1509
f 1101/1616/1639 1098/1617/1640 1097/1557/1579
f 642/1493/1515 636/1556/1578 641/1618/1641
f 611/1494/1516 615/1619/1642 616/1620/1643
f 616/1620/1643 631/1559/1581 611/1494/1516
f 640/1455/1477 631/1559/1581 633/1560/1582
f 609/1460/1482 615/1619/1642 611/1494/1516
f 1094/1499/1521 1096/1558/1580 1093/1561/1583
f 612/1495/1517 614/1563/1585 609/1460/1482
f 804/1500/1522 805/1621/1644 798/1622/1645
f 782/1623/1646 779/1624/1647 781/1625/1648
f 788/1626/1649 787/1627/1650 784/1501/1523
f 798/1622/1645 788/1626/1649 784/1501/1523
f 784/1501/1523 787/1627/1650 782/1623/1646
f 750/1536/1558 684/1628/1651 651/1629/1652
f 2298/1479/1501 2301/1567/1589 2299/1630/1653
f 2297/1631/1654 2296/1441/1463 2298/1479/1501
f 2290/1426/1448 2292/1632/1655 2291/1445/1467
f 2065/1571/1593 2061/1572/1594 2071/1570/1592
f 1612/1633/1656 1609/1634/1657 1608/1635/1658
f 2070/1574/1596 2061/1572/1594 2062/1636/1659
f 3595/1584/1606 3597/1637/1660 3598/1585/1607
f 1377/1638/1661 1379/1639/1662 1380/1640/1663
f 1380/1640/1663 1379/1639/1662 1383/1641/1664
f 3595/1584/1606 3596/1642/1665 3597/1637/1660
f 3595/1584/1606 3588/1590/1612 3596/1642/1665
f 3589/1643/1666 3587/1594/1616 3586/1593/1615
f 3590/1644/1667 3589/1643/1666 3586/1593/1615
f 3587/1594/1616 3765/1539/1668 3588/1590/1612
f 3765/1539/1668 3608/1645/1669 3596/1642/1665
f 3588/1590/1612 3765/1539/1668 3596/1642/1665
f 3591/1646/1670 3592/1599/1621 3589/1643/1666
f 3591/1646/1670 3589/1643/1666 3590/1644/1667
f 3589/1643/1666 3604/1541/1563 3587/1594/1616
f 3606/1601/1623 3607/1647/1671 3605/1598/1620
f 3589/1643/1666 3592/1599/1621 3604/1541/1563
f 2482/1603/1630 2483/1648/1672 3771/1604/1673
f 3578/1649/1674 3579/1650/1675 3573/1592/1614
f 3577/1596/1618 3578/1649/1674 3573/1592/1614
f 3573/1592/1614 3579/1650/1675 3582/1600/1622
f 1443/1651/1676 1428/1652/1677 1430/1653/1678
f 3605/1598/1620 3607/1647/1671 3592/1599/1621
f 3607/1647/1671 3609/1605/1627 3592/1599/1621
f 1233/1654/1679 1231/1608/1631 1237/1655/1680
f 3592/1599/1621 3609/1605/1627 3604/1541/1563
f 2481/1607/1629 2483/1648/1672 2482/1603/1630
f 1229/1548/1570 1228/1656/1681 1227/1609/1632
f 1227/1609/1632 1228/1656/1681 1225/1657/1682
f 2070/1574/1596 2069/1658/1683 2073/1659/1684
f 1224/1610/1633 1225/1657/1682 1226/1660/1685
f 2388/1615/1638 2404/1661/1686 2392/1487/1509
f 2392/1487/1509 2404/1661/1686 2415/1662/1687
f 1105/1663/1688 1102/1664/1689 1101/1616/1639
f 1101/1616/1639 1102/1664/1689 1098/1617/1640
f 641/1618/1641 636/1556/1578 638/1665/1690
f 1097/1557/1579 1098/1617/1640 1096/1558/1580
f 1089/1564/1586 1100/1666/1691 1114/1667/1692
f 1089/1564/1586 1114/1667/1692 1087/1565/1587
f 1087/1565/1587 1114/1667/1692 1124/1668/1693
f 781/1625/1648 779/1624/1647 777/1669/1694
f 780/1670/1695 684/1628/1651 750/1536/1558
f 2980/1671/1696 2981/1672/1697 2982/1673/1698
f 2298/1479/1501 2299/1630/1653 2297/1631/1654
f 2290/1426/1448 2295/1568/1590 2292/1632/1655
f 2291/1445/1467 2292/1632/1655 2337/1538/1560
f 2292/1632/1655 2309/1674/1699 2337/1538/1560
f 2063/1569/1591 2058/1675/1700 2065/1571/1593
f 2065/1571/1593 2056/1676/1701 2061/1572/1594
f 1377/1638/1661 1381/1677/1702 1378/1678/1703
f 1377/1638/1661 1378/1678/1703 1379/1639/1662
f 1382/1679/1704 1381/1677/1702 1377/1638/1661
f 2005/1680/1705 2004/1681/1706 2003/1682/1707
f 2003/1682/1707 2004/1681/1706 1998/1683/1708
f 1431/1684/1709 1442/1685/1710 1440/1686/1711
f 1430/1653/1678 1431/1684/1709 1440/1686/1711
f 2062/1636/1659 2069/1658/1683 2070/1574/1596
f 1444/1687/1712 1439/1688/1713 1438/1689/1714
f 1428/1652/1677 1429/1690/1715 1430/1653/1678
f 1233/1654/1679 1232/1691/1716 1231/1608/1631
f 1231/1608/1631 1232/1691/1716 1230/1692/1717
f 2483/1648/1672 2485/1693/1718 3771/1604/1673
f 1438/1689/1714 1443/1651/1676 1444/1687/1712
f 1438/1689/1714 1428/1652/1677 1443/1651/1676
f 1231/1608/1631 1230/1692/1717 1229/1548/1570
f 1229/1548/1570 1230/1692/1717 1228/1656/1681
f 1228/1656/1681 1230/1692/1717 1235/1694/1719
f 1228/1656/1681 1236/1695/1720 3777/1657/1721
f 3773/1607/1722 2488/1696/1723 2489/1697/1724
f 3773/1607/1722 2489/1697/1724 3747/1648/1725
f 2492/1698/1726 2490/1699/1727 2488/1696/1723
f 3777/1657/1721 1236/1695/1720 3778/1660/1728
f 2488/1696/1723 2490/1699/1727 2489/1697/1724
f 2490/1699/1727 2491/1700/1729 2489/1697/1724
f 2491/1700/1729 2493/1701/1730 2489/1697/1724
f 2361/1485/1507 2381/1702/1731 2367/1486/1508
f 3085/1703/1732 3106/1704/1733 3109/1705/1734
f 633/1560/1582 634/1706/1735 635/1555/1577
f 615/1619/1642 627/1707/1736 616/1620/1643
f 627/1707/1736 632/1708/1737 631/1559/1581
f 616/1620/1643 627/1707/1736 631/1559/1581
f 631/1559/1581 632/1708/1737 633/1560/1582
f 614/1563/1585 624/1709/1738 615/1619/1642
f 1093/1561/1583 1099/1710/1739 1089/1564/1586
f 1089/1564/1586 1099/1710/1739 1100/1666/1691
f 775/1711/1740 684/1628/1651 780/1670/1695
f 625/1712/1741 620/1713/1742 622/1714/1743
f 2428/1715/1744 2424/1716/1745 2427/1717/1746
f 2427/1717/1746 2424/1716/1745 2426/1718/1747
f 2439/1719/1748 2440/1720/1749 2437/1721/1750
f 2426/1718/1747 2424/1716/1745 2423/1722/1751
f 2437/1721/1750 2438/1723/1752 2439/1719/1748
f 2423/1722/1751 2424/1716/1745 2425/1724/1753
f 2296/1441/1463 2297/1631/1654 2293/1507/1529
f 2061/1572/1594 2055/1725/1754 2057/1726/1755
f 2061/1572/1594 2057/1726/1755 2062/1636/1659
f 1381/1677/1702 1384/1727/1756 1378/1678/1703
f 1439/1688/1713 1433/1728/1757 1438/1689/1714
f 1433/1728/1757 1429/1690/1715 1428/1652/1677
f 1438/1689/1714 1433/1728/1757 1428/1652/1677
f 1232/1691/1716 1251/1729/1758 1230/1692/1717
f 2185/1730/1759 2164/1731/1760 2178/1732/1761
f 1298/1733/1762 1283/1734/1763 1279/1735/1764
f 1235/1694/1719 1238/1736/1765 1236/1695/1720
f 1228/1656/1681 1235/1694/1719 1236/1695/1720
f 1283/1734/1763 1282/1737/1766 1279/1735/1764
f 1236/1695/1720 1238/1736/1765 1239/1738/1767
f 1238/1736/1765 1240/1739/1768 1239/1738/1767
f 1238/1736/1765 1242/1740/1769 1241/1741/1770
f 1238/1736/1765 1241/1741/1770 1240/1739/1768
f 1240/1739/1768 1241/1741/1770 1243/1742/1771
f 2381/1702/1731 2382/1743/1772 2367/1486/1508
f 3109/1705/1734 3106/1704/1733 3103/1744/1773
f 3081/1745/1774 3080/1746/1775 3079/1747/1776
f 636/1556/1578 637/1748/1777 638/1665/1690
f 1102/1664/1689 1104/1749/1778 1098/1617/1640
f 635/1555/1577 634/1706/1735 636/1556/1578
f 1104/1749/1778 1103/1750/1779 1098/1617/1640
f 624/1709/1738 679/1751/1780 627/1707/1736
f 633/1560/1582 632/1708/1737 634/1706/1735
f 1098/1617/1640 1103/1750/1779 1096/1558/1580
f 3782/1710/1781 1107/1752/1782 3732/1666/1783
f 2429/1753/1784 2427/1717/1746 2430/1754/1785
f 2442/1755/1786 2441/1756/1787 2440/1720/1749
f 2441/1756/1787 2437/1721/1750 2440/1720/1749
f 2301/1567/1589 2300/1757/1788 2299/1630/1653
f 2307/1758/1789 2308/1759/1790 2292/1632/1655
f 2292/1632/1655 2308/1759/1790 2309/1674/1699
f 2141/1760/1791 2140/1761/1792 2137/1762/1793
f 2132/1763/1794 2133/1764/1795 2134/1765/1795
f 2133/1764/1795 2135/1766/1796 2134/1765/1795
f 1948/1767/1797 1946/1768/1798 1945/1769/1799
f 2057/1726/1755 2060/1770/1800 2062/1636/1659
f 1238/1736/1765 1235/1694/1719 1242/1740/1769
f 1282/1737/1766 1297/1771/1801 1281/1772/1802
f 2389/1773/1803 2390/1774/1804 2381/1702/1731
f 2383/1775/1805 2384/1776/1806 2382/1743/1772
f 2382/1743/1772 2384/1776/1806 2385/1777/1807
f 2384/1776/1806 2386/1778/1808 2385/1777/1807
f 2385/1777/1807 2386/1778/1808 2388/1615/1638
f 2388/1615/1638 2393/1779/1809 2404/1661/1686
f 2404/1661/1686 2393/1779/1809 2410/1780/1810
f 1116/1781/1811 1119/1782/1812 1112/1783/1813
f 754/1784/1814 688/1785/1815 768/1786/1816
f 776/1787/1817 693/1788/1818 676/1789/1819
f 775/1711/1740 673/1790/1820 684/1628/1651
f 1118/1791/1821 1107/1752/1782 3782/1710/1781
f 2300/1757/1788 2240/1792/1822 2299/1630/1653
f 2299/1630/1653 2240/1792/1822 2297/1631/1654
f 2293/1507/1529 2297/1631/1654 2304/1793/1823
f 2295/1568/1590 2305/1794/1824 2292/1632/1655
f 2292/1632/1655 2305/1794/1824 2307/1758/1789
f 2058/1675/1700 2043/1795/1825 2054/1796/1826
f 2056/1676/1701 2054/1796/1826 2055/1725/1754
f 2054/1796/1826 2052/1797/1827 2055/1725/1754
f 1076/1798/1828 1078/1799/1829 1080/1800/1830
f 2175/1801/1831 2176/1802/1832 2166/1803/1833
f 2176/1802/1832 2182/1804/1834 2168/1805/1835
f 2168/1805/1835 2182/1804/1834 2171/1806/1836
f 2140/1761/1792 2138/1807/1837 2137/1762/1793
f 2137/1762/1793 2138/1807/1837 2139/1808/1838
f 2397/1809/1839 2390/1774/1804 2389/1773/1803
f 2382/1743/1772 2381/1702/1731 2383/1775/1805
f 765/1810/1840 796/1811/1841 730/1812/1842
f 765/1810/1840 730/1812/1842 692/1813/1843
f 634/1706/1735 697/1814/1844 729/1815/1845
f 775/1711/1740 676/1789/1819 673/1790/1820
f 731/1816/1846 3786/1788/1847 732/1817/1848
f 2422/1818/1849 2239/1819/1850 2240/1792/1822
f 2240/1792/1822 2306/1820/1851 2297/1631/1654
f 2293/1507/1529 2304/1793/1823 2295/1568/1590
f 2308/1759/1790 2310/1821/1852 2309/1674/1699
f 2055/1725/1754 2052/1797/1827 2057/1726/1755
f 2179/1822/1853 2183/1823/1854 2182/1804/1834
f 2053/1824/1855 2020/1825/1856 2057/1726/1755
f 2397/1809/1839 2401/1826/1857 2398/1827/1858
f 2397/1809/1839 2398/1827/1858 2390/1774/1804
f 730/1812/1842 796/1811/1841 791/1828/1859
f 729/1815/1845 715/1829/1860 737/1830/1861
f 2297/1631/1654 2306/1820/1851 2304/1793/1823
f 2295/1568/1590 2304/1793/1823 2305/1794/1824
f 2309/1674/1699 2310/1821/1852 2340/1831/1862
f 2043/1795/1825 2041/1832/1863 2054/1796/1826
f 2052/1797/1827 2053/1824/1855 2057/1726/1755
f 2401/1826/1857 2402/1833/1864 2398/1827/1858
f 71/1834/1865 37/1835/1866 56/1836/1867
f 56/1836/1867 45/1837/1868 51/1838/1869
f 2386/1778/1808 2394/1839/1870 2393/1779/1809
f 1148/1840/1871 3694/1841/1872 1151/1842/1873
f 697/1814/1844 698/1843/1874 715/1829/1860
f 728/1844/1875 689/1845/1876 672/1846/1877
f 2237/1847/1878 2240/1792/1822 3787/1819/1879
f 2237/1847/1878 2236/1848/1880 2240/1792/1822
f 2236/1848/1880 2306/1820/1851 2240/1792/1822
f 2307/1758/1789 2312/1849/1881 2308/1759/1790
f 2312/1849/1881 2310/1821/1852 2308/1759/1790
f 2047/1850/1882 2033/1851/1883 2052/1797/1827
f 2053/1824/1855 2040/1852/1884 2019/1853/1885
f 37/1835/1866 45/1837/1868 56/1836/1867
f 51/1838/1869 48/1854/1886 63/1855/1887
f 51/1838/1869 63/1855/1887 64/1856/1888
f 63/1855/1887 68/1857/1889 64/1856/1888
f 68/1857/1889 76/1858/1890 77/1859/1891
f 1148/1840/1871 1144/1860/1892 3694/1841/1872
f 694/1861/1893 714/1862/1894 695/1863/1895
f 2237/1847/1878 3787/1819/1879 2238/1864/1896
f 2224/1865/1897 2211/1866/1898 2228/1867/1899
f 2310/1821/1852 2341/1868/1900 2340/1831/1862
f 2214/1869/1901 2211/1866/1898 2210/1870/1902
f 2041/1832/1863 2039/1871/1903 2028/1872/1904
f 49/1873/1905 31/1874/1906 58/1875/1907
f 67/1876/1908 68/1857/1889 63/1855/1887
f 67/1876/1908 76/1858/1890 68/1857/1889
f 1150/1877/1909 1139/1878/1910 1148/1840/1871
f 1148/1840/1871 1139/1878/1910 1144/1860/1892
f 1144/1860/1892 1145/1879/1911 1146/1841/1912
f 1146/1841/1912 1145/1879/1911 1147/1880/1913
f 734/1881/1914 735/1882/1915 714/1862/1894
f 2236/1848/1880 2237/1847/1878 2238/1864/1896
f 3117/1883/1916 3118/1884/1917 3119/1885/1918
f 3120/1886/1919 3117/1883/1916 3119/1885/1918
f 2317/1887/1920 2306/1820/1851 2236/1848/1880
f 2307/1758/1789 2319/1888/1921 2312/1849/1881
f 2053/1824/1855 2033/1851/1883 2040/1852/1884
f 2016/1889/1922 2015/1890/1923 2021/1891/1924
f 21/1892/1925 45/1837/1868 37/1835/1866
f 40/1893/1926 45/1837/1868 21/1892/1925
f 40/1893/1926 48/1854/1886 45/1837/1868
f 67/1876/1908 72/1894/1927 76/1858/1890
f 1144/1860/1892 1141/1895/1928 1145/1879/1911
f 2304/1793/1823 2313/1896/1929 2305/1794/1824
f 2305/1794/1824 2319/1888/1921 2307/1758/1789
f 2229/1897/1930 2222/1898/1931 2224/1865/1897
f 2222/1898/1931 2213/1899/1932 2224/1865/1897
f 2224/1865/1897 2213/1899/1932 2211/1866/1898
f 33/1900/1933 31/1874/1906 49/1873/1905
f 72/1894/1927 82/1901/1934 76/1858/1890
f 1139/1878/1910 1141/1895/1928 1144/1860/1892
f 2236/1848/1880 2241/1902/1935 2317/1887/1920
f 2314/1903/1936 2313/1896/1929 2306/1820/1851
f 2305/1794/1824 2313/1896/1929 2320/1904/1937
f 2305/1794/1824 2320/1904/1937 2319/1888/1921
f 2221/1905/1938 2213/1899/1932 2222/1898/1931
f 2026/1906/1939 2025/1907/1940 2023/1908/1941
f 62/1909/1942 72/1894/1927 67/1876/1908
f 62/1909/1942 67/1876/1908 63/1855/1887
f 1150/1877/1909 1149/1910/1943 1139/1878/1910
f 1139/1878/1910 1149/1910/1943 1142/1911/1944
f 1142/1911/1944 1140/1912/1945 1139/1878/1910
f 1059/1913/1946 1058/1914/1947 1060/1915/1948
f 735/1882/1915 755/1916/1949 702/1917/1950
f 2241/1902/1935 2318/1918/1951 2317/1887/1920
f 2229/1897/1930 2219/1919/1952 2222/1898/1931
f 2222/1898/1931 2219/1919/1952 2221/1905/1938
f 20/1920/1953 41/1921/1954 40/1893/1926
f 20/1920/1953 40/1893/1926 21/1892/1925
f 706/1922/1955 705/1923/1956 703/1924/1957
f 1139/1878/1910 1140/1912/1945 1141/1895/1928
f 1059/1913/1946 1056/1925/1958 1058/1914/1947
f 2315/1926/1959 2306/1820/1851 2317/1887/1920
f 2306/1820/1851 2315/1926/1959 2314/1903/1936
f 2320/1904/1937 2321/1927/1960 2319/1888/1921
f 2219/1919/1952 2220/1928/1961 2221/1905/1938
f 33/1900/1933 10/1929/1962 31/1874/1906
f 12/1930/1963 21/1892/1925 31/1874/1906
f 62/1909/1942 73/1931/1964 72/1894/1927
f 1056/1925/1958 1055/1932/1965 1057/1933/1966
f 1056/1925/1958 1057/1933/1966 1058/1914/1947
f 2317/1887/1920 2318/1918/1951 2315/1926/1959
f 2229/1897/1930 2223/1934/1967 2219/1919/1952
f 2218/1935/1968 2220/1928/1961 2219/1919/1952
f 10/1929/1962 33/1900/1933 78/1936/1969
f 20/1920/1953 21/1892/1925 12/1930/1963
f 73/1931/1964 82/1901/1934 72/1894/1927
f 73/1931/1964 85/1937/1970 82/1901/1934
f 1035/1938/1971 1037/1939/1972 1039/1940/1973
f 2318/1918/1951 2330/1941/1974 2315/1926/1959
f 2320/1904/1937 2322/1942/1975 2321/1927/1960
f 2223/1934/1967 2215/1943/1976 2218/1935/1968
f 41/1921/1954 50/1944/1977 48/1854/1886
f 50/1944/1977 62/1909/1942 48/1854/1886
f 62/1909/1942 50/1944/1977 65/1945/1978
f 65/1945/1978 73/1931/1964 62/1909/1942
f 1035/1938/1971 1036/1946/1979 1037/1939/1972
f 2313/1896/1929 2314/1903/1936 2331/1947/1980
f 1142/1911/1944 1143/1948/1981 1140/1912/1945
f 1056/1925/1958 3792/1946/1982 1055/1932/1965
f 2315/1926/1959 2330/1941/1974 2316/1949/1983
f 2331/1947/1980 2323/1950/1984 2313/1896/1929
f 2313/1896/1929 2323/1950/1984 2320/1904/1937
f 2225/1951/1985 2215/1943/1976 2223/1934/1967
f 19/1952/1986 41/1921/1954 20/1920/1953
f 19/1952/1986 43/1953/1987 41/1921/1954
f 1034/1954/1988 1036/1946/1979 1035/1938/1971
f 3792/1946/1982 1054/1955/1989 1055/1932/1965
f 2315/1926/1959 2316/1949/1983 2314/1903/1936
f 2316/1949/1983 2332/1956/1990 2314/1903/1936
f 2314/1903/1936 2332/1956/1990 2331/1947/1980
f 2323/1950/1984 2322/1942/1975 2320/1904/1937
f 2216/1957/1991 2215/1943/1976 2225/1951/1985
f 9/1958/1992 12/1930/1963 10/1929/1962
f 2876/1959/1993 2875/1960/1994 2877/1961/1995
f 3792/1946/1982 1045/1962/1996 1054/1955/1989
f 19/1952/1986 18/1963/1997 43/1953/1987
f 43/1953/1987 42/1964/1998 50/1944/1977
f 499/1965/1999 498/1966/2000 500/1967/2001
f 1035/1938/1971 1030/1968/2002 1034/1954/1988
f 2316/1949/1983 2336/1969/2003 2332/1956/1990
f 13/1970/2004 19/1952/1986 12/1930/1963
f 53/1971/2005 65/1945/1978 50/1944/1977
f 65/1945/1978 74/1972/2006 73/1931/1964
f 2860/1973/2007 2881/1974/2008 2885/1975/2009
f 2332/1956/1990 2325/1976/2010 2331/1947/1980
f 2331/1947/1980 2325/1976/2010 2323/1950/1984
f 2227/1977/2011 2226/1978/2012 2225/1951/1985
f 2323/1950/1984 2324/1979/2013 2322/1942/1975
f 13/1970/2004 12/1930/1963 9/1958/1992
f 18/1963/1997 19/1952/1986 13/1970/2004
f 18/1963/1997 42/1964/1998 43/1953/1987
f 53/1971/2005 69/1980/2014 65/1945/1978
f 69/1980/2014 74/1972/2006 65/1945/1978
f 3793/1954/2015 1045/1962/1996 3792/1946/1982
f 2325/1976/2010 2324/1979/2013 2323/1950/1984
f 497/1981/2016 498/1966/2000 499/1965/1999
f 59/1982/2017 69/1980/2014 53/1971/2005
f 1030/1968/2002 1029/1983/2018 1034/1954/1988
f 2327/1984/2019 2326/1985/2020 2325/1976/2010
f 2325/1976/2010 2326/1985/2020 2324/1979/2013
f 2862/1986/2021 2864/1987/2022 2866/1988/2023
f 30/1989/2024 59/1982/2017 53/1971/2005
f 30/1989/2024 53/1971/2005 42/1964/1998
f 69/1980/2014 81/1990/2025 74/1972/2006
f 497/1981/2016 495/1991/2026 496/1992/2027
f 497/1981/2016 496/1992/2027 498/1966/2000
f 1030/1968/2002 1028/1993/2028 1029/1983/2018
f 14/1994/2029 22/1995/2030 15/1996/2031
f 18/1963/1997 24/1997/2032 42/1964/1998
f 75/1998/2033 81/1990/2025 69/1980/2014
f 495/1991/2026 494/1999/2034 496/1992/2027
f 1027/2000/2035 1029/1983/2018 1028/1993/2028
f 3793/1954/2015 3795/1983/2036 1045/1962/1996
f 7/2001/2037 23/2002/2038 44/2003/2039
f 7/2001/2037 14/1994/2029 23/2002/2038
f 2865/2004/2040 2869/2005/2041 2864/1987/2022
f 16/2006/2042 24/1997/2032 18/1963/1997
f 24/1997/2032 30/1989/2024 42/1964/1998
f 30/1989/2024 54/2007/2043 59/1982/2017
f 59/1982/2017 75/1998/2033 69/1980/2014
f 1026/2008/2044 1027/2000/2035 1028/1993/2028
f 2807/2009/2045 2802/2010/2046 2821/2011/2047
f 2821/2011/2047 2802/2010/2046 2889/2012/2048
f 6/2013/2049 15/1996/2031 22/1995/2030
f 30/1989/2024 39/2014/2050 54/2007/2043
f 54/2007/2043 66/2015/2051 75/1998/2033
f 54/2007/2043 75/1998/2033 59/1982/2017
f 2802/2010/2046 2857/2016/2052 2889/2012/2048
f 25/2017/2053 16/2006/2042 17/2018/2054
f 80/2019/2055 81/1990/2025 75/1998/2033
f 1025/2020/2056 1027/2000/2035 1026/2008/2044
f 2812/2021/2057 2800/2022/2058 2807/2009/2045
f 2807/2009/2045 2800/2022/2058 2802/2010/2046
f 7/2001/2037 8/2023/2059 1/2024/2060
f 8/2023/2059 7/2001/2037 57/2025/2061
f 7/2001/2037 1/2024/2060 3/2026/2062
f 3/2026/2062 22/1995/2030 7/2001/2037
f 3/2026/2062 6/2013/2049 22/1995/2030
f 26/2027/2063 24/1997/2032 25/2017/2053
f 24/1997/2032 26/2027/2063 27/2028/2064
f 27/2028/2064 30/1989/2024 24/1997/2032
f 27/2028/2064 39/2014/2050 30/1989/2024
f 54/2007/2043 52/2029/2065 66/2015/2051
f 66/2015/2051 80/2019/2055 75/1998/2033
f 492/2030/2066 494/1999/2034 495/1991/2026
f 492/2030/2066 493/2031/2067 494/1999/2034
f 1023/2032/2068 1025/2020/2056 1026/2008/2044
f 2800/2022/2058 2801/2033/2069 2802/2010/2046
f 6/2013/2049 35/2034/2070 17/2018/2054
f 2812/2021/2057 2783/2035/2071 2800/2022/2058
f 1023/2032/2068 1024/2036/2072 1025/2020/2056
f 1025/2020/2056 1024/2036/2072 1027/2000/2035
f 1024/2036/2072 1041/2037/2073 3687/2000/2074
f 8/2023/2059 5/2038/2075 1/2024/2060
f 1/2024/2060 2/2039/2076 3/2026/2062
f 3/2026/2062 2/2039/2076 6/2013/2049
f 6/2013/2049 2/2039/2076 35/2034/2070
f 28/2040/2077 26/2027/2063 25/2017/2053
f 39/2014/2050 27/2028/2064 38/2041/2078
f 39/2014/2050 52/2029/2065 54/2007/2043
f 475/2042/2079 493/2031/2067 492/2030/2066
f 1031/2043/2080 1024/2036/2072 1023/2032/2068
f 4/2044/2081 1/2024/2060 5/2038/2075
f 1/2024/2060 4/2044/2081 2/2039/2076
f 440/2045/2082 492/2030/2066 481/2046/2083
f 440/2045/2082 475/2042/2079 492/2030/2066
f 1023/2032/2068 1032/2047/2084 1031/2043/2080
f 1024/2036/2072 1038/2048/2085 1041/2037/2073
f 52/2029/2065 70/2049/2086 66/2015/2051
f 481/2046/2083 442/2050/2087 440/2045/2082
f 2783/2035/2071 2782/2051/2088 2781/2052/2089
f 1033/2053/2090 1032/2047/2084 1023/2032/2068
f 1031/2043/2080 1038/2048/2085 1024/2036/2072
f 1038/2048/2085 1043/2054/2091 1041/2037/2073
f 1742/2055/2092 1743/2056/2093 1760/2057/2094
f 29/2058/2095 38/2041/2078 27/2028/2064
f 440/2045/2082 470/2059/2096 475/2042/2079
f 1032/2047/2084 1038/2048/2085 1031/2043/2080
f 3768/2055/2097 1739/2060/2098 3717/2056/2099
f 1760/2057/2094 1759/2061/2100 1762/2062/2101
f 1796/2063/2102 1772/2064/2103 1791/2065/2104
f 38/2041/2078 29/2058/2095 46/2066/2105
f 55/2067/2106 52/2029/2065 38/2041/2078
f 55/2067/2106 70/2049/2086 52/2029/2065
f 440/2045/2082 439/2068/2107 470/2059/2096
f 1014/2069/2108 1032/2047/2084 1033/2053/2090
f 1032/2047/2084 1040/2070/2109 1038/2048/2085
f 1038/2048/2085 1040/2070/2109 1043/2054/2091
f 1743/2056/2093 1759/2061/2100 1760/2057/2094
f 1014/2069/2108 1020/2071/2110 1032/2047/2084
f 1032/2047/2084 1020/2071/2110 1040/2070/2109
f 1743/2056/2093 3797/2060/2111 1758/2072/2112
f 29/2058/2095 32/2073/2113 46/2066/2105
f 478/2074/2114 445/2075/2115 441/2076/2116
f 478/2074/2114 441/2076/2116 442/2050/2087
f 441/2076/2116 440/2045/2082 442/2050/2087
f 441/2076/2116 438/2077/2117 440/2045/2082
f 438/2077/2117 439/2068/2107 440/2045/2082
f 2824/2078/2118 2780/2079/2119 2782/2051/2088
f 1743/2056/2093 1757/2080/2120 1759/2061/2100
f 46/2066/2105 60/2081/2121 55/2067/2106
f 2824/2078/2118 2792/2082/2122 2780/2079/2119
f 1020/2071/2110 1042/2083/2123 1040/2070/2109
f 32/2073/2113 47/2084/2124 46/2066/2105
f 46/2066/2105 61/2085/2125 60/2081/2121
f 439/2068/2107 466/2086/2126 470/2059/2096
f 2780/2079/2119 2777/2087/2127 2779/2088/2128
f 1017/2089/2129 1008/2090/2130 1014/2069/2108
f 1743/2056/2093 1751/2091/2131 1757/2080/2120
f 1790/2092/2132 1880/2093/2133 1791/2065/2104
f 438/2077/2117 466/2086/2126 439/2068/2107
f 2792/2082/2122 2777/2087/2127 2780/2079/2119
f 1014/2069/2108 1009/2094/2134 1020/2071/2110
f 445/2075/2115 443/2095/2135 441/2076/2116
f 443/2095/2135 438/2077/2117 441/2076/2116
f 1008/2090/2130 1009/2094/2134 1014/2069/2108
f 443/2095/2135 444/2096/2136 438/2077/2117
f 1009/2094/2134 1044/2097/2137 1020/2071/2110
f 1020/2071/2110 1044/2097/2137 1042/2083/2123
f 1868/2098/2138 1790/2092/2132 1839/2099/2139
f 445/2075/2115 446/2100/2140 443/2095/2135
f 438/2077/2117 444/2096/2136 466/2086/2126
f 1005/2101/2141 1007/2102/2142 1008/2090/2130
f 1017/2089/2129 1005/2101/2141 1008/2090/2130
f 1008/2090/2130 1007/2102/2142 1009/2094/2134
f 2806/2103/2143 2777/2087/2127 2792/2082/2122
f 1751/2091/2131 1750/2104/2144 1757/2080/2120
f 1771/2105/2145 1756/2106/2146 1766/2107/2147
f 1868/2098/2138 1882/2108/2148 1895/2109/2149
f 444/2096/2136 468/2110/2150 466/2086/2126
f 1009/2094/2134 1007/2102/2142 1044/2097/2137
f 2658/2111/2151 2663/2112/2152 2661/2113/2153
f 482/2114/2154 446/2100/2140 445/2075/2115
f 1750/2104/2144 1756/2106/2146 1757/2080/2120
f 1839/2099/2139 1840/2115/2155 1868/2098/2138
f 1868/2098/2138 1840/2115/2155 1882/2108/2148
f 2806/2103/2143 2759/2116/2156 2777/2087/2127
f 1750/2104/2144 1755/2117/2157 1756/2106/2146
f 444/2096/2136 469/2118/2158 468/2110/2150
f 1007/2102/2142 1046/2119/2159 1044/2097/2137
f 483/2120/2160 446/2100/2140 482/2114/2154
f 1003/2121/2158 1004/2122/2161 1005/2101/2141
f 1005/2101/2141 1004/2122/2161 1007/2102/2142
f 2656/2123/2162 2655/2124/2163 2648/2125/2164
f 1882/2108/2148 1888/2126/2165 1895/2109/2149
f 2843/2127/2166 2841/2128/2167 2840/2129/2168
f 2729/2130/2169 2852/2131/2170 2778/2132/2171
f 1004/2122/2161 1046/2119/2159 1007/2102/2142
f 1755/2117/2157 1761/2133/2172 1756/2106/2146
f 443/2095/2135 455/2134/2173 444/2096/2136
f 1839/2099/2139 1838/2135/2174 1840/2115/2155
f 1840/2115/2155 1847/2136/2175 1882/2108/2148
f 455/2134/2173 469/2118/2158 444/2096/2136
f 1004/2122/2161 1047/2137/2176 1046/2119/2159
f 1755/2117/2157 1763/2138/2177 1761/2133/2172
f 1004/2122/2161 1048/2139/2178 1047/2137/2176
f 2928/2140/2179 2929/2141/2180 2930/2142/2181
f 2648/2125/2164 2646/2143/2182 2643/2144/2183
f 1882/2108/2148 1847/2136/2175 1888/2126/2165
f 455/2134/2173 472/2145/2184 469/2118/2158
f 1003/2121/2158 1006/2146/2185 1004/2122/2161
f 2929/2141/2180 2931/2147/2186 2930/2142/2181
f 2655/2124/2163 2654/2148/2187 2646/2143/2182
f 443/2095/2135 446/2100/2140 447/2149/2188
f 443/2095/2135 447/2149/2188 455/2134/2173
f 1808/2150/2189 1807/2151/2190 1767/2152/2191
f 1004/2122/2161 1006/2146/2185 1048/2139/2178
f 1767/2152/2191 1807/2151/2190 1773/2153/2192
f 1836/2154/2193 1840/2115/2155 1838/2135/2174
f 1836/2154/2193 1847/2136/2175 1840/2115/2155
f 483/2120/2160 448/2155/2194 446/2100/2140
f 446/2100/2140 448/2155/2194 447/2149/2188
f 447/2149/2188 465/2156/2195 455/2134/2173
f 455/2134/2173 465/2156/2195 472/2145/2184
f 1010/2157/2196 1011/2158/2197 1006/2146/2185
f 2809/2159/2198 2757/2160/2199 2758/2161/2200
f 1010/2157/2196 1012/2162/2201 1011/2158/2197
f 2757/2160/2199 2728/2163/2202 2729/2130/2169
f 1011/2158/2197 1049/2164/2203 1006/2146/2185
f 1006/2146/2185 1049/2164/2203 1048/2139/2178
f 448/2155/2194 449/2165/2204 447/2149/2188
f 447/2149/2188 449/2165/2204 465/2156/2195
f 483/2120/2160 484/2166/2205 448/2155/2194
f 2647/2167/2206 2641/2168/2207 2639/2169/2208
f 1888/2126/2165 1874/2170/2209 1901/2171/2210
f 449/2165/2204 467/2172/2211 465/2156/2195
f 2757/2160/2199 2748/2173/2212 2728/2163/2202
f 1012/2162/2201 1013/2174/2213 1011/2158/2197
f 1807/2151/2190 1809/2175/2214 1773/2153/2192
f 2674/2176/2215 2676/2177/2216 2673/2178/2217
f 1013/2174/2213 1022/2179/2218 1011/2158/2197
f 1011/2158/2197 1022/2179/2218 1049/2164/2203
f 448/2155/2194 450/2180/2219 449/2165/2204
f 449/2165/2204 450/2180/2219 467/2172/2211
f 1022/2179/2218 1050/2181/2220 1049/2164/2203
f 2757/2160/2199 2789/2182/2221 2748/2173/2212
f 2728/2163/2202 2723/2183/2222 2727/2184/2223
f 1015/2185/2224 1013/2174/2213 1012/2162/2201
f 2748/2173/2212 2723/2183/2222 2728/2163/2202
f 1013/2174/2213 1021/2186/2225 1022/2179/2218
f 1022/2179/2218 1021/2186/2225 1050/2181/2220
f 2667/2187/2226 2652/2188/2227 2647/2167/2206
f 1834/2189/2228 1788/2190/2229 1786/2191/2230
f 1788/2190/2229 1834/2189/2228 1838/2135/2174
f 448/2155/2194 451/2192/2231 450/2180/2219
f 1809/2175/2214 1810/2193/2232 1777/2194/2233
f 2647/2167/2206 2652/2188/2227 2651/2195/2234
f 484/2166/2205 451/2192/2231 448/2155/2194
f 1018/2196/2235 1016/2197/2236 1015/2185/2224
f 450/2180/2219 471/2198/2237 467/2172/2211
f 1015/2185/2224 1016/2197/2236 1013/2174/2213
f 1021/2186/2225 1051/2199/2238 1050/2181/2220
f 1013/2174/2213 1016/2197/2236 1021/2186/2225
f 1847/2136/2175 1844/2200/2239 1874/2170/2209
f 451/2192/2231 452/2201/2240 450/2180/2219
f 452/2201/2240 471/2198/2237 450/2180/2219
f 2748/2173/2212 2714/2202/2241 2723/2183/2222
f 1780/2203/2242 1781/2204/2243 1778/2205/2244
f 2676/2177/2216 2677/2206/2245 2673/2178/2217
f 1836/2154/2193 1834/2189/2228 1835/2207/2246
f 2711/2208/2247 2723/2183/2222 2696/2209/2248
f 1874/2170/2209 1873/2210/2249 1901/2171/2210
f 1901/2171/2210 1873/2210/2249 1906/2211/2250
f 1016/2197/2236 1051/2199/2238 1021/2186/2225
f 1748/2212/2251 1749/2213/2252 1810/2193/2232
f 1749/2213/2252 1823/2214/2253 1810/2193/2232
f 1810/2193/2232 1823/2214/2253 1777/2194/2233
f 1823/2214/2253 1825/2215/2254 1777/2194/2233
f 2673/2178/2217 2678/2216/2255 2680/2217/2256
f 1847/2136/2175 1835/2207/2246 1844/2200/2239
f 897/2218/2257 886/2219/2258 905/2220/2259
f 1018/2196/2235 1019/2221/2260 1016/2197/2236
f 1016/2197/2236 1052/2222/2261 1051/2199/2238
f 1844/2200/2239 1873/2210/2249 1874/2170/2209
f 896/2223/2262 886/2219/2258 897/2218/2257
f 2748/2173/2212 2788/2224/2263 2714/2202/2241
f 3807/2220/2264 887/2225/2265 908/2226/2266
f 2652/2188/2227 2775/2227/2267 2651/2195/2234
f 2680/2217/2256 2747/2228/2268 2652/2188/2227
f 896/2223/2262 885/2229/2269 886/2219/2258
f 3807/2220/2264 886/2219/2258 887/2225/2265
f 451/2192/2231 476/2230/2270 454/2231/2271
f 451/2192/2231 454/2231/2271 453/2232/2272
f 451/2192/2231 453/2232/2272 452/2201/2240
f 884/2233/2273 907/2234/2274 887/2225/2265
f 886/2219/2258 884/2233/2273 887/2225/2265
f 1052/2222/2261 1053/2235/2275 1051/2199/2238
f 885/2229/2269 884/2233/2273 886/2219/2258
f 2788/2224/2263 2773/2236/2276 2714/2202/2241
f 2678/2216/2255 2681/2237/2277 2680/2217/2256
f 885/2229/2269 881/2238/2278 884/2233/2273
f 2795/2239/2279 2796/2240/2280 2775/2227/2267
f 2747/2228/2268 2682/2241/2281 2799/2242/2282
f 2747/2228/2268 2795/2239/2279 2652/2188/2227
f 2679/2243/2283 2681/2237/2277 2678/2216/2255
f 884/2233/2273 883/2244/2284 907/2234/2274
f 2799/2242/2282 2795/2239/2279 2747/2228/2268
f 881/2238/2278 883/2244/2284 884/2233/2273
f 2826/2245/2285 2773/2236/2276 2810/2246/2286
f 1785/2247/2287 1782/2248/2288 1795/2249/2289
f 1783/2250/2290 1792/2251/2291 1830/2252/2292
f 885/2229/2269 879/2253/2293 881/2238/2278
f 1803/2254/2294 1801/2255/2295 1802/2256/2296
f 2197/2257/2297 2198/2258/2298 2199/2259/2299
f 2799/2242/2282 2798/2260/2300 2795/2239/2279
f 2681/2237/2277 2683/2261/2301 2682/2241/2281
f 2679/2243/2283 2686/2262/2302 2681/2237/2277
f 1844/2200/2239 1845/2263/2303 1873/2210/2249
f 1905/2264/2304 1866/2265/2305 1908/2266/2306
f 2197/2257/2297 2202/2267/2307 2198/2258/2298
f 1830/2252/2292 1829/2268/2308 1831/2269/2309
f 1831/2269/2309 1832/2270/2310 1833/2271/2311
f 1833/2271/2311 1842/2272/2312 1835/2207/2246
f 2685/2273/2313 2692/2274/2314 2687/2275/2315
f 1873/2210/2249 1845/2263/2303 1866/2265/2305
f 881/2238/2278 880/2276/2316 883/2244/2284
f 1784/2277/2317 1785/2247/2287 1789/2278/2318
f 2773/2236/2276 2774/2279/2319 2710/2280/2320
f 879/2253/2293 880/2276/2316 881/2238/2278
f 2826/2245/2285 2774/2279/2319 2773/2236/2276
f 1908/2266/2306 1866/2265/2305 1907/2281/2321
f 454/2231/2271 456/2282/2322 453/2232/2272
f 880/2276/2316 904/2283/2323 883/2244/2284
f 1784/2277/2317 1798/2284/2324 1804/2285/2325
f 1784/2277/2317 1804/2285/2325 1794/2286/2326
f 1833/2271/2311 1832/2270/2310 1842/2272/2312
f 473/2287/2327 457/2288/2328 454/2231/2271
f 454/2231/2271 457/2288/2328 456/2282/2322
f 879/2253/2293 878/2289/2329 880/2276/2316
f 1792/2251/2291 1828/2290/2330 1829/2268/2308
f 2687/2275/2315 2686/2262/2302 2679/2243/2283
f 2697/2291/2331 2693/2292/2332 2692/2274/2314
f 879/2253/2293 875/2293/2333 878/2289/2329
f 2683/2261/2301 2719/2294/2334 2718/2295/2335
f 2687/2275/2315 2694/2296/2336 2688/2297/2337
f 457/2288/2328 458/2298/2338 456/2282/2322
f 878/2289/2329 904/2283/2323 880/2276/2316
f 1793/2299/2339 1828/2290/2330 1792/2251/2291
f 2693/2292/2332 2694/2296/2336 2687/2275/2315
f 1871/2300/2340 1857/2301/2341 1843/2302/2342
f 1804/2285/2325 1811/2303/2343 1794/2286/2326
f 1828/2290/2330 1841/2304/2344 1829/2268/2308
f 1832/2270/2310 1841/2304/2344 1842/2272/2312
f 1845/2263/2303 1846/2305/2345 1866/2265/2305
f 1793/2299/2339 1813/2306/2346 1828/2290/2330
f 2694/2296/2336 2695/2307/2347 2688/2297/2337
f 1841/2304/2344 1871/2300/2340 1842/2272/2312
f 878/2289/2329 876/2308/2348 882/2309/2349
f 875/2293/2333 876/2308/2348 878/2289/2329
f 2688/2297/2337 2745/2310/2350 2689/2311/2351
f 1866/2265/2305 1861/2312/2352 1907/2281/2321
f 2743/2313/2353 2717/2314/2354 2709/2315/2355
f 457/2288/2328 459/2316/2356 458/2298/2338
f 878/2289/2329 882/2309/2349 904/2283/2323
f 1811/2303/2343 1816/2317/2357 1797/2318/2358
f 1797/2318/2358 1812/2319/2359 1793/2299/2339
f 1871/2300/2340 1870/2320/2360 1857/2301/2341
f 1907/2281/2321 1861/2312/2352 1911/2321/2361
f 870/2322/2362 874/2323/2363 875/2293/2333
f 2774/2279/2319 2816/2324/2364 2769/2325/2365
f 875/2293/2333 874/2323/2363 876/2308/2348
f 1816/2317/2357 1812/2319/2359 1797/2318/2358
f 1828/2290/2330 1848/2326/2366 1841/2304/2344
f 2717/2314/2354 2716/2327/2367 2709/2315/2355
f 2699/2328/2368 2700/2329/2369 2695/2307/2347
f 1846/2305/2345 1859/2330/2370 1860/2331/2371
f 1816/2317/2357 1818/2332/2372 1812/2319/2359
s 0
f 3742/2306/2373 1814/2333/2373 1824/2334/2373
s 1
f 1848/2326/2366 1849/2335/2374 1841/2304/2344
f 2688/2297/2337 2708/2336/2375 2746/2337/2376
f 1818/2332/2372 1817/2338/2377 1819/2339/2378
f 2189/2340/2379 2190/2341/2380 2191/2342/2381
f 1818/2332/2372 1822/2343/2382 1812/2319/2359
f 2691/2344/2383 2740/2345/2384 2730/2346/2385
f 1812/2319/2359 1822/2343/2382 3646/2333/2386
f 1861/2312/2352 1903/2347/2387 1911/2321/2361
f 2717/2314/2354 2732/2348/2388 2716/2327/2367
f 457/2288/2328 460/2349/2389 459/2316/2356
f 2769/2325/2365 2767/2350/2390 2717/2314/2354
f 876/2308/2348 877/2351/2391 882/2309/2349
s 0
f 2502/2352/2392 2503/2353/2392 2504/2354/2392
s 1
f 2691/2344/2383 2742/2355/2393 2741/2356/2394
f 1861/2312/2352 1862/2357/2395 1903/2347/2387
f 457/2288/2328 461/2358/2396 460/2349/2389
f 2767/2350/2390 2732/2348/2388 2717/2314/2354
f 874/2323/2363 877/2351/2391 876/2308/2348
f 2819/2359/2397 2767/2350/2390 2816/2324/2364
f 2816/2324/2364 2767/2350/2390 2769/2325/2365
f 1837/2360/2398 1813/2306/2346 3709/2334/2399
f 2746/2337/2376 2708/2336/2375 2764/2361/2400
f 1861/2312/2352 1860/2331/2371 1862/2357/2395
f 870/2322/2362 872/2362/2401 874/2323/2363
f 874/2323/2363 872/2362/2401 877/2351/2391
f 2742/2355/2393 2828/2363/2402 2741/2356/2394
f 1848/2326/2366 1855/2364/2403 1849/2335/2374
f 870/2322/2362 871/2365/2404 872/2362/2401
f 872/2362/2401 906/2366/2405 877/2351/2391
f 2764/2361/2400 2763/2367/2406 2745/2310/2350
f 2708/2336/2375 2765/2368/2407 2764/2361/2400
f 2705/2369/2408 2765/2368/2407 2708/2336/2375
f 2695/2307/2347 2702/2370/2409 2705/2369/2408
f 2817/2371/2410 2767/2350/2390 2819/2359/2397
f 1848/2326/2366 1827/2372/2411 1883/2373/2412
f 1848/2326/2366 1883/2373/2412 1855/2364/2403
f 1869/2374/2413 1889/2375/2414 1870/2320/2360
f 461/2358/2396 462/2376/2415 460/2349/2389
f 872/2362/2401 892/2377/2416 906/2366/2405
f 1887/2378/2417 1883/2373/2412 1827/2372/2411
f 2765/2368/2407 2763/2367/2406 2764/2361/2400
f 1856/2379/2418 1849/2335/2374 1855/2364/2403
f 1862/2357/2395 1863/2380/2419 1903/2347/2387
f 1903/2347/2387 1863/2380/2419 1909/2381/2420
f 2767/2350/2390 2734/2382/2421 2732/2348/2388
f 871/2365/2404 873/2383/2422 872/2362/2401
f 873/2383/2422 892/2377/2416 872/2362/2401
f 2765/2368/2407 2766/2384/2423 2763/2367/2406
f 1850/2385/2424 1852/2386/2425 1869/2374/2413
f 1956/2387/2426 1950/2388/2427 1955/2389/2428
f 1955/2389/2428 1950/2388/2427 1952/2390/2429
f 2712/2391/2430 2804/2392/2431 2705/2369/2408
f 1869/2374/2413 1875/2393/2432 1881/2394/2433
f 1869/2374/2413 1881/2394/2433 1889/2375/2414
f 462/2376/2415 463/2395/2434 460/2349/2389
f 871/2365/2404 888/2396/2435 873/2383/2422
f 1887/2378/2417 1890/2397/2436 1883/2373/2412
f 1956/2387/2426 1954/2398/2437 1950/2388/2427
f 1950/2388/2427 1951/2399/2438 1952/2390/2429
f 3644/2390/2439 1951/2399/2440 1958/2400/2441
f 2712/2391/2430 2836/2401/2442 2804/2392/2431
f 2705/2369/2408 2804/2392/2431 2765/2368/2407
f 2765/2368/2407 2804/2392/2431 2766/2384/2423
f 1852/2386/2425 1876/2402/2443 1875/2393/2432
f 898/2403/2444 889/2404/2445 871/2365/2404
f 871/2365/2404 889/2404/2445 888/2396/2435
f 892/2377/2416 912/2405/2446 906/2366/2405
f 2817/2371/2410 2768/2406/2447 2767/2350/2390
f 1890/2397/2436 1899/2407/2448 1883/2373/2412
f 1954/2398/2437 1953/2408/2449 1950/2388/2427
f 1950/2388/2427 1953/2408/2449 1951/2399/2438
f 2836/2401/2442 2837/2409/2450 2804/2392/2431
f 1953/2408/2449 1957/2410/2451 1951/2399/2438
f 2446/2411/2452 2448/2412/2453 2449/2413/2454
f 2703/2414/2455 2706/2415/2456 2702/2370/2409
f 1875/2393/2432 1896/2416/2457 1881/2394/2433
f 1881/2394/2433 1896/2416/2457 1897/2417/2458
f 2446/2411/2452 2445/2418/2459 2447/2419/2460
f 2702/2370/2409 2750/2420/2461 2749/2421/2462
f 2706/2415/2456 2750/2420/2461 2702/2370/2409
f 1909/2381/2420 1863/2380/2419 1910/2422/2463
f 2736/2423/2464 2735/2424/2465 2734/2382/2421
f 462/2376/2415 464/2425/2466 463/2395/2434
f 2768/2406/2447 2736/2423/2464 2734/2382/2421
f 889/2404/2445 891/2426/2467 888/2396/2435
f 891/2426/2467 893/2427/2468 892/2377/2416
f 888/2396/2435 891/2426/2467 892/2377/2416
f 892/2377/2416 893/2427/2468 912/2405/2446
f 1851/2428/2469 1853/2429/2470 1852/2386/2425
f 1878/2430/2471 1902/2431/2472 1875/2393/2432
f 1876/2402/2443 1878/2430/2471 1875/2393/2432
f 1902/2431/2472 1924/2432/2473 1896/2416/2457
f 1875/2393/2432 1902/2431/2472 1896/2416/2457
f 1863/2380/2419 1879/2433/2474 1910/2422/2463
f 1876/2402/2443 1877/2434/2475 1878/2430/2471
f 1854/2435/2476 1852/2386/2425 1853/2429/2470
f 1852/2386/2425 1854/2435/2476 1877/2434/2475
f 2752/2436/2477 2753/2437/2478 2751/2438/2479
f 2750/2420/2461 2752/2436/2477 2751/2438/2479
f 1879/2433/2474 1892/2439/2480 1910/2422/2463
f 898/2403/2444 890/2440/2481 889/2404/2445
f 889/2404/2445 890/2440/2481 891/2426/2467
f 893/2427/2468 913/2441/2482 912/2405/2446
f 1877/2434/2475 1928/2442/2483 1878/2430/2471
f 1878/2430/2471 1928/2442/2483 1902/2431/2472
f 1879/2433/2474 1891/2443/2484 1892/2439/2480
f 464/2425/2466 479/2444/2485 474/2445/2486
f 2736/2423/2464 2737/2446/2487 2735/2424/2465
f 464/2425/2466 474/2445/2486 463/2395/2434
f 474/2445/2486 477/2447/2488 463/2395/2434
f 2768/2406/2447 2739/2448/2489 2736/2423/2464
f 890/2440/2481 893/2427/2468 891/2426/2467
f 2756/2449/2490 2770/2450/2491 2752/2436/2477
f 2756/2449/2490 2752/2436/2477 2750/2420/2461
f 1937/2451/2492 1939/2452/2493 1942/2453/2494
f 1942/2453/2494 1939/2452/2493 1943/2454/2495
f 893/2427/2468 910/2455/2496 913/2441/2482
f 1913/2456/2497 1892/2439/2480 1891/2443/2484
f 2739/2448/2489 2737/2446/2487 2736/2423/2464
f 894/2457/2498 903/2458/2499 893/2427/2468
f 890/2440/2481 894/2457/2498 893/2427/2468
f 903/2458/2499 910/2455/2496 893/2427/2468
f 1867/2459/2500 1884/2460/2501 1854/2435/2476
f 1867/2459/2500 1854/2435/2476 1853/2429/2470
f 1884/2460/2501 1931/2461/2502 1928/2442/2483
f 1877/2434/2475 1884/2460/2501 1928/2442/2483
f 1937/2451/2492 1938/2462/2503 1939/2452/2493
f 480/2463/2504 474/2445/2486 479/2444/2485
f 2815/2464/2505 2784/2465/2506 2739/2448/2489
f 2770/2450/2491 2755/2466/2507 2752/2436/2477
f 485/2467/2508 474/2445/2486 480/2463/2504
f 485/2467/2508 486/2468/2509 474/2445/2486
f 2739/2448/2489 2744/2469/2510 2737/2446/2487
f 1894/2470/2511 1867/2459/2500 1853/2429/2470
f 1885/2471/2512 1884/2460/2501 1867/2459/2500
f 1884/2460/2501 1927/2472/2513 1931/2461/2502
f 1938/2462/2503 1940/2473/2514 1939/2452/2493
f 1913/2456/2497 1914/2474/2515 1915/2475/2516
f 899/2476/2517 890/2440/2481 902/2477/2518
f 1885/2471/2512 1927/2472/2513 1884/2460/2501
f 1941/2478/2519 1940/2473/2514 1938/2462/2503
f 2784/2465/2506 2785/2479/2520 2744/2469/2510
f 899/2476/2517 895/2480/2521 890/2440/2481
f 890/2440/2481 895/2480/2521 894/2457/2498
f 903/2458/2499 911/2481/2522 910/2455/2496
f 1886/2482/2523 1885/2471/2512 1867/2459/2500
f 1916/2483/2524 1915/2475/2516 1914/2474/2515
f 2785/2479/2520 2791/2484/2525 2744/2469/2510
f 900/2485/2526 895/2480/2521 899/2476/2517
f 895/2480/2521 911/2481/2522 903/2458/2499
f 894/2457/2498 895/2480/2521 903/2458/2499
f 1916/2483/2524 1917/2486/2527 1915/2475/2516
f 485/2467/2508 487/2487/2528 486/2468/2509
f 486/2468/2509 487/2487/2528 488/2488/2529
f 2827/2489/2530 2811/2490/2531 2784/2465/2506
f 2784/2465/2506 2811/2490/2531 2785/2479/2520
f 489/2491/2532 487/2487/2528 485/2467/2508
f 487/2487/2528 490/2492/2533 488/2488/2529
f 2811/2490/2531 2820/2493/2534 2805/2494/2535
f 900/2485/2526 901/2495/2536 895/2480/2521
f 3733/2495/2537 909/2496/2538 895/2480/2521
f 489/2491/2532 491/2497/2539 487/2487/2528
f 491/2497/2539 490/2492/2533 487/2487/2528
f 1201/2498/2540 1202/3/3 1200/2/2
f 1474/12/12 1489/2499/2541 1472/23/23
f 1201/2498/2540 1200/2/2 1199/2500/2542
f 1200/2/2 1192/19/19 1199/2500/2542
f 3417/27/27 3420/26/26 3419/2501/2543
f 3422/2502/2544 3420/26/26 3421/28/28
f 2475/2503/2545 2473/37/2546 2476/2504/2547
f 3680/35/2548 2473/37/2546 2475/2503/2545
f 3417/27/27 3419/2501/2543 3418/2505/2549
f 1257/2506/2550 1261/2507/2551 1258/2508/2552
f 1258/2508/2552 1261/2507/2551 1262/2509/2553
f 368/77/77 371/40/40 372/39/39
f 1256/2510/2554 1257/2506/2550 1258/2508/2552
f 370/72/72 371/40/40 368/77/77
f 3417/27/27 3418/2505/2549 3416/86/86
f 1192/19/19 1193/2511/2555 1194/2512/2556
f 1199/2500/2542 1192/19/19 1194/2512/2556
f 3424/2513/2557 3421/28/28 3417/27/27
f 3424/2513/2557 3417/27/27 3415/2514/2558
f 3415/2514/2558 3417/27/27 3416/86/86
f 3518/82/82 3526/59/59 3520/80/80
f 3517/60/60 3526/59/59 3518/82/82
f 3523/48/48 3524/47/47 3517/60/60
f 369/73/73 370/72/72 368/77/77
f 368/77/77 372/39/39 302/75/75
f 1199/2500/2542 1194/2512/2556 1203/2515/2559
f 3416/86/86 3418/2505/2549 3439/2516/2560
f 1194/2512/2556 1193/2511/2555 1195/2517/2561
f 1256/2510/2554 1258/2508/2552 1259/2518/2562
f 1194/2512/2556 1195/2517/2561 1196/2519/2563
f 289/57/57 311/42/42 257/66/66
f 1203/2515/2559 1194/2512/2556 1196/2519/2563
f 1475/63/63 1476/2520/2564 1468/64/64
f 3523/48/48 3517/60/60 3514/90/90
f 3527/53/53 3523/48/48 3514/90/90
f 3416/86/86 3439/2516/2560 3501/84/84
f 3415/2514/2558 3416/86/86 3414/85/85
f 3519/81/81 3520/80/80 3521/2521/2565
f 374/74/74 369/73/73 373/83/83
f 1196/2519/2563 1195/2517/2561 1197/105/105
f 387/2522/2566 289/57/57 256/87/87
f 3410/2523/2567 3415/2514/2558 3414/85/85
f 1468/64/64 1476/2520/2564 1470/78/78
f 375/2524/2568 374/74/74 373/83/83
f 1476/2520/2564 1478/107/107 1477/109/109
f 1470/78/78 1476/2520/2564 1477/109/109
f 3521/2521/2565 3520/80/80 3522/2525/2569
f 1256/2510/2554 1259/2518/2562 1260/2526/2570
f 1260/2526/2570 1259/2518/2562 1263/2527/2571
f 375/2524/2568 373/83/83 376/97/97
f 3517/60/60 3516/95/95 3514/90/90
f 222/98/98 302/75/75 262/2528/2572
f 3703/113/118 3501/84/84 3439/2516/2560
f 1203/2515/2559 1196/2519/2563 1204/2529/2573
f 1196/2519/2563 1197/105/105 1198/104/104
f 1204/2529/2573 1196/2519/2563 3704/104/2574
f 387/2522/2566 256/87/87 275/2530/2575
f 256/87/87 255/88/88 253/110/110
f 222/98/98 262/2528/2572 224/2531/2576
f 3414/85/85 3501/84/84 3407/2532/2577
f 3410/2523/2567 3414/85/85 3407/2532/2577
f 3513/91/91 3514/90/90 3508/112/112
f 223/154/158 222/98/98 224/2531/2576
f 224/2531/2576 387/2522/2566 275/2530/2575
f 3408/145/149 3501/84/84 3703/113/118
f 3407/2532/2577 3501/84/84 3408/145/149
f 275/2530/2575 256/87/87 253/110/110
f 2579/120/120 2580/131/133 2581/121/121
f 3547/2533/2578 3550/2534/2579 3549/2535/2580
f 1260/2526/2570 1263/2527/2571 1264/2536/2581
f 265/117/116 375/2524/2568 376/97/97
f 223/154/158 224/2531/2576 275/2530/2575
f 3405/2537/2582 3407/2532/2577 3408/145/149
f 1375/2538/2583 1376/2539/2584 1373/2540/2585
f 2582/122/122 2581/121/121 2583/135/137
f 3546/2541/2586 3545/2542/2587 3547/2533/2578
f 3546/2541/2586 3547/2533/2578 3548/2543/2588
f 3548/2543/2588 3547/2533/2578 3549/2535/2580
f 3544/2544/2589 3545/2542/2587 3546/2541/2586
f 323/162/164 375/2524/2568 265/117/116
f 3516/95/95 3519/81/81 3534/118/117
f 265/117/116 222/98/98 219/178/180
f 222/98/98 223/154/158 221/2545/2590
f 223/154/158 275/2530/2575 253/110/110
f 3410/2523/2567 3407/2532/2577 3406/2546/2591
f 1479/108/108 1478/107/107 1480/164/166
f 3406/2546/2591 3407/2532/2577 3405/2537/2582
f 1375/2538/2583 1373/2540/2585 1369/2547/2592
f 3470/155/159 3531/140/143 3504/2548/2593
f 2582/122/122 2583/135/137 2585/2549/2594
f 2586/2550/2595 2582/122/122 2585/2549/2594
f 3548/2543/2588 3549/2535/2580 3551/2551/2596
f 331/2552/2597 341/144/148 332/152/156
f 219/178/180 222/98/98 221/2545/2590
f 1369/2547/2592 1373/2540/2585 1370/2553/2598
f 3472/2554/2599 3728/150/2600 3682/167/2601
f 331/2552/2597 332/152/156 330/161/163
f 3495/168/170 3534/118/117 3468/195/197
f 266/175/177 314/163/165 265/117/116
f 3404/216/218 3408/145/149 3502/153/157
f 3405/2537/2582 3408/145/149 3404/216/218
f 3470/155/159 3504/2548/2593 3462/174/176
f 3682/167/2601 3466/148/152 3463/166/168
f 2587/2555/2602 2586/2550/2595 2585/2549/2594
f 3468/195/197 3472/2554/2599 3682/167/2601
f 319/194/196 331/2552/2597 330/161/163
f 1369/2547/2592 1370/2553/2598 1371/2556/2603
f 3462/174/176 3504/2548/2593 3481/2557/2604
f 1371/2556/2603 1370/2553/2598 1372/2558/2605
f 2588/208/210 2586/2550/2595 2587/2555/2602
f 350/2559/2606 331/2552/2597 319/194/196
f 267/176/178 266/175/177 219/178/180
f 3404/216/218 3502/153/157 3411/179/181
f 3508/112/112 3495/168/170 3411/179/181
f 219/178/180 221/2545/2590 220/212/214
f 220/212/214 221/2545/2590 223/154/158
f 3403/215/217 3405/2537/2582 3404/216/218
f 3406/2546/2591 3405/2537/2582 3403/215/217
f 2459/186/188 2460/185/187 2461/2560/2607
f 3462/174/176 3481/2557/2604 3459/222/224
f 2588/208/210 2587/2555/2602 2589/209/211
f 291/2561/2608 350/2559/2606 319/194/196
f 3464/196/198 3468/195/197 3682/167/2601
f 268/200/202 267/176/178 219/178/180
f 3423/234/236 3406/2546/2591 3403/215/217
f 220/212/214 223/154/158 217/136/138
f 273/2562/2609 360/2563/2610 312/2564/2611
f 273/2562/2609 312/2564/2611 295/207/209
f 295/207/209 312/2564/2611 293/205/207
f 3464/196/198 3682/167/2601 3463/166/168
f 291/2561/2608 319/194/196 290/2565/2612
f 3404/216/218 3411/179/181 3398/214/216
f 3475/204/206 3478/187/189 3479/2566/2613
f 1371/2556/2603 1372/2558/2605 1374/2567/2614
f 270/206/208 293/205/207 291/2561/2608
f 270/206/208 291/2561/2608 290/2565/2612
f 3401/227/229 3411/179/181 3495/168/170
f 213/197/199 229/119/119 243/218/220
f 3475/204/206 3479/2566/2613 3477/2568/2615
f 3459/222/224 3481/2557/2604 3683/198/2616
f 273/2562/2609 295/207/209 270/206/208
f 206/241/243 268/200/202 219/178/180
f 206/241/243 219/178/180 210/213/215
f 3398/214/216 3411/179/181 3401/227/229
f 210/213/215 220/212/214 217/136/138
f 3476/2569/2617 3475/204/206 3477/2568/2615
f 273/2562/2609 272/2570/2618 413/2571/2619
f 3459/222/224 3683/198/2616 3457/221/223
f 272/2570/2618 273/2562/2609 270/206/208
f 3464/196/198 3463/166/168 3458/217/219
f 290/2565/2612 319/194/196 292/193/195
f 210/213/215 217/136/138 213/197/199
f 3475/204/206 3476/2569/2617 3474/220/222
f 3458/217/219 3459/222/224 3457/221/223
f 3696/248/2620 3474/220/222 3476/2569/2617
f 357/2572/2621 413/2571/2619 272/2570/2618
f 269/242/244 292/193/195 268/200/202
f 209/255/257 210/213/215 213/197/199
f 3457/221/223 3474/220/222 3509/248/250
f 357/2572/2621 272/2570/2618 271/2573/2622
f 271/2573/2622 272/2570/2618 270/206/208
f 269/242/244 290/2565/2612 292/193/195
f 3398/214/216 3401/227/229 3400/262/264
f 3394/233/235 3403/215/217 3398/214/216
f 276/244/246 429/243/245 425/2574/2623
f 276/244/246 425/2574/2623 277/253/255
f 425/2574/2623 357/2572/2621 277/253/255
f 277/253/255 357/2572/2621 271/2573/2622
f 270/206/208 290/2565/2612 269/242/244
f 3540/224/226 3541/223/225 3542/2575/2624
f 3400/262/264 3401/227/229 3402/226/228
f 209/255/257 213/197/199 208/230/232
f 411/245/247 276/244/246 339/2576/2625
f 3457/221/223 3509/248/250 3451/247/249
f 3456/2577/2626 3457/221/223 3451/247/249
f 251/254/256 277/253/255 271/2573/2622
f 3458/217/219 3457/221/223 3456/2577/2626
f 236/270/272 271/2573/2622 270/206/208
f 3400/262/264 3402/226/228 3412/260/262
f 3449/251/253 3453/250/252 3454/2578/2627
f 339/2576/2625 276/244/246 252/2579/2628
f 252/2579/2628 276/244/246 251/254/256
f 3461/280/282 3458/217/219 3456/2577/2626
f 251/254/256 271/2573/2622 236/270/272
f 236/270/272 270/206/208 269/242/244
f 3412/260/262 3402/226/228 3500/236/238
f 3397/261/263 3398/214/216 3400/262/264
f 3394/233/235 3398/214/216 3397/261/263
f 1605/2580/2629 1606/2581/2630 1601/2582/2631
f 326/2583/2632 339/2576/2625 252/2579/2628
f 3500/236/238 3458/217/219 3461/280/282
f 206/241/243 210/213/215 207/256/258
f 240/258/260 208/230/232 243/218/220
f 1600/2584/2633 1605/2580/2629 1601/2582/2631
f 250/2585/2634 252/2579/2628 251/254/256
f 250/2585/2634 251/254/256 236/270/272
f 3530/282/284 3500/236/238 3461/280/282
f 1485/231/233 1484/229/231 1486/286/288
f 1487/249/251 1485/231/233 1486/286/288
f 1601/2582/2631 1599/2586/2635 1600/2584/2633
f 236/270/272 269/242/244 206/241/243
f 3412/260/262 3500/236/238 3530/282/284
f 3409/284/286 3395/237/239 3393/257/259
f 3448/268/270 3449/251/253 3450/2587/2636
f 3451/247/249 3449/251/253 3447/269/271
f 325/2588/2637 326/2583/2632 252/2579/2628
f 325/2588/2637 252/2579/2628 250/2585/2634
f 3456/2577/2626 3451/247/249 3447/269/271
f 249/2589/2638 250/2585/2634 236/270/272
f 3448/268/270 3450/2587/2636 3482/2590/2639
f 1600/2584/2633 1599/2586/2635 1597/2591/2640
f 1597/2591/2640 1599/2586/2635 1598/2592/2641
f 249/2589/2638 236/270/272 248/305/305
f 248/305/305 236/270/272 204/271/273
f 3399/2593/2642 3412/260/262 3530/282/284
f 3399/2593/2642 3397/261/263 3412/260/262
f 3394/233/235 3397/261/263 3396/2594/2643
f 325/2588/2637 250/2585/2634 249/2589/2638
f 3461/280/282 3456/2577/2626 3485/281/283
f 204/271/273 206/241/243 202/339/339
f 3396/2594/2643 3397/261/263 3399/2593/2642
f 202/339/339 206/241/243 207/256/258
f 3448/268/270 3482/2590/2639 3484/2595/2644
f 423/2596/2645 424/2597/2646 364/291/293
f 3485/281/283 3456/2577/2626 3447/269/271
f 199/264/266 208/230/232 240/258/260
f 1991/2598/2647 1992/2599/2648 1990/2600/2649
f 1596/2601/2650 1597/2591/2640 1598/2592/2641
f 1596/2601/2650 1598/2592/2641 1602/2602/2651
f 343/302/302 325/2588/2637 249/2589/2638
f 343/302/302 249/2589/2638 264/303/303
f 264/303/303 249/2589/2638 248/305/305
f 201/337/337 202/339/339 207/256/258
f 1985/319/319 1991/2598/2647 1990/2600/2649
f 423/2596/2645 364/291/293 363/301/301
f 363/301/301 364/291/293 362/290/292
f 263/306/306 248/305/305 204/271/273
f 1985/319/319 1990/2600/2649 1983/2603/2652
f 3448/268/270 3484/2595/2644 3446/2604/2653
f 1596/2601/2650 1602/2602/2651 1603/2605/2654
f 3447/269/271 3448/268/270 3446/2604/2653
f 1603/2605/2654 1602/2602/2651 1604/2606/2655
f 2629/2607/2656 2630/2608/2657 2631/2609/2658
f 3444/343/343 3530/282/284 3485/281/283
f 3487/332/332 3399/2593/2642 3530/282/284
f 3396/2594/2643 3399/2593/2642 3487/332/332
f 3389/334/334 3394/233/235 3396/2594/2643
f 3393/257/259 3394/233/235 3389/334/334
f 3388/283/285 3393/257/259 3389/334/334
f 201/337/337 207/256/258 197/310/310
f 1980/317/317 1985/319/319 1983/2603/2652
f 3446/2604/2653 3484/2595/2644 3511/2610/2659
f 3389/334/334 3396/2594/2643 3487/332/332
f 1980/317/317 1983/2603/2652 1981/2611/2660
f 1607/2612/2661 1603/2605/2654 1604/2606/2655
f 354/328/328 363/301/301 358/300/300
f 3443/315/315 3447/269/271 3446/2604/2653
f 203/329/329 204/271/273 202/339/339
f 197/310/310 199/264/266 198/325/325
f 3446/2604/2653 3511/2610/2659 3483/2613/2662
f 3445/2614/2663 3446/2604/2653 3483/2613/2662
f 1987/2615/2664 3719/320/2665 1986/318/318
f 3443/315/315 3446/2604/2653 3445/2614/2663
f 3444/343/343 3485/281/283 3443/315/315
f 237/324/324 286/313/313 263/306/306
f 1986/318/318 1980/317/317 1982/2616/2666
f 1980/317/317 1981/2611/2660 3654/2616/2667
f 3654/2616/2667 1981/2611/2660 1984/2617/2668
f 246/352/352 354/328/328 285/323/323
f 3444/343/343 3443/315/315 3442/341/341
f 1987/2615/2664 1986/318/318 1982/2616/2666
f 3535/2618/2669 3536/308/308 3537/307/307
f 203/329/329 202/339/339 200/338/338
f 1987/2615/2664 1982/2616/2666 1989/2619/2670
f 3445/2614/2663 3483/2613/2662 3486/384/386
f 196/369/371 197/310/310 198/325/325
f 605/374/376 606/327/327 572/326/326
f 3497/366/368 3498/2620/2671 3373/391/393
f 3486/384/386 3483/2613/2662 3499/358/360
f 246/352/352 285/323/323 245/361/363
f 3441/383/385 3443/315/315 3445/2614/2663
f 232/360/362 286/313/313 212/2621/2672
f 212/2621/2672 286/313/313 237/324/324
f 3539/2622/2673 3535/2618/2669 3537/307/307
f 205/367/369 203/329/329 200/338/338
f 1520/362/364 1526/321/321 1533/330/330
f 259/363/365 198/325/325 242/365/367
f 605/374/376 572/326/326 558/346/346
f 244/354/354 246/352/352 245/361/363
f 3441/383/385 3445/2614/2663 3486/384/386
f 3441/383/385 3442/341/341 3443/315/315
f 2094/398/400 2098/2623/2674 2095/2624/2675
f 2094/398/400 2095/2624/2675 2096/2625/2676
f 247/353/353 244/354/354 258/2626/2677
f 212/2621/2672 237/324/324 205/367/369
f 3387/344/344 3386/340/340 3384/378/380
f 194/372/374 197/310/310 196/369/371
f 3499/358/360 3497/366/368 3367/382/384
f 329/376/378 242/365/367 361/345/345
f 3367/382/384 3497/366/368 3373/391/393
f 3486/384/386 3499/358/360 3367/382/384
f 212/2621/2672 205/367/369 211/377/379
f 2094/398/400 2096/2625/2676 2097/396/398
f 194/372/374 196/369/371 195/386/388
f 228/416/418 258/2626/2677 244/354/354
f 3387/344/344 3384/378/380 3391/430/432
f 317/2627/2678 258/2626/2677 228/416/418
f 3376/2628/2679 3441/383/385 3367/382/384
f 232/360/362 212/2621/2672 238/399/401
f 238/399/401 212/2621/2672 211/377/379
f 195/386/388 278/364/366 274/388/390
f 279/405/407 274/388/390 242/365/367
f 228/416/418 244/354/354 231/387/389
f 3442/341/341 3441/383/385 3376/2628/2679
f 238/399/401 211/377/379 218/2629/2680
f 218/2629/2680 211/377/379 193/426/428
f 193/426/428 211/377/379 194/372/374
f 3360/2630/2681 3364/392/394 3365/394/396
f 3360/2630/2681 3365/394/396 3371/2631/2682
f 317/2627/2678 228/416/418 318/2632/2683
f 3362/2633/2684 3367/382/384 3364/392/394
f 3376/2628/2679 3367/382/384 3362/2633/2684
f 3489/395/397 3442/341/341 3376/2628/2679
f 231/387/389 232/360/362 226/400/402
f 182/2634/2685 193/426/428 194/372/374
f 182/2634/2685 194/372/374 195/386/388
f 3721/397/2686 3671/396/2687 2100/2635/2688
f 182/2634/2685 195/386/388 274/388/390
f 280/431/433 274/388/390 279/405/407
f 228/416/418 231/387/389 226/400/402
f 279/405/407 329/376/378 328/406/408
f 3362/2633/2684 3364/392/394 3360/2630/2681
f 238/399/401 218/2629/2680 193/426/428
f 318/2632/2683 228/416/418 230/418/420
f 227/417/419 228/416/418 226/400/402
f 281/458/460 274/388/390 280/431/433
f 427/2636/2689 318/2632/2683 230/418/420
f 3366/2637/2690 3376/2628/2679 3362/2633/2684
f 3489/395/397 3376/2628/2679 3366/2637/2690
f 3382/424/426 3385/368/370 3413/401/403
f 239/407/409 238/399/401 167/428/430
f 3391/430/432 3384/378/380 3383/425/427
f 167/428/430 238/399/401 193/426/428
f 164/427/429 193/426/428 182/2634/2685
f 164/427/429 182/2634/2685 165/452/454
f 165/452/454 182/2634/2685 274/388/390
f 165/452/454 274/388/390 281/458/460
f 3360/2630/2681 3371/2631/2682 3350/420/422
s 0
f 3746/420/2691 3722/2631/2691 3714/421/2691
s 1
f 3362/2633/2684 3360/2630/2681 3361/466/468
f 3366/2637/2690 3362/2633/2684 3361/466/468
f 3382/424/426 3384/378/380 3385/368/370
f 3350/420/422 3348/419/421 3347/438/440
f 3359/464/466 3361/466/468 3360/2630/2681
f 3359/464/466 3360/2630/2681 3350/420/422
f 281/458/460 280/431/433 282/432/434
f 279/405/407 328/406/408 327/444/446
f 327/444/446 328/406/408 409/409/411
f 3351/462/464 3350/420/422 3347/438/440
f 225/433/435 227/417/419 226/400/402
f 3378/440/442 3413/401/403 3489/395/397
f 261/453/455 165/452/454 281/458/460
s 0
f 2974/2638/2692 2975/2639/2692 2976/2640/2692
s 1
f 225/433/435 226/400/402 191/423/425
f 191/423/425 239/407/409 167/428/430
f 163/450/452 167/428/430 164/427/429
f 261/453/455 281/458/460 287/459/461
f 3353/463/465 3350/420/422 3351/462/464
f 3359/464/466 3350/420/422 3353/463/465
f 3378/440/442 3489/395/397 3366/2637/2690
f 162/449/451 164/427/429 165/452/454
f 235/2641/2693 234/434/436 233/446/448
f 356/2642/2694 234/434/436 235/2641/2693
f 189/474/476 233/446/448 225/433/435
f 3366/2637/2690 3361/466/468 3363/465/467
f 3377/2643/2695 3378/440/442 3366/2637/2690
f 173/467/469 167/428/430 163/450/452
f 166/476/478 163/450/452 162/449/451
f 3558/456/458 3559/436/438 3560/2644/2696
f 3355/460/462 3358/2645/2697 3357/2646/2698
f 189/474/476 225/433/435 190/447/449
f 173/467/469 190/447/449 191/423/425
f 173/467/469 163/450/452 168/2647/2699
f 168/2647/2699 163/450/452 166/476/478
f 162/449/451 261/453/455 287/459/461
f 284/477/479 282/432/434 283/443/445
f 3357/2646/2698 3641/2645/2700 3369/2648/2701
f 216/2649/2702 235/2641/2693 233/446/448
f 3374/2650/2703 3359/464/466 3353/463/465
f 3363/465/467 3359/464/466 3374/2650/2703
f 3377/2643/2695 3366/2637/2690 3363/465/467
f 284/477/479 287/459/461 282/432/434
f 284/477/479 283/443/445 297/485/487
f 216/2649/2702 233/446/448 192/490/492
f 192/490/492 233/446/448 189/474/476
f 168/2647/2699 166/476/478 169/486/488
f 3357/2646/2698 3369/2648/2701 3370/2651/2704
f 3356/481/483 3355/460/462 3357/2646/2698
f 3378/440/442 3377/2643/2695 3379/2652/2705
f 3375/2653/2706 3357/2646/2698 3370/2651/2704
f 3356/481/483 3357/2646/2698 3375/2653/2706
f 215/492/494 216/2649/2702 192/490/492
f 3368/512/514 3353/463/465 3354/461/463
f 192/490/492 189/474/476 183/484/486
f 3374/2650/2703 3353/463/465 3368/512/514
f 3380/494/496 3378/440/442 3379/2652/2705
f 3381/441/443 3378/440/442 3380/494/496
f 1681/506/508 1700/2654/2707 1687/505/507
f 3496/2655/2708 3363/465/467 3374/2650/2703
f 171/2656/2709 181/473/475 173/467/469
f 3381/441/443 3380/494/496 3425/482/484
f 284/477/479 297/485/487 303/510/512
f 171/2656/2709 173/467/469 168/2647/2699
f 170/515/517 168/2647/2699 169/486/488
f 303/510/512 308/487/489 284/477/479
f 3563/2657/2710 3564/2658/2711 3565/2659/2712
f 3374/2650/2703 3368/512/514 3507/541/544
f 3496/2655/2708 3374/2650/2703 3507/541/544
f 171/2656/2709 168/2647/2699 170/515/517
f 170/515/517 169/486/488 308/487/489
f 1667/504/506 1681/506/508 1687/505/507
f 3356/481/483 3375/2653/2706 3529/2660/2713
f 3691/525/2714 3684/492/2714 3731/491/2714
f 3377/2643/2695 3363/465/467 3496/2655/2708
f 3438/2661/2715 3380/494/496 3379/2652/2705
f 3490/513/515 3356/481/483 3529/2660/2713
f 183/484/486 181/473/475 175/529/532
f 181/473/475 171/2656/2709 175/529/532
f 3426/2662/2716 3379/2652/2705 3377/2643/2695
f 3426/2662/2716 3377/2643/2695 3427/543/546
f 3438/2661/2715 3379/2652/2705 3426/2662/2716
f 3503/495/497 3380/494/496 3438/2661/2715
f 307/519/521 308/487/489 303/510/512
f 3507/541/544 3368/512/514 3372/511/513
f 3427/543/546 3377/2643/2695 3496/2655/2708
f 171/2656/2709 170/515/517 172/2663/2717
f 172/2663/2717 170/515/517 316/514/516
f 316/514/516 308/487/489 307/519/521
f 305/521/523 303/510/512 304/498/500
f 3490/513/515 3529/2660/2713 3493/533/536
f 3720/527/2718 214/491/493 184/493/495
f 1503/497/499 1507/509/511 1509/530/533
f 3492/532/535 3493/533/536 3494/2664/2719
f 1452/552/555 1455/2665/2720 1453/553/556
f 1453/553/556 1455/2665/2720 1456/2666/2721
f 3720/527/2718 184/493/495 175/529/532
f 3427/543/546 3496/2655/2708 3507/541/544
f 3438/2661/2715 3426/2662/2716 3428/576/579
f 172/2663/2717 316/514/516 320/534/537
f 3438/2661/2715 3437/2667/2722 3503/495/497
f 306/518/520 303/510/512 305/521/523
f 389/2668/2723 187/2669/2724 186/2670/2725
f 187/2669/2724 3720/527/2718 186/2670/2725
f 186/2670/2725 3720/527/2718 180/573/576
f 180/573/576 3720/527/2718 175/529/532
f 3426/2662/2716 3427/543/546 3428/576/579
f 320/534/537 307/519/521 322/2671/2726
f 322/2671/2726 307/519/521 310/589/592
f 3436/542/545 3507/541/544 3440/579/582
f 3429/574/577 3427/543/546 3436/542/545
f 175/529/532 171/2656/2709 174/567/570
f 171/2656/2709 172/2663/2717 174/567/570
f 3438/2661/2715 3428/576/579 3437/2667/2722
f 174/567/570 172/2663/2717 320/534/537
f 1667/504/506 1666/545/548 1652/535/538
f 310/589/592 307/519/521 306/518/520
f 306/518/520 305/521/523 309/570/573
f 1331/2672/2727 1330/2673/2728 1329/2674/2729
f 389/2668/2723 186/2670/2725 388/2675/2730
f 186/2670/2725 180/573/576 177/572/575
f 177/572/575 175/529/532 176/568/571
f 3428/576/579 3427/543/546 3429/574/577
f 3437/2667/2722 3428/576/579 3430/575/578
f 1692/560/563 1697/559/562 1696/2676/2731
f 1329/2674/2729 1330/2673/2728 1327/2677/2732
f 388/2675/2730 186/2670/2725 296/593/596
f 296/593/596 186/2670/2725 177/572/575
f 3429/574/577 3436/542/545 3432/2678/2733
f 1666/545/548 1679/544/547 1658/597/600
f 322/2671/2726 174/567/570 320/534/537
f 1646/546/549 1645/2679/2734 1644/547/550
f 1646/546/549 1650/569/572 1645/2679/2734
f 310/589/592 306/518/520 309/570/573
f 599/551/554 600/571/574 602/2680/2735
f 1323/2681/2736 1329/2674/2729 1327/2677/2732
f 1327/2677/2732 1324/2682/2737 1323/2681/2736
f 3436/542/545 3434/580/583 3432/2678/2733
f 1658/597/600 1679/544/547 1677/587/590
f 178/581/584 174/567/570 322/2671/2726
f 178/581/584 322/2671/2726 340/599/602
f 1666/545/548 1658/597/600 1650/569/572
f 340/599/602 322/2671/2726 352/603/606
f 322/2671/2726 310/589/592 336/601/604
f 1670/555/558 1644/547/550 1643/2683/2738
f 597/550/553 601/2684/2739 600/571/574
f 1692/560/563 1696/2676/2731 1695/591/594
f 3431/2685/2740 3429/574/577 3432/2678/2733
f 3430/575/578 3429/574/577 3431/2685/2740
f 1645/2679/2734 1650/569/572 1647/2686/2741
f 352/603/606 322/2671/2726 338/2687/2742
f 1645/2679/2734 1647/2686/2741 1642/2688/2743
f 338/2687/2742 322/2671/2726 336/601/604
f 1644/547/550 1645/2679/2734 1642/2688/2743
f 1644/547/550 1642/2688/2743 1643/2683/2738
f 600/571/574 601/2684/2739 602/2680/2735
f 1688/2689/2744 1694/562/565 1692/560/563
f 1688/2689/2744 1692/560/563 1691/592/595
f 1323/2681/2736 1324/2682/2737 1325/2690/2745
f 188/584/587 176/568/571 179/595/598
f 1650/569/572 1658/597/600 1647/2686/2741
f 1712/2691/2746 1636/604/607 1711/606/609
f 3434/580/583 3435/2692/2747 3433/2693/2748
f 313/594/597 177/572/575 188/584/587
f 313/594/597 188/584/587 344/602/605
f 3432/2678/2733 3434/580/583 3433/2693/2748
f 1677/587/590 1675/586/589 1661/596/599
f 1647/2686/2741 1658/597/600 1661/596/599
f 602/2680/2735 601/2684/2739 603/2694/2749
f 1338/2695/2750 1323/2681/2736 1326/631/634
f 1326/631/634 1323/2681/2736 1325/2690/2745
f 3432/2678/2733 3433/2693/2748 3431/2685/2740
f 1405/623/626 1415/2696/2751 1411/624/627
f 601/2684/2739 604/2697/2752 603/2694/2749
f 337/600/603 310/589/592 315/588/591
f 2530/2698/2753 2523/2699/2754 2518/2700/2755
f 2518/2700/2755 2523/2699/2754 2517/2701/2756
f 1326/631/634 1325/2690/2745 1328/629/632
f 1688/2689/2744 1691/592/595 1689/2702/2757
f 400/2703/2758 313/594/597 344/602/605
f 1673/636/639 1675/586/589 1686/585/588
f 1662/621/624 1661/596/599 1675/586/589
f 1647/2686/2741 1661/596/599 1649/622/625
f 1643/2683/2738 1642/2688/2743 1635/2704/2759
f 1685/2705/2760 1686/585/588 1688/2689/2744
f 345/617/620 179/595/598 347/2706/2761
f 1662/621/624 1675/586/589 1673/636/639
f 1416/613/616 1415/2696/2751 1405/623/626
f 1406/614/617 1416/613/616 1405/623/626
f 1647/2686/2741 1649/622/625 1638/2707/2762
f 1642/2688/2743 1647/2686/2741 1638/2707/2762
f 1642/2688/2743 1638/2707/2762 1635/2704/2759
f 2516/2708/2763 2518/2700/2755 2517/2701/2756
f 1338/2695/2750 1326/631/634 1334/630/633
f 400/2703/2758 344/602/605 346/2709/2764
f 346/2709/2764 344/602/605 345/617/620
f 1686/585/588 1685/2705/2760 1673/636/639
f 1636/604/607 1635/2704/2759 1634/628/631
f 2569/647/650 2530/2698/2753 2524/648/651
f 2530/2698/2753 2518/2700/2755 2524/648/651
f 2524/648/651 2518/2700/2755 2516/2708/2763
f 2516/2708/2763 2517/2701/2756 3780/654/2765
f 1334/630/633 1328/629/632 1332/2710/2766
f 1685/2705/2760 1688/2689/2744 1689/2702/2757
f 1649/622/625 1662/621/624 1653/2711/2767
f 1638/2707/2762 1640/702/705 1633/641/644
f 1635/2704/2759 1638/2707/2762 1633/641/644
f 1634/628/631 1635/2704/2759 1633/641/644
f 2524/648/651 2516/2708/2763 2525/727/730
f 1685/2705/2760 1689/2702/2757 1690/686/689
f 1672/669/672 1673/636/639 1685/2705/2760
f 1649/622/625 1653/2711/2767 1640/702/705
f 1638/2707/2762 1649/622/625 1640/702/705
f 2279/658/661 2286/633/636 2311/656/659
f 2516/2708/2763 3780/654/2765 3789/653/2768
f 1334/630/633 1332/2710/2766 1335/2712/2769
f 1332/2710/2766 1328/629/632 1333/2713/2770
f 401/2714/2771 400/2703/2758 346/2709/2764
f 1673/636/639 1672/669/672 1663/637/640
f 1653/2711/2767 1662/621/624 1663/637/640
f 2507/674/677 2510/649/652 2524/648/651
f 1335/2712/2769 1332/2710/2766 1336/2715/2772
f 1391/2716/2773 1387/676/679 1386/2717/2774
f 1684/688/691 1685/2705/2760 1690/686/689
f 1672/669/672 1685/2705/2760 1684/688/691
f 1653/2711/2767 1654/700/703 1640/702/705
f 382/695/698 355/626/629 381/665/668
f 1387/676/679 1400/661/664 1397/660/663
f 1672/669/672 1684/688/691 1671/668/671
f 1653/2711/2767 1663/637/640 1654/700/703
f 2508/2718/2775 2507/674/677 2527/814/817
f 2527/814/817 2507/674/677 2524/648/651
f 2527/814/817 2524/648/651 2525/727/730
f 2525/727/730 2516/2708/2763 2515/728/731
f 2516/2708/2763 3789/653/2768 2515/728/731
f 2515/728/731 3789/653/2768 3693/667/2776
f 1335/2712/2769 1336/2715/2772 1337/2719/2777
f 1386/2717/2774 1387/676/679 1388/2720/2778
f 1392/697/700 1387/676/679 1396/662/665
f 1663/637/640 1671/668/671 1664/805/808
f 1654/700/703 1663/637/640 1664/805/808
f 1632/642/645 1633/641/644 1630/691/694
f 384/693/696 381/665/668 353/632/635
f 2281/681/684 2282/657/660 2342/762/765
s 0
f 2505/2721/2779 3712/673/2779 3669/674/2779
s 1
f 2515/728/731 3693/667/2776 2519/2722/2780
f 2967/2723/2781 2968/2724/2782 2969/2725/2783
f 1388/2720/2778 1387/676/679 1389/768/771
f 1389/768/771 1387/676/679 1392/697/700
f 1706/638/641 1631/680/683 1707/726/729
f 3803/2721/2784 2507/674/677 2508/2718/2775
f 1693/696/699 1690/686/689 1704/2726/2785
f 1398/677/680 1414/689/692 1419/716/719
f 1654/700/703 1664/805/808 1657/807/810
f 1651/701/704 1654/700/703 1657/807/810
f 1633/641/644 1640/702/705 1637/690/693
f 2526/729/732 2515/728/731 2520/2727/2786
f 2520/2727/2786 2515/728/731 2519/2722/2780
f 1388/2720/2778 1389/768/771 1390/767/770
f 1389/768/771 1392/697/700 1393/706/709
f 3803/2721/2784 2508/2718/2775 2509/2728/2787
f 2527/814/817 2525/727/730 2526/729/732
f 2520/2727/2786 2519/2722/2780 2521/2729/2788
f 3284/735/738 3279/709/712 3278/739/742
f 1674/804/807 1671/668/671 1676/687/690
f 1631/680/683 1630/691/694 1629/725/728
f 391/792/795 386/703/706 383/694/697
f 391/792/795 383/694/697 384/693/696
f 2508/2718/2775 2527/814/817 2535/813/816
f 514/765/768 519/733/736 538/822/825
f 3288/734/737 3284/735/738 3286/800/803
f 553/2730/2789 534/827/830 552/2731/2790
f 1698/802/805 1704/2726/2785 1705/2732/2791
f 1693/696/699 1704/2726/2785 1698/802/805
f 1671/668/671 1674/804/807 1665/806/809
f 1664/805/808 1671/668/671 1665/806/809
f 2509/2728/2787 2508/2718/2775 2535/813/816
f 2520/2727/2786 2521/2729/2788 2522/2733/2792
f 533/774/777 518/772/775 520/770/773
f 135/851/854 137/867/870 132/853/856
f 2407/835/838 2280/763/766 2406/793/796
f 2970/2734/2793 2971/2735/2794 2972/2736/2795
f 2534/815/818 2527/814/817 2526/729/732
f 2528/2737/2796 2526/729/732 2520/2727/2786
f 145/847/850 144/824/827 139/826/829
f 1698/802/805 1705/2732/2791 1702/850/853
f 1641/809/812 1651/701/704 1655/808/811
f 2539/2738/2797 2535/813/816 2534/815/818
f 2531/2739/2798 2526/729/732 2528/2737/2796
f 2528/2737/2796 2520/2727/2786 2522/2733/2792
f 2528/2737/2796 2522/2733/2792 2529/2740/2799
f 147/861/864 151/846/849 145/847/850
f 552/2731/2790 534/827/830 526/849/852
f 534/827/830 520/770/773 526/849/852
f 1674/804/807 1678/803/806 1660/828/831
f 1657/807/810 1665/806/809 1660/828/831
f 132/853/856 137/867/870 124/869/872
f 3202/829/832 3204/810/813 3198/830/833
f 2194/2741/2800 2195/2742/2801 2196/2743/2802
f 2973/2744/2803 2970/2734/2793 2972/2736/2795
f 2531/2739/2798 2534/815/818 2526/729/732
f 147/861/864 145/847/850 146/863/866
f 139/826/829 138/825/828 129/1022/1029
f 2400/885/888 2412/2745/2804 2399/883/886
f 550/959/963 552/2731/2790 526/849/852
f 138/825/828 126/852/855 129/1022/1029
f 1660/828/831 1678/803/806 1683/886/889
f 125/866/869 132/853/856 124/869/872
f 124/869/872 136/868/871 127/918/921
f 3201/890/893 3202/829/832 3198/830/833
f 2552/2746/2805 2539/2738/2797 2537/2747/2806
f 2537/2747/2806 2539/2738/2797 2534/815/818
f 2534/815/818 2531/2739/2798 2536/2748/2807
f 2532/2749/2808 2528/2737/2796 2533/2750/2809
f 2533/2750/2809 2528/2737/2796 2529/2740/2799
f 2529/2740/2799 2522/2733/2792 2553/2751/2810
f 539/909/912 528/844/847 537/879/882
f 539/909/912 523/845/848 528/844/847
f 542/949/953 527/848/851 541/864/867
f 526/849/852 527/848/851 542/949/953
f 550/959/963 526/849/852 542/949/953
f 1655/808/811 1660/828/831 1669/888/891
f 1641/809/812 1668/870/873 1639/871/874
f 3316/892/895 3312/894/897 3313/899/902
f 2544/2752/2811 2552/2746/2805 2537/2747/2806
f 2531/2739/2798 2528/2737/2796 2532/2749/2808
f 2529/2740/2799 2553/2751/2810 2550/1189/1200
f 2557/2753/2812 2567/2754/2813 2555/1122/1129
f 2555/1122/1129 2567/2754/2813 2560/1123/1130
f 2567/2754/2813 2574/2755/2814 2563/2756/2815
f 3702/1011/2816 1738/2757/2817 1737/1025/2818
f 126/852/855 125/866/869 113/2758/2819
f 124/869/872 127/918/921 112/973/977
f 3200/889/892 3199/891/894 3205/984/988
f 2543/2759/2820 2544/2752/2811 2537/2747/2806
f 2538/2760/2821 2534/815/818 2536/2748/2807
f 2533/2750/2809 2529/2740/2799 2550/1189/1200
f 2550/1189/1200 2553/2751/2810 2557/2753/2812
f 2125/2761/2822 2129/2762/2823 2124/2763/2824
f 2129/2762/2823 2128/957/961 2124/2763/2824
f 2563/2756/2815 2574/2755/2814 2575/2764/2825
f 2124/2763/2824 2128/957/961 2126/956/960
f 1724/1030/1037 1723/1019/1025 1727/1009/1015
f 1736/1016/1022 1724/1030/1037 1727/1009/1015
f 928/963/967 930/965/969 938/1021/1027
f 938/1021/1027 930/965/969 3711/954/1028
f 1175/2765/2826 1171/2766/2827 1155/2767/2828
f 1155/2767/2828 1171/2766/2827 1162/2768/2829
f 115/2769/2830 129/1022/1029 126/852/855
f 2371/968/972 2376/967/971 2380/884/887
f 113/2758/2819 125/866/869 111/1159/1169
f 125/866/869 124/869/872 111/1159/1169
f 3205/984/988 3206/931/934 3217/1104/1111
f 3223/979/983 3226/928/931 3287/1063/1070
f 3168/996/1002 3160/997/1003 3289/1082/1089
f 2568/2770/2831 2544/2752/2811 2543/2759/2820
f 2543/2759/2820 2537/2747/2806 2538/2760/2821
f 2537/2747/2806 2534/815/818 2538/2760/2821
f 2536/2748/2807 2531/2739/2798 2532/2749/2808
f 2550/1189/1200 2557/2753/2812 2555/1122/1129
f 2560/1123/1130 2567/2754/2813 2563/2756/2815
f 3656/1006/2832 995/2771/2833 993/2772/2834
f 989/1007/1013 3656/1006/2832 993/2772/2834
f 993/2772/2834 995/2771/2833 1000/2773/2835
f 993/2772/2834 1000/2773/2835 3739/1132/2836
f 2123/2774/2837 3779/2761/2838 3640/2763/2839
f 1732/1010/1016 1727/1009/1015 1730/1012/1018
f 989/1007/1013 983/2775/2840 999/1008/1014
f 1173/2776/2841 1175/2765/2826 1155/2767/2828
f 918/1026/1033 938/1021/1027 924/1018/1024
f 130/1023/1030 129/1022/1029 115/2769/2830
f 1155/2767/2828 1162/2768/2829 1154/2777/2842
f 921/1039/1046 932/1035/1042 926/1034/1041
f 115/2769/2830 126/852/855 113/2758/2819
f 111/1159/1169 124/869/872 112/973/977
f 3232/975/979 3229/922/925 3233/1053/1060
f 123/1060/1067 128/917/920 133/981/985
f 1317/1111/1118 1318/1077/1084 1315/1076/1083
f 3294/998/1004 3168/996/1002 3289/1082/1089
f 3294/998/1004 3289/1082/1089 3767/1179/2843
f 2620/2778/2844 2624/2779/2845 3649/1080/2846
f 2551/2780/2847 2568/2770/2831 2543/2759/2820
f 548/944/948 537/879/882 549/1003/1009
f 2562/2781/2848 2560/1123/1130 2563/2756/2815
f 3688/1131/1204 989/1007/1013 993/2772/2834
f 3688/1131/1204 993/2772/2834 3739/1132/2836
f 3688/1131/1204 983/2775/2840 989/1007/1013
f 2122/2782/2849 2123/2774/2837 3640/2763/2839
f 942/1086/1093 916/1015/1021 941/1014/1020
f 3670/956/2850 2122/2782/2849 3640/2763/2839
f 1156/2783/2851 1173/2776/2841 1155/2767/2828
f 1726/1088/1095 1721/1020/1026 1722/1092/1099
f 1156/2783/2851 1155/2767/2828 1153/2784/2852
f 1722/1092/1099 1716/1032/1039 1719/2785/2853
f 1153/2784/2852 1155/2767/2828 1154/2777/2842
f 1154/2777/2842 1157/2786/2854 1152/2787/2855
f 1152/2787/2855 1157/2786/2854 1159/2788/2856
f 1157/2786/2854 1174/2789/2857 1159/2788/2856
f 854/1103/1110 863/2790/2858 859/2791/2859
f 859/2791/2859 863/2790/2858 865/2792/2860
f 2620/2778/2844 3649/1080/2846 2617/1227/1241
f 2617/1227/1241 3649/1080/2846 3734/1113/2861
f 2617/1227/1241 3734/1113/2861 2615/1183/1193
f 2615/1183/1193 3734/1113/2861 3758/1117/1194
f 2538/2760/2821 2536/2748/2807 2542/2793/2862
f 2542/2793/2862 2536/2748/2807 2540/2794/2863
f 2540/2794/2863 2536/2748/2807 2532/2749/2808
f 2540/2794/2863 2532/2749/2808 2533/2750/2809
f 2541/2795/2864 2533/2750/2809 2550/1189/1200
f 2560/1123/1130 2562/2781/2848 2561/2796/2865
f 978/1133/1202 997/2797/2866 986/2798/2867
f 1730/1012/1018 1728/1085/1092 1731/1125/1132
f 984/1139/1149 983/2775/2840 982/2799/2868
f 982/2799/2868 983/2775/2840 3688/1131/1204
f 2960/2800/2869 2962/2801/2870 2961/1198/1211
f 1728/1085/1092 1726/1088/1095 1729/2802/2871
f 1001/2803/2872 991/2804/2873 998/2805/2874
f 984/1139/1149 985/1138/1148 983/2775/2840
f 991/2804/2873 985/1138/1148 990/1140/1150
f 2127/2806/2875 2122/2782/2849 3670/956/2850
f 2127/2806/2875 3670/956/2850 2131/2807/2876
f 1717/1200/1213 1719/2785/2853 1716/1032/1039
f 1717/1200/1213 1716/1032/1039 1713/1201/1214
f 1713/1201/1214 1716/1032/1039 1714/1096/1103
f 1713/1201/1214 1714/1096/1103 1715/2808/2877
f 1152/2787/2855 1153/2784/2852 1154/2777/2842
f 1343/1044/1051 1344/1098/1105 1342/1156/1166
f 1343/1044/1051 1342/1156/1166 1339/1046/1053
f 93/2809/2878 113/2758/2819 96/2810/2879
f 96/2810/2879 113/2758/2819 111/1159/1169
f 3293/1213/1227 3233/1053/1060 3292/1100/1107
f 839/1162/1172 845/1055/1062 847/2811/2880
f 845/1055/1062 854/1103/1110 847/2811/2880
f 3165/1177/1187 3151/1071/1078 3147/1074/1081
f 1311/1114/1121 1312/1110/1117 1313/1181/1191
f 1316/1112/1119 1312/1110/1117 1311/1114/1121
f 2622/1184/1195 3758/1117/1194 3659/1185/2881
s 0
f 2611/2812/2882 2612/2813/2882 2613/2814/2882
s 1
f 2547/2815/2883 2538/2760/2821 2542/2793/2862
f 2345/1236/1251 2266/907/910 2335/1188/1199
f 2541/2795/2864 2550/1189/1200 2554/1190/1201
f 2554/1190/1201 2555/1122/1129 2556/1124/1131
f 2556/1124/1131 2560/1123/1130 2561/2796/2865
f 1539/2816/2884 1535/2817/2885 1534/2818/2886
f 1540/2819/2887 1539/2816/2884 1534/2818/2886
f 978/1133/1202 986/2798/2867 981/2820/2888
f 986/2798/2867 3737/2797/2889 1002/2821/2890
f 1535/2817/2885 1537/2822/2891 1536/2823/2892
f 1534/2818/2886 1535/2817/2885 1536/2823/2892
f 979/1191/1203 978/1133/1202 981/2820/2888
f 982/2799/2868 3688/1131/1204 979/1191/1203
f 1536/2823/2892 1537/2822/2891 1538/2824/2893
f 987/2825/2894 984/1139/1149 982/2799/2868
f 2959/2826/2895 2960/2800/2869 2961/1198/1211
f 998/2805/2874 991/2804/2873 990/1140/1150
f 3744/1195/2896 3740/1197/2897 1583/2827/2898
f 1583/2827/2898 3740/1197/2897 1590/2828/2899
f 1158/2829/2900 1160/2830/2901 1156/2783/2851
f 1158/2829/2900 1156/2783/2851 1153/2784/2852
s 0
f 2919/2831/2902 2920/2832/2902 2921/2833/2902
s 1
f 1188/1206/1220 1189/1208/1222 1187/2834/2903
f 1218/1262/1279 3675/1248/2904 3665/1261/1277
f 1188/1206/1220 1187/2834/2903 1180/2835/2905
f 1186/2836/2906 1185/1153/1163 1183/1155/1165
f 1180/2835/2905 1187/2834/2903 1181/2837/2907
f 1181/2837/2907 1187/2834/2903 1190/2838/2908
f 99/2839/2909 115/2769/2830 113/2758/2819
f 99/2839/2909 113/2758/2819 93/2809/2878
f 1183/1155/1165 1184/1154/1164 1179/1258/1273
f 1183/1155/1165 1179/1258/1273 1178/2840/2910
f 1178/2840/2910 1179/1258/1273 1180/2835/2905
f 1178/2840/2910 1180/2835/2905 1181/2837/2907
f 1178/2840/2910 1181/2837/2907 1182/2841/2911
f 1181/2837/2907 1190/2838/2908 3726/2841/2912
f 98/2842/2913 96/2810/2879 111/1159/1169
f 98/2842/2913 111/1159/1169 100/1158/1168
f 868/2843/2914 865/2792/2860 869/2844/2915
f 2419/2845/2916 2414/1161/1171 2413/1212/1226
f 854/1103/1110 859/2791/2859 847/2811/2880
f 117/1266/1284 118/1054/1061 123/1060/1067
f 3165/1177/1187 3147/1074/1081 3146/1230/1244
f 1311/1114/1121 1314/1182/1192 1320/1231/1245
f 2498/2846/2917 2501/2847/2918 2499/2848/2917
s 0
f 3700/1228/2919 3743/1183/2919 2616/2849/2919
s 1
f 2498/2846/2917 2499/2848/2917 2500/2850/2920
f 3658/1115/1247 1311/1114/1121 1320/1231/1245
f 2294/1118/1125 2403/2851/2921 2287/1119/1126
f 2570/2852/2922 2551/2780/2847 2549/2853/2923
f 2549/2853/2923 2551/2780/2847 2543/2759/2820
f 2543/2759/2820 2538/2760/2821 2549/2853/2923
f 2540/2794/2863 2533/2750/2809 2541/2795/2864
f 2356/1240/1255 2349/1239/1254 2347/1237/1252
f 992/2854/2924 981/2820/2888 986/2798/2867
f 992/2854/2924 986/2798/2867 1002/2821/2890
f 3639/2819/2925 3664/2818/2926 1536/2823/2892
f 1536/2823/2892 1538/2824/2893 1541/2855/2927
f 2963/1244/1259 2959/2826/2895 2961/1198/1211
f 1538/2824/2893 1542/2856/2928 1541/2855/2927
f 988/2857/2929 984/1139/1149 987/2825/2894
f 1541/2855/2927 1542/2856/2928 1543/2858/2930
f 3741/1140/2931 984/1139/1149 988/2857/2929
f 1546/1245/1260 1555/1196/1209 1556/1195/1208
f 1160/2830/2901 1158/2829/2900 1161/2859/2932
f 1594/2860/2933 1559/2861/2934 1595/2862/2935
f 1559/2861/2934 1594/2860/2933 1562/2863/2936
f 1360/1205/1218 1362/1204/1217 1367/1247/1262
f 1161/2859/2932 1158/2829/2900 3750/1294/2937
f 1592/2864/2938 1566/2865/2939 1591/2866/2940
f 1591/2866/2940 1566/2865/2939 1562/2863/2936
f 1591/2866/2940 1562/2863/2936 1594/2860/2933
f 1360/1205/1218 1367/1247/1262 1350/1251/1266
f 1360/1205/1218 1350/1251/1266 1348/1150/1160
f 1221/1249/1264 1222/1248/1263 3752/1262/1309
f 3751/1262/1280 1216/1263/1281 1219/1296/1315
f 859/2791/2859 865/2792/2860 860/1396/1418
f 853/2867/2941 847/2811/2880 859/2791/2859
f 104/1265/1283 112/973/977 114/972/976
f 839/1162/1172 847/2811/2880 842/2868/2942
f 815/1304/1325 839/1162/1172 842/2868/2942
f 104/1265/1283 114/972/976 109/1214/1228
f 974/1308/1329 972/1315/1336 971/1309/1330
f 2549/2853/2923 2538/2760/2821 2547/2815/2883
f 2556/1124/1131 2561/2796/2865 2564/2869/2943
f 1550/2870/2944 1552/2871/2945 1553/2872/2946
f 3639/2819/2925 1536/2823/2892 1567/2873/2947
f 1564/2874/2948 3639/2819/2925 1567/2873/2947
f 1549/2875/2949 1552/2871/2945 1550/2870/2944
f 1554/1242/1257 1550/2870/2944 1553/2872/2946
f 1554/1242/1257 1553/2872/2946 1560/2876/2950
f 1564/2874/2948 1567/2873/2947 1561/2877/2951
f 1563/2878/2952 1564/2874/2948 1561/2877/2951
f 1567/2873/2947 1536/2823/2892 1541/2855/2927
f 1548/2879/2953 1549/2875/2949 1547/1241/1256
f 1549/2875/2949 1550/2870/2944 1547/1241/1256
f 1547/1241/1256 1550/2870/2944 1554/1242/1257
f 1561/2877/2951 1567/2873/2947 1541/2855/2927
f 1545/2880/2954 1548/2879/2953 1547/1241/1256
f 1545/2880/2954 1547/1241/1256 1546/1245/1260
f 1563/2878/2952 1561/2877/2951 1562/2863/2936
f 1561/2877/2951 1541/2855/2927 1559/2861/2934
f 1562/2863/2936 1561/2877/2951 1559/2861/2934
f 1559/2861/2934 1541/2855/2927 1557/2881/2955
f 1557/2881/2955 1541/2855/2927 3638/2858/2956
f 3638/2858/2956 1545/2880/2954 1544/1288/1306
f 1544/1288/1306 1545/2880/2954 1546/1245/1260
f 1578/2882/2957 3668/1245/2958 3744/1195/2896
f 1578/2882/2957 3744/1195/2896 1580/2883/2959
f 3744/1195/2896 1583/2827/2898 1580/2883/2959
f 1565/2884/2960 1563/2878/2952 1562/2863/2936
f 1559/2861/2934 1557/2881/2955 1551/2885/2961
f 1557/2881/2955 3638/2858/2956 1551/2885/2961
f 1551/2885/2961 3638/2858/2956 1544/1288/1306
f 1570/1289/1307 1544/1288/1306 1546/1245/1260
f 1170/2886/2962 1160/2830/2901 1161/2859/2932
f 1565/2884/2960 1562/2863/2936 1566/2865/2939
f 1551/2885/2961 1544/1288/1306 1558/2887/2963
f 1558/2887/2963 1544/1288/1306 1569/1290/1308
f 1558/2887/2963 1569/1290/1308 1586/2888/2964
f 1161/2859/2932 3750/1294/2937 3716/1293/1346
f 3754/1292/2965 1177/1297/1317 1166/1299/1319
f 3754/1292/2965 1166/1299/1319 3716/1293/1346
f 2419/2845/2916 2413/1212/1226 2396/1264/1282
f 2417/2889/2966 2419/2845/2916 2396/1264/1282
f 865/2792/2860 868/2843/2914 866/1397/1419
f 860/1396/1418 865/2792/2860 866/1397/1419
f 853/2867/2941 859/2791/2859 860/1396/1418
f 842/2868/2942 847/2811/2880 853/2867/2941
f 976/1408/1430 975/1310/1331 971/1309/1330
f 965/2890/2967 971/1309/1330 968/1316/1337
f 3144/1317/1338 3145/1229/1243 3142/1318/1339
f 2287/1119/1126 2403/2851/2921 2288/1286/1304
f 3039/2891/2968 3040/2892/2969 3038/2893/2970
f 3039/2891/2968 3038/2893/2970 3037/2894/2971
f 3037/2894/2971 3038/2893/2970 3035/2895/2972
f 2541/2795/2864 2554/1190/1201 2548/2896/2973
f 2554/1190/1201 2556/1124/1131 2559/2897/2974
f 2565/2898/2975 2556/1124/1131 2564/2869/2943
f 2566/2899/2976 2571/2900/2977 2565/2898/2975
f 2565/2898/2975 2571/2900/2977 2572/2901/2978
f 1570/1289/1307 1546/1245/1260 1578/2882/2957
f 1570/1289/1307 1578/2882/2957 1572/2902/2979
f 1569/1290/1308 1570/1289/1307 1571/1323/1344
f 1571/1323/1344 1570/1289/1307 1572/2902/2979
f 1161/2859/2932 3716/1293/1346 1165/1325/1347
f 87/2903/2980 99/2839/2909 93/2809/2878
f 1586/2888/2964 1569/1290/1308 1587/1322/1343
f 1587/1322/1343 1569/1290/1308 1571/1323/1344
f 1165/1325/1347 1166/1299/1319 1167/1329/1351
f 93/2809/2878 96/2810/2879 94/2904/2981
f 96/2810/2879 98/2842/2913 97/2905/2982
f 97/2905/2982 98/2842/2913 100/1158/1168
f 101/2906/2983 100/1158/1168 104/1265/1283
f 104/1265/1283 109/1214/1228 107/1352/1374
f 965/2890/2967 968/1316/1337 961/1372/1394
f 961/1372/1394 968/1316/1337 967/1370/1392
f 1449/2907/2984 1448/2908/2985 1447/2909/2986
f 3037/2894/2971 3035/2895/2972 3036/2910/2987
f 2547/2815/2883 2542/2793/2862 2546/2911/2988
f 2546/2911/2988 2542/2793/2862 2545/2912/2989
f 2545/2912/2989 2542/2793/2862 2540/2794/2863
f 2545/2912/2989 2540/2794/2863 2548/2896/2973
f 2540/2794/2863 2541/2795/2864 2548/2896/2973
f 2548/2896/2973 2554/1190/1201 2558/2913/2990
f 2559/2897/2974 2556/1124/1131 2565/2898/2975
f 1578/2882/2957 1580/2883/2959 1576/2914/2991
f 1576/2914/2991 1580/2883/2959 1577/2915/2992
f 1577/2915/2992 1580/2883/2959 1585/2916/2993
f 89/2917/2978 87/2903/2980 86/2918/2994
f 1572/2902/2979 1578/2882/2957 1576/2914/2991
f 86/2918/2994 87/2903/2980 88/2919/2995
f 1572/2902/2979 1576/2914/2991 1574/2920/2996
f 1576/2914/2991 1577/2915/2992 1574/2920/2996
f 1577/2915/2992 1585/2916/2993 1582/2921/2997
f 1574/2920/2996 1577/2915/2992 1582/2921/2997
f 87/2903/2980 93/2809/2878 88/2919/2995
f 1572/2902/2979 1574/2920/2996 1573/1347/1369
f 1571/1323/1344 1572/2902/2979 1573/1347/1369
f 1573/1347/1369 1574/2920/2996 1575/2922/2998
f 1588/1324/1345 1571/1323/1344 1573/1347/1369
f 3637/2922/2999 1574/2920/2996 1582/2921/2997
f 1588/1324/1345 1573/1347/1369 1589/1346/1368
f 1167/1329/1351 1172/2923/3000 1165/1325/1347
f 97/2905/2982 100/1158/1168 101/2906/2983
f 2417/2889/2966 2396/1264/1282 2409/1488/1510
f 856/2924/3001 853/2867/2941 860/1396/1418
f 101/2906/2983 104/1265/1283 105/2925/3002
f 105/2925/3002 104/1265/1283 107/1352/1374
f 141/1399/1421 121/1216/1230 142/1269/1287
f 973/1406/1428 976/1408/1430 971/1309/1330
f 964/2926/3003 965/2890/2967 961/1372/1394
f 961/1372/1394 959/1371/1393 953/1413/1435
f 1446/2927/3004 1447/2909/2986 1448/2908/2985
f 1446/2927/3004 1448/2908/2985 1450/2928/3005
f 3036/2910/2987 3035/2895/2972 3034/2929/3006
f 3034/2929/3006 3035/2895/2972 3022/2930/3007
f 2395/1321/1342 2303/1287/1305 2289/1344/1366
f 2346/1235/1250 2395/1321/1342 2353/1389/1411
f 2558/2913/2990 2554/1190/1201 2559/2897/2974
f 2564/2869/2943 2566/2899/2976 2565/2898/2975
f 2565/2898/2975 2572/2901/2978 2573/2931/3008
f 1579/1349/1371 1573/1347/1369 1575/2922/2998
f 1579/1349/1371 1575/2922/2998 1581/2932/3009
f 88/2919/2995 93/2809/2878 94/2904/2981
f 94/2904/2981 96/2810/2879 97/2905/2982
f 2409/1488/1510 2396/1264/1282 2366/1394/1416
f 2418/2933/3010 2417/2889/2966 2409/1488/1510
f 861/1395/1417 866/1397/1419 867/2934/3011
f 856/2924/3001 860/1396/1418 861/1395/1417
f 843/2935/3012 853/2867/2941 856/2924/3001
f 842/2868/2942 853/2867/2941 843/2935/3012
f 816/1350/1372 842/2868/2942 843/2935/3012
f 815/1304/1325 842/2868/2942 816/1350/1372
f 116/1351/1373 117/1266/1284 120/1453/1475
f 120/1453/1475 117/1266/1284 121/1216/1230
f 120/1453/1475 121/1216/1230 141/1399/1421
f 973/1406/1428 971/1309/1330 969/2936/3013
f 969/2936/3013 971/1309/1330 965/2890/2967
f 969/2936/3013 965/2890/2967 964/2926/3003
f 964/2926/3003 961/1372/1394 962/2937/3014
f 962/2937/3014 961/1372/1394 953/1413/1435
f 956/1417/1439 958/1420/1442 957/2938/3015
f 1451/2939/3016 1446/2927/3004 1450/2928/3005
f 2353/1389/1411 2395/1321/1342 2289/1344/1366
f 953/1413/1435 954/1412/1434 955/2940/3017
f 954/1412/1434 956/1417/1439 955/2940/3017
f 955/2940/3017 956/1417/1439 957/2938/3015
f 957/2938/3015 958/1420/1442 960/1432/1456
f 3023/2941/3018 3034/2929/3006 3022/2930/3007
f 2576/2942/3019 2546/2911/2988 2545/2912/2989
f 2067/1482/1504 2074/2943/3020 2068/1480/1502
f 97/2905/2982 101/2906/2983 102/2944/3021
f 861/1395/1417 867/2934/3011 864/2945/3022
f 864/2945/3022 856/2924/3001 861/1395/1417
f 858/2946/3023 843/2935/3012 856/2924/3001
f 844/2947/3024 816/1350/1372 843/2935/3012
f 626/2948/3025 628/2949/3026 621/1535/1557
f 628/2949/3026 647/2950/3027 630/1533/1555
f 630/1533/1555 647/2950/3027 648/2951/3028
f 649/2952/3029 648/2951/3028 650/2953/3030
f 1961/1431/1455 1960/1430/1454 1963/2954/3031
f 3024/2955/3032 3023/2941/3018 3021/2956/3033
f 3023/2941/3018 3022/2930/3007 3021/2956/3033
f 2578/2957/3034 2546/2911/2988 2576/2942/3019
f 2576/2942/3019 2545/2912/2989 2577/2958/3035
f 3001/2959/3036 3003/2960/3037 3002/2961/3038
f 3002/2961/3038 3003/2960/3037 3020/2962/3039
f 3002/2961/3038 3020/2962/3039 3005/2963/3040
f 3005/2963/3040 3020/2962/3039 3099/2964/3041
f 3046/2965/3042 3047/2966/3043 3048/2967/3044
f 3046/2965/3042 3048/2967/3044 3049/2968/3045
f 3049/2968/3045 3048/2967/3044 3050/2969/3046
f 3051/2970/3047 3050/2969/3046 3054/2971/3048
f 91/2972/3049 86/2918/2994 90/2973/3050
f 90/2973/3050 86/2918/2994 88/2919/2995
f 90/2973/3050 88/2919/2995 92/2974/3051
f 88/2919/2995 94/2904/2981 92/2974/3051
f 92/2974/3051 94/2904/2981 95/2975/3052
f 2416/2976/3053 2409/1488/1510 2392/1487/1509
f 102/2944/3021 101/2906/2983 103/2977/3054
f 2421/2978/3055 2418/2933/3010 2416/2976/3053
f 2418/2933/3010 2409/1488/1510 2416/2976/3053
f 858/2946/3023 856/2924/3001 864/2945/3022
f 844/2947/3024 843/2935/3012 858/2946/3023
f 106/2979/3056 101/2906/2983 105/2925/3002
f 823/1489/1511 816/1350/1372 844/2947/3024
f 106/2979/3056 105/2925/3002 107/1352/1374
f 108/2980/3057 107/1352/1374 119/2981/3058
f 107/1352/1374 116/1351/1373 119/2981/3058
f 116/1351/1373 120/1453/1475 122/1452/1474
f 119/2981/3058 116/1351/1373 122/1452/1474
f 617/1498/1520 619/1497/1519 621/1535/1557
f 619/1497/1519 626/2948/3025 621/1535/1557
f 621/1535/1557 628/2949/3026 630/1533/1555
f 808/1504/1453 3761/1469/3059 3764/1502/1525
f 630/1533/1555 648/2951/3028 649/2952/3029
f 794/1470/1492 808/1504/1453 749/1503/1526
f 794/1470/1492 749/1503/1526 748/1471/1493
f 649/2952/3029 650/2953/3030 659/2982/3060
f 659/2982/3060 650/2953/3030 807/2983/3061
f 767/1472/1494 748/1471/1493 718/2984/3062
f 767/1472/1494 718/2984/3062 721/2985/3063
f 807/2983/3061 650/2953/3030 806/2986/3064
f 661/2987/3065 807/2983/3061 806/2986/3064
f 769/2988/3066 767/1472/1494 721/2985/3063
f 769/2988/3066 721/2985/3063 665/2989/3067
f 661/2987/3065 806/2986/3064 795/2990/3068
f 769/2988/3066 665/2989/3067 792/2991/3069
f 792/2991/3069 665/2989/3067 662/1474/1496
f 792/2991/3069 662/1474/1496 801/1473/1495
f 662/1474/1496 661/2987/3065 793/1475/1497
f 661/2987/3065 795/2990/3068 793/1475/1497
f 2998/2992/3070 3021/2956/3033 3022/2930/3007
f 3005/2963/3040 3099/2964/3041 3044/2993/3071
f 3044/2993/3071 3099/2964/3041 3047/2966/3043
f 3044/2993/3071 3047/2966/3043 3046/2965/3042
f 3046/2965/3042 3049/2968/3045 3052/2994/3072
f 3049/2968/3045 3050/2969/3046 3051/2970/3047
f 1291/1516/1538 1293/1529/1551 1292/2995/3073
f 94/2904/2981 97/2905/2982 95/2975/3052
f 97/2905/2982 102/2944/3021 95/2975/3052
f 103/2977/3054 101/2906/2983 106/2979/3056
f 108/2980/3057 106/2979/3056 107/1352/1374
f 629/1534/1556 630/1533/1555 654/2996/3074
f 749/1503/1526 3764/1502/1525 753/1537/1559
f 654/2996/3074 630/1533/1555 649/2952/3029
f 655/2997/3075 654/2996/3074 649/2952/3029
f 748/1471/1493 749/1503/1526 719/2998/3076
f 655/2997/3075 649/2952/3029 659/2982/3060
f 657/2999/3077 656/3000/3078 655/2997/3075
f 718/2984/3062 748/1471/1493 719/2998/3076
f 718/2984/3062 719/2998/3076 656/3000/3078
f 718/2984/3062 656/3000/3078 657/2999/3077
f 657/2999/3077 655/2997/3075 658/3001/3079
f 658/3001/3079 655/2997/3075 659/2982/3060
f 663/3002/3080 718/2984/3062 657/2999/3077
f 721/2985/3063 718/2984/3062 663/3002/3080
f 663/3002/3080 657/2999/3077 658/3001/3079
f 658/3001/3079 659/2982/3060 660/3003/3081
f 659/2982/3060 807/2983/3061 661/2987/3065
f 663/3002/3080 658/3001/3079 660/3003/3081
f 660/3003/3081 659/2982/3060 661/2987/3065
f 665/2989/3067 721/2985/3063 663/3002/3080
f 665/2989/3067 663/3002/3080 662/1474/1496
f 662/1474/1496 663/3002/3080 660/3003/3081
f 662/1474/1496 660/3003/3081 661/2987/3065
f 3111/3004/3082 3024/2955/3032 3042/3005/3083
f 3042/3005/3083 3024/2955/3032 3021/2956/3033
f 2008/3006/3084 2007/3007/3085 2004/1681/1706
f 2007/3007/3085 2006/3008/3086 2004/1681/1706
f 2004/1681/1706 2006/3008/3086 2002/3009/3087
f 1286/3010/3088 1287/1518/1540 1285/3011/3089
f 1288/1517/1539 1285/3011/3089 1287/1518/1540
f 3091/3012/3090 3090/3013/3091 3089/3014/3092
f 1288/1517/1539 1291/1516/1538 1292/2995/3073
f 1125/3015/3093 1120/3016/3094 1126/3017/3095
f 809/3018/3096 814/3019/3097 811/3020/3098
f 2420/3021/3099 2416/2976/3053 2415/1662/1687
f 612/1495/1517 617/1498/1520 614/1563/1585
f 621/1535/1557 618/1562/1584 617/1498/1520
f 618/1562/1584 621/1535/1557 622/1714/1743
f 797/1468/1490 804/1500/1522 798/1622/1645
f 629/1534/1556 622/1714/1743 621/1535/1557
f 797/1468/1490 798/1622/1645 784/1501/1523
f 782/1623/1646 3710/1536/3100 783/1502/1524
f 784/1501/1523 782/1623/1646 783/1502/1524
f 652/3022/3101 629/1534/1556 654/2996/3074
f 653/1566/1588 654/2996/3074 655/2997/3075
f 719/2998/3076 749/1503/1526 653/1566/1588
f 719/2998/3076 653/1566/1588 656/3000/3078
f 656/3000/3078 653/1566/1588 655/2997/3075
f 2301/1567/1589 2302/1506/1528 2344/3023/3102
f 3041/3024/3103 3111/3004/3082 3042/3005/3083
f 3016/3025/3104 3021/2956/3033 2998/2992/3070
f 2996/3026/3105 2998/2992/3070 2997/3027/3106
f 3572/1577/1599 3570/1582/1604 3567/3028/3107
f 3570/1582/1604 3568/1588/1610 3567/3028/3107
f 3593/1589/1611 3586/1593/1615 3588/1590/1612
f 3602/3029/3108 3601/1597/1619 3591/1646/1670
f 3601/1597/1619 3592/1599/1621 3591/1646/1670
f 2002/3009/3087 2006/3008/3086 2001/3030/3109
f 3587/1594/1616 3611/1540/1562 3600/1539/1561
f 1278/3031/3110 1286/3010/3088 1285/3011/3089
f 1285/3011/3089 1296/3032/3111 1284/3033/3112
f 1265/3034/3113 1276/3035/3114 1272/3036/3115
f 1265/3034/3113 1272/3036/3115 1266/1543/1565
f 1266/1543/1565 1272/3036/3115 1273/1544/1566
f 1244/1549/1571 1229/1548/1570 1245/1525/1547
f 1269/1614/1637 3772/3034/3116 1267/3037/3117
f 3772/3034/3116 3766/1543/3118 1267/3037/3117
f 1267/3037/3117 3766/1543/3118 1268/3038/3119
f 1268/3038/3119 3766/1543/3118 1271/1545/3120
f 1245/1525/1547 1227/1609/1632 1246/1526/1548
f 1246/1526/1548 1227/1609/1632 1253/1611/1634
f 1294/3039/3121 1288/1517/1539 1292/2995/3073
f 1246/1526/1548 1253/1611/1634 3769/1550/3122
f 1274/1612/1635 1269/1614/1637 1275/3040/3123
f 1269/1614/1637 1267/3037/3117 1268/3038/3119
f 1275/3040/3123 1269/1614/1637 1268/3038/3119
f 3769/1550/3124 1254/3041/3125 1248/1530/1552
f 1248/1530/1552 1254/3041/3125 1255/1551/1573
f 95/2975/3052 102/2944/3021 110/3042/3126
f 102/2944/3021 103/2977/3054 110/3042/3126
f 2416/2976/3053 2392/1487/1509 2415/1662/1687
f 1121/3043/3127 1120/3016/3094 1125/3015/3093
f 1116/1781/1811 1117/3044/3128 1120/3016/3094
f 1116/1781/1811 1120/3016/3094 1121/3043/3127
f 1113/1552/1574 1117/3044/3128 1116/1781/1811
f 3085/1703/1732 3083/3045/3129 3081/1745/1774
f 1105/1663/1688 1111/1554/1576 1110/1553/1575
f 3081/1745/1774 3083/3045/3129 3082/3046/3130
f 633/1560/1582 635/1555/1577 639/1456/1478
f 615/1619/1642 609/1460/1482 614/1563/1585
f 1086/1465/1487 1089/1564/1586 1087/1565/1587
f 781/1625/1648 3695/1670/3131 3710/1536/3100
f 779/1624/1647 782/1623/1646 3775/1627/3132
f 782/1623/1646 781/1625/1648 3710/1536/3100
f 652/3022/3101 622/1714/1743 629/1534/1556
f 750/1536/1558 651/1629/1652 653/1566/1588
f 625/1712/1741 622/1714/1743 652/3022/3101
f 653/1566/1588 651/1629/1652 652/3022/3101
f 653/1566/1588 652/3022/3101 654/2996/3074
f 3042/3005/3083 3021/2956/3033 3016/3025/3104
f 3002/2961/3038 3005/2963/3040 3004/3047/3133
f 3004/3047/3133 3005/2963/3040 3011/3048/3134
f 3011/3048/3134 3005/2963/3040 3044/2993/3071
f 3011/3048/3134 3044/2993/3071 3045/3049/3135
f 3045/3049/3135 3044/2993/3071 3046/2965/3042
f 3053/3050/3136 3046/2965/3042 3052/2994/3072
f 3583/3051/3137 3770/1575/3138 3572/1577/1599
f 1070/3052/3139 1069/3053/3140 1071/3054/3141
f 1069/3053/3140 1083/3055/3142 1071/3054/3141
f 1071/3054/3141 1083/3055/3142 1077/3056/3143
f 3583/3051/3137 3572/1577/1599 3581/3057/3144
f 1067/3058/3145 1068/3059/3146 1069/3053/3140
f 1067/3058/3145 1069/3053/3140 1070/3052/3139
f 1608/1635/1658 1609/1634/1657 1610/3060/3147
f 3572/1577/1599 3567/3028/3107 3581/3057/3144
f 1066/3061/3148 1068/3059/3146 1067/3058/3145
f 1062/3062/3149 1066/3061/3148 1067/3058/3145
f 1061/3063/3150 1066/3061/3148 1062/3062/3149
f 1065/3064/3151 1072/3065/3152 1061/3063/3150
f 1072/3065/3152 1066/3061/3148 1061/3063/3150
f 3566/3066/3153 3567/3028/3107 3568/1588/1610
f 1082/3067/3154 1081/3068/3155 1079/3069/3156
f 3723/3066/3157 3672/1588/3158 3569/3070/3159
f 1079/3069/3156 1081/3068/3155 1065/3064/3151
f 2004/1681/1706 2002/3009/3087 1998/1683/1708
f 1998/1683/1708 2002/3009/3087 2001/3030/3109
f 1278/3031/3110 1285/3011/3089 1284/3033/3112
f 1234/1547/1569 1237/1655/1680 1231/1608/1631
f 3069/3071/3160 3089/3014/3092 3088/3072/3161
f 1227/1609/1632 1225/1657/1682 1224/1610/1633
f 2487/3073/3162 2481/1607/1629 2480/1606/1628
f 3676/1613/3163 3772/3034/3116 1269/1614/1637
f 3773/1607/1722 3677/3073/3164 2488/1696/1723
f 3088/3072/3161 3089/3014/3092 3090/3013/3091
f 3088/3072/3161 3090/3013/3091 3092/3074/3165
f 2368/1449/1471 2367/1486/1508 2382/1743/1772
f 2368/1449/1471 2385/1777/1807 2388/1615/1638
f 774/3075/3166 811/3020/3098 810/3076/3167
f 1110/1553/1575 1113/1552/1574 1116/1781/1811
f 1106/3077/3168 1105/1663/1688 1110/1553/1575
f 1102/1664/1689 1105/1663/1688 1106/3077/3168
f 3081/1745/1774 3082/3046/3130 3080/1746/1775
f 3080/1746/1775 3082/3046/3130 3084/3078/3169
f 781/1625/1648 777/1669/1694 3695/1670/3131
f 622/1714/1743 620/1713/1742 618/1562/1584
f 651/1629/1652 625/1712/1741 652/3022/3101
f 3041/3024/3103 3042/3005/3083 3029/3079/3170
f 3029/3079/3170 3042/3005/3083 3016/3025/3104
f 2995/3080/3171 2997/3027/3106 2999/3081/3172
f 2999/3081/3172 2997/3027/3106 3001/2959/3036
f 3001/2959/3036 3002/2961/3038 2999/3081/3172
f 2063/1569/1591 2064/1481/1503 2059/3082/3173
f 2056/1676/1701 2065/1571/1593 2058/1675/1700
f 3045/3049/3135 3046/2965/3042 3053/3050/3136
f 2158/3083/3174 2157/3084/3175 2143/3085/3176
f 2143/3085/3176 2157/3084/3175 2150/3086/3177
f 1070/3052/3139 1071/3054/3141 1077/3056/3143
f 1610/3060/3147 1609/1634/1657 1611/3087/3178
f 1061/3063/3150 1062/3062/3149 1063/3088/3179
f 3566/3066/3153 3581/3057/3144 3567/3028/3107
f 2149/3089/3180 2148/3090/3181 2145/3091/3182
f 1064/3092/3183 1065/3064/3151 1061/3063/3150
f 1385/3093/3184 1379/1639/1662 1378/1678/1703
f 1079/3069/3156 1065/3064/3151 1064/3092/3183
f 2003/1682/1707 1998/1683/1708 1997/3094/3185
f 1997/3094/3185 1998/1683/1708 1999/3095/3186
f 1998/1683/1708 2001/3030/3109 1999/3095/3186
f 1278/3031/3110 1284/3033/3112 1279/1735/1764
f 1431/1684/1709 1430/1653/1678 1429/1690/1715
f 3088/3072/3161 3092/3074/3165 3087/3096/3187
f 2368/1449/1471 2382/1743/1772 2385/1777/1807
f 809/3018/3096 811/3020/3098 774/3075/3166
f 3106/1704/1733 3085/1703/1732 3077/3097/3188
f 3077/3097/3188 3085/1703/1732 3081/1745/1774
f 614/1563/1585 618/1562/1584 620/1713/1742
f 777/1669/1694 775/1711/1740 3695/1670/3131
f 785/3098/3189 778/3099/3190 779/1624/1647
f 779/1624/1647 778/3099/3190 777/1669/1694
f 2429/1753/1784 2428/1715/1744 2427/1717/1746
f 3708/3100/3191 3774/3101/3192 1457/3102/3193
f 1457/3102/3193 3774/3101/3192 1459/3103/3194
f 1458/3101/3195 1464/3104/3196 1459/3103/3197
f 1459/3103/3197 1464/3104/3196 1465/3105/3198
f 3016/3025/3104 2998/2992/3070 3000/3106/3199
f 3000/3106/3199 2998/2992/3070 2996/3026/3105
f 3002/2961/3038 3004/3047/3133 2999/3081/3172
f 2061/1572/1594 2056/1676/1701 2055/1725/1754
f 2143/3085/3176 2150/3086/3177 2142/3107/3200
f 2142/3107/3200 2150/3086/3177 2149/3089/3180
f 2204/3108/3201 2208/3109/3202 2209/3110/3203
f 2141/1760/1791 2143/3085/3176 2142/3107/3200
f 3706/3058/3204 1070/3052/3205 1074/3111/3206
f 2208/3109/3202 2204/3108/3201 2207/3112/3207
f 2204/3108/3201 2209/3110/3203 2205/3113/3208
f 2145/3091/3182 2142/3107/3200 2149/3089/3180
f 1063/3088/3179 1062/3062/3149 1073/3114/3209
f 1073/3114/3209 1062/3062/3149 1074/3111/3206
f 1074/3111/3206 1062/3062/3149 3706/3058/3204
f 1074/3111/3206 1084/3115/3210 1078/1799/1829
f 1075/3116/3211 1074/3111/3206 1078/1799/1829
f 2203/3117/3212 2207/3112/3207 2204/3108/3201
f 2203/3117/3212 2204/3108/3201 2205/3113/3208
f 1064/3092/3183 1061/3063/3150 1063/3088/3179
f 2203/3117/3212 2205/3113/3208 2206/3118/3213
s 0
f 3760/1763/3214 2136/3119/3214 3784/1764/3214
s 1
f 2147/3120/3215 2145/3091/3182 2148/3090/3181
f 2000/3121/3216 1997/3094/3185 1999/3095/3186
f 3636/3120/3217 3724/3090/3218 2151/3122/3219
f 3724/3090/3218 2152/3123/3220 2151/3122/3219
f 2151/3122/3219 2152/3123/3220 2153/3124/3221
f 2153/3124/3221 2152/3123/3220 2154/3125/3222
f 2152/3123/3220 2156/3126/3223 2154/3125/3222
f 3636/3120/3217 2151/3122/3219 2170/3127/3224
f 2151/3122/3219 2153/3124/3221 2170/3127/3224
f 2186/3128/3225 2147/3120/3226 3763/3127/3227
f 2186/3128/3225 3763/3127/3227 2187/3129/3228
f 1277/3130/3229 1278/3031/3110 1279/1735/1764
f 2069/1658/1683 2062/1636/1659 2060/1770/1800
s 0
f 3776/1686/3230 3781/1685/3230 1445/3131/3230
s 1
f 1233/1654/1679 1252/3132/3231 1232/1691/1716
f 1232/1691/1716 1252/3132/3231 1251/1729/1758
f 1277/3130/3229 1279/1735/1764 1280/3133/3232
f 1279/1735/1764 1282/1737/1766 1281/1772/1802
f 1280/3133/3232 1279/1735/1764 1281/1772/1802
f 3069/3071/3160 3088/3072/3161 3087/3096/3187
f 2381/1702/1731 2361/1485/1507 2389/1773/1803
f 3087/3096/3187 3092/3074/3165 3097/3134/3233
f 3092/3074/3165 3103/1744/1773 3097/3134/3233
f 3097/3134/3233 3103/1744/1773 3106/1704/1733
f 2415/1662/1687 2404/1661/1686 2410/1780/1810
f 774/3075/3166 810/3076/3167 765/1810/1840
f 812/3135/3234 809/3018/3096 799/3136/3235
f 790/3137/3236 809/3018/3096 774/3075/3166
f 1119/1782/1812 1116/1781/1811 1121/3043/3127
f 1112/1783/1813 1110/1553/1575 1116/1781/1811
f 3079/1747/1776 3077/3097/3188 3081/1745/1774
f 1106/3077/3168 1110/1553/1575 1112/1783/1813
f 1102/1664/1689 1106/3077/3168 1108/3138/3237
f 637/1748/1777 636/1556/1578 634/1706/1735
f 624/1709/1738 627/1707/1736 615/1619/1642
f 1096/1558/1580 1103/1750/1779 1099/1710/1739
f 1093/1561/1583 1096/1558/1580 1099/1710/1739
f 623/3139/3238 614/1563/1585 620/1713/1742
f 776/1787/1817 775/1711/1740 777/1669/1694
f 778/3099/3190 776/1787/1817 777/1669/1694
f 1109/3140/3239 3732/1666/1783 1107/1752/1782
f 3686/1817/3240 776/1787/1817 778/3099/3190
f 684/1628/1651 664/3141/3241 651/1629/1652
f 651/1629/1652 664/3141/3241 625/1712/1741
f 1462/3142/3242 1460/3100/3243 1461/3143/3244
f 1463/3144/3245 1462/3142/3242 1461/3143/3244
f 3633/3143/3246 3708/3100/3191 1457/3102/3193
f 3783/3145/3247 802/3146/3248 803/3147/3249
f 1466/3148/3250 1459/3103/3197 1465/3105/3198
f 2463/3149/3251 2464/3150/3252 2465/3151/3253
f 3030/3152/3254 3041/3024/3103 3029/3079/3170
f 3000/3106/3199 2996/3026/3105 3031/3153/3255
f 2996/3026/3105 2997/3027/3106 2995/3080/3171
f 2063/1569/1591 2059/3082/3173 2058/1675/1700
f 3045/3049/3135 3053/3050/3136 3060/3154/3256
f 3060/3154/3256 3053/3050/3136 3093/3155/3257
f 2140/1761/1792 2141/1760/1791 2142/3107/3200
f 2140/1761/1792 2142/3107/3200 2145/3091/3182
f 1073/3114/3209 1074/3111/3206 1075/3116/3211
f 1076/1798/1828 1075/3116/3211 1078/1799/1829
f 1084/3115/3210 1085/3156/3258 1080/1800/1830
f 1078/1799/1829 1084/3115/3210 1080/1800/1830
f 1949/3157/3259 1944/3158/3260 1947/3159/3261
f 1944/3158/3260 1945/1769/1799 1946/1768/1798
f 1947/3159/3261 1944/3158/3260 1946/1768/1798
f 2145/3091/3182 2147/3120/3215 2146/3160/3262
f 2154/3125/3222 2156/3126/3223 2155/3161/3263
f 2155/3161/3263 2156/3126/3223 2174/3162/3264
f 2494/3163/3265 2497/3164/3266 2495/3165/3267
f 2494/3163/3265 2495/3165/3267 2496/3166/3268
f 2153/3124/3221 2154/3125/3222 2155/3161/3263
f 1432/3167/3269 1434/3168/3270 1431/1684/1709
f 1436/3169/3271 1434/3168/3270 1432/3167/3269
f 1434/3168/3270 1435/3170/3272 1431/1684/1709
f 2170/3127/3224 2153/3124/3221 2169/3171/3273
f 2153/3124/3221 2155/3161/3263 2169/3171/3273
f 2169/3171/3273 2155/3161/3263 2164/1731/1760
f 2164/1731/1760 2155/3161/3263 2160/3172/3274
f 1439/1688/1713 1441/3173/3275 1433/1728/1757
f 1433/1728/1757 1432/3167/3269 1429/1690/1715
f 1432/3167/3269 1431/1684/1709 1429/1690/1715
f 2169/3171/3273 2164/1731/1760 2185/1730/1759
f 2164/1731/1760 2160/3172/3274 2159/3174/3276
f 2172/3175/3277 2164/1731/1760 2159/3174/3276
f 799/3136/3235 809/3018/3096 790/3137/3236
f 774/3075/3166 765/1810/1840 763/3176/3278
f 763/3176/3278 765/1810/1840 692/1813/1843
f 790/3137/3236 774/3075/3166 763/3176/3278
f 1106/3077/3168 1112/1783/1813 1108/3138/3237
f 1102/1664/1689 1108/3138/3237 1104/1749/1778
f 679/1751/1780 680/3177/3279 627/1707/1736
f 627/1707/1736 680/3177/3279 725/3178/3280
f 725/3178/3280 696/3179/3281 627/1707/1736
f 627/1707/1736 696/3179/3281 632/1708/1737
f 623/3139/3238 624/1709/1738 614/1563/1585
f 786/3180/3282 768/1786/1816 731/1816/1846
f 693/1788/1818 776/1787/1817 3686/1817/3240
f 776/1787/1817 676/1789/1819 775/1711/1740
f 664/3141/3241 623/3139/3238 625/1712/1741
f 625/1712/1741 623/3139/3238 620/1713/1742
f 2442/1755/1786 2443/3181/3283 2441/1756/1787
f 742/3182/3284 740/3183/3285 743/3145/3286
f 3783/3145/3247 3634/3183/3287 802/3146/3248
f 3030/3152/3254 3029/3079/3170 3027/3184/3288
f 3029/3079/3170 3016/3025/3104 3027/3184/3288
f 3016/3025/3104 3000/3106/3199 3027/3184/3288
f 3006/3185/3289 3004/3047/3133 3007/3186/3290
f 2056/1676/1701 2058/1675/1700 2054/1796/1826
f 3007/3186/3290 3004/3047/3133 3011/3048/3134
f 3007/3186/3290 3011/3048/3134 3098/3187/3291
f 3098/3187/3291 3011/3048/3134 3045/3049/3135
f 3060/3154/3256 3093/3155/3257 3064/3188/3292
f 1073/3114/3209 1075/3116/3211 1076/1798/1828
f 2174/3162/3264 2175/1801/1831 2166/1803/1833
f 2155/3161/3263 2174/3162/3264 2166/1803/1833
f 2166/1803/1833 2176/1802/1832 2168/1805/1835
f 2140/1761/1792 2145/3091/3182 2144/3189/3293
f 2144/3189/3293 2145/3091/3182 2146/3160/3262
f 2155/3161/3263 2166/1803/1833 2160/3172/3274
f 2166/1803/1833 2168/1805/1835 2167/3190/3294
f 2160/3172/3274 2166/1803/1833 2167/3190/3294
f 2167/3190/3294 2168/1805/1835 3749/1806/3295
f 2167/3190/3294 3748/1806/3296 2165/3191/3297
f 2060/1770/1800 2057/1726/1755 2020/1825/1856
f 2161/3192/3298 2160/3172/3274 2167/3190/3294
f 1441/3173/3275 1437/3193/3299 1433/1728/1757
f 1437/3193/3299 1436/3169/3271 1432/3167/3269
f 1433/1728/1757 1437/3193/3299 1432/3167/3269
f 2159/3174/3276 2160/3172/3274 2161/3192/3298
f 1277/3130/3229 1280/3133/3232 1289/3194/3300
f 1290/3195/3301 1277/3130/3229 1289/3194/3300
f 2159/3174/3276 2161/3192/3298 2162/3196/3302
f 2159/3174/3276 2162/3196/3302 2163/3197/3303
f 3063/3198/3304 3069/3071/3160 3066/3199/3305
f 2178/1732/1761 2164/1731/1760 2172/3175/3277
f 2172/3175/3277 2159/3174/3276 2173/3200/3306
f 2159/3174/3276 3635/3197/3307 2173/3200/3306
f 2178/1732/1761 2172/3175/3277 2180/3201/3308
f 2172/3175/3277 2173/3200/3306 2180/3201/3308
f 2184/3202/3309 2178/1732/1761 2180/3201/3308
f 2184/3202/3309 2180/3201/3308 2181/3203/3310
f 2181/3203/3310 2180/3201/3308 2173/3200/3306
f 3066/3199/3305 3069/3071/3160 3087/3096/3187
f 2388/1615/1638 2386/1778/1808 2393/1779/1809
f 799/3136/3235 790/3137/3236 764/3204/3311
f 764/3204/3311 790/3137/3236 762/3205/3312
f 789/3206/3313 799/3136/3235 764/3204/3311
f 762/3205/3312 790/3137/3236 763/3176/3278
f 762/3205/3312 763/3176/3278 691/3207/3314
f 691/3207/3314 763/3176/3278 692/1813/1843
f 773/3208/3315 789/3206/3313 752/3209/3316
f 766/3210/3317 773/3208/3315 752/3209/3316
f 637/1748/1777 737/1830/1861 638/1665/1690
f 680/3177/3279 678/3211/3318 681/3212/3319
f 729/1815/1845 737/1830/1861 634/1706/1735
f 634/1706/1735 737/1830/1861 637/1748/1777
f 675/3213/3320 678/3211/3318 679/1751/1780
f 679/1751/1780 678/3211/3318 680/3177/3279
f 680/3177/3279 685/3214/3321 686/3215/3322
f 680/3177/3279 686/3215/3322 725/3178/3280
f 725/3178/3280 686/3215/3322 696/3179/3281
f 696/3179/3281 697/1814/1844 632/1708/1737
f 632/1708/1737 697/1814/1844 634/1706/1735
f 675/3213/3320 679/1751/1780 624/1709/1738
f 668/3216/3323 675/3213/3320 624/1709/1738
f 623/3139/3238 668/3216/3323 624/1709/1738
f 666/3217/3324 668/3216/3323 623/3139/3238
f 731/1816/1846 768/1786/1816 688/1785/1815
f 664/3141/3241 666/3217/3324 623/3139/3238
f 673/1790/1820 664/3141/3241 684/1628/1651
f 786/3180/3282 731/1816/1846 741/3218/3325
f 731/1816/1846 732/1817/1848 740/3183/3285
f 741/3218/3325 731/1816/1846 740/3183/3285
f 742/3182/3284 741/3218/3325 740/3183/3285
f 2300/1757/1788 2422/1818/1849 2240/1792/1822
f 3027/3184/3288 3000/3106/3199 3028/3219/3326
f 3000/3106/3199 3031/3153/3255 3028/3219/3326
f 2995/3080/3171 2999/3081/3172 3019/3220/3327
f 3019/3220/3327 2999/3081/3172 3006/3185/3289
f 3006/3185/3289 2999/3081/3172 3004/3047/3133
f 2043/1795/1825 2058/1675/1700 2059/3082/3173
f 3098/3187/3291 3045/3049/3135 3061/3221/3328
f 3061/3221/3328 3045/3049/3135 3060/3154/3256
f 2179/1822/1853 2177/3222/3329 2188/3223/3330
f 2179/1822/1853 2188/3223/3330 2183/1823/1854
f 3060/3154/3256 3064/3188/3292 3063/3198/3304
f 2176/1802/1832 2175/1801/1831 2177/3222/3329
f 2176/1802/1832 2177/3222/3329 2179/1822/1853
f 2176/1802/1832 2179/1822/1853 2182/1804/1834
f 2138/1807/1837 2140/1761/1792 2144/3189/3293
f 2161/3192/3298 2167/3190/3294 2165/3191/3297
f 2161/3192/3298 2165/3191/3297 2162/3196/3302
f 3086/3224/3331 3087/3096/3187 3097/3134/3233
f 3106/1704/1733 3086/3224/3331 3097/3134/3233
f 3072/3225/3332 3086/3224/3331 3106/1704/1733
f 3075/3226/3333 3106/1704/1733 3077/3097/3188
f 3076/3227/3334 3077/3097/3188 3078/3228/3335
f 3078/3228/3335 3077/3097/3188 3079/1747/1776
f 762/3205/3312 691/3207/3314 683/3229/3336
f 752/3209/3316 789/3206/3313 764/3204/3311
f 683/3229/3336 691/3207/3314 677/3230/3337
f 692/1813/1843 730/1812/1842 682/3231/3338
f 682/3231/3338 730/1812/1842 716/3232/3339
f 3080/1746/1775 3078/3228/3335 3079/1747/1776
f 677/3230/3337 691/3207/3314 678/3211/3318
f 691/3207/3314 692/1813/1843 678/3211/3318
f 678/3211/3318 692/1813/1843 682/3231/3338
f 685/3214/3321 682/3231/3338 716/3232/3339
f 737/1830/1861 772/3233/3340 638/1665/1690
f 766/3210/3317 752/3209/3316 728/1844/1875
f 678/3211/3318 682/3231/3338 681/3212/3319
f 681/3212/3319 682/3231/3338 685/3214/3321
f 681/3212/3319 685/3214/3321 680/3177/3279
f 675/3213/3320 677/3230/3337 678/3211/3318
f 766/3210/3317 728/1844/1875 687/3234/3341
f 671/3235/3342 677/3230/3337 675/3213/3320
f 754/1784/1814 766/3210/3317 687/3234/3341
f 754/1784/1814 687/3234/3341 688/1785/1815
f 688/1785/1815 687/3234/3341 676/1789/1819
f 676/1789/1819 687/3234/3341 669/3236/3343
f 676/1789/1819 669/3236/3343 673/1790/1820
f 673/1790/1820 669/3236/3343 664/3141/3241
f 688/1785/1815 676/1789/1819 3786/1788/1847
f 731/1816/1846 688/1785/1815 3786/1788/1847
f 3006/3185/3289 3007/3186/3290 3008/3237/3344
f 3107/3238/3345 3007/3186/3290 3098/3187/3291
f 2054/1796/1826 2041/1832/1863 2047/1850/1882
f 3061/3221/3328 3060/3154/3256 3062/3239/3346
f 3062/3239/3346 3060/3154/3256 3063/3198/3304
f 2019/1853/1885 2020/1825/1856 2053/1824/1855
f 3065/3240/3347 3063/3198/3304 3066/3199/3305
f 3066/3199/3305 3087/3096/3187 3086/3224/3331
f 3106/1704/1733 3075/3226/3333 3072/3225/3332
f 3076/3227/3334 3075/3226/3333 3077/3097/3188
f 730/1812/1842 791/1828/1859 734/1881/1914
f 739/3241/3348 772/3233/3340 726/3242/3349
f 716/3232/3339 730/1812/1842 734/1881/1914
f 690/3243/3350 764/3204/3311 762/3205/3312
f 690/3243/3350 762/3205/3312 683/3229/3336
f 716/3232/3339 734/1881/1914 694/1861/1893
f 737/1830/1861 726/3242/3349 772/3233/3340
f 752/3209/3316 764/3204/3311 690/3243/3350
f 685/3214/3321 716/3232/3339 694/1861/1893
f 689/1845/1876 752/3209/3316 690/3243/3350
f 674/3244/3351 690/3243/3350 683/3229/3336
f 674/3244/3351 683/3229/3336 677/3230/3337
f 728/1844/1875 752/3209/3316 689/1845/1876
f 685/3214/3321 694/1861/1893 686/3215/3322
f 686/3215/3322 694/1861/1893 695/1863/1895
f 671/3235/3342 674/3244/3351 677/3230/3337
f 686/3215/3322 695/1863/1895 696/3179/3281
f 696/3179/3281 695/1863/1895 697/1814/1844
f 695/1863/1895 698/1843/1874 697/1814/1844
f 697/1814/1844 715/1829/1860 729/1815/1845
f 687/3234/3341 728/1844/1875 672/1846/1877
f 668/3216/3323 671/3235/3342 675/3213/3320
f 687/3234/3341 672/1846/1877 669/3236/3343
f 667/3245/3352 671/3235/3342 668/3216/3323
f 667/3245/3352 668/3216/3323 666/3217/3324
f 669/3236/3343 667/3245/3352 664/3141/3241
f 664/3141/3241 667/3245/3352 666/3217/3324
f 3101/3246/3353 3028/3219/3326 3031/3153/3255
f 3101/3246/3353 3031/3153/3255 2996/3026/3105
f 2992/3247/3354 2996/3026/3105 2995/3080/3171
f 3009/3248/3355 3019/3220/3327 3006/3185/3289
f 3008/3237/3344 3007/3186/3290 3025/3249/3356
f 3025/3249/3356 3007/3186/3290 3107/3238/3345
f 3061/3221/3328 3107/3238/3345 3098/3187/3291
f 2054/1796/1826 2047/1850/1882 2052/1797/1827
f 3062/3239/3346 3063/3198/3304 3065/3240/3347
f 2016/1889/1922 2020/1825/1856 2019/1853/1885
f 2021/1891/1924 2020/1825/1856 2016/1889/1922
f 37/1835/1866 71/1834/1865 58/1875/1907
f 48/1854/1886 51/1838/1869 45/1837/1868
f 715/1829/1860 726/3242/3349 737/1830/1861
f 689/1845/1876 690/3243/3350 670/3250/3357
f 670/3250/3357 690/3243/3350 674/3244/3351
f 672/1846/1877 689/1845/1876 670/3250/3357
f 671/3235/3342 670/3250/3357 674/3244/3351
f 669/3236/3343 672/1846/1877 670/3250/3357
f 669/3236/3343 670/3250/3357 667/3245/3352
f 667/3245/3352 670/3250/3357 671/3235/3342
f 2992/3247/3354 2995/3080/3171 2994/3251/3358
f 2994/3251/3358 2995/3080/3171 3019/3220/3327
f 3009/3248/3355 3006/3185/3289 3008/3237/3344
f 3008/3237/3344 3025/3249/3356 3015/3252/3359
f 3015/3252/3359 3025/3249/3356 3102/3253/3360
f 2043/1795/1825 2042/3254/3361 2039/1871/1903
f 2041/1832/1863 2043/1795/1825 2039/1871/1903
f 3121/3255/3362 3122/3256/3363 3123/3257/3364
f 760/3258/3365 770/3259/3366 759/3260/3367
f 2047/1850/1882 2041/1832/1863 2028/1872/1904
f 3096/3261/3368 3107/3238/3345 3061/3221/3328
f 3096/3261/3368 3061/3221/3328 3094/3262/3369
f 2047/1850/1882 2028/1872/1904 2033/1851/1883
f 3094/3262/3369 3061/3221/3328 3062/3239/3346
f 3065/3240/3347 3066/3199/3305 3067/3263/3370
f 37/1835/1866 58/1875/1907 31/1874/1906
f 3070/3264/3371 3086/3224/3331 3072/3225/3332
f 3072/3225/3332 3075/3226/3333 3074/3265/3372
f 3073/3266/3373 3072/3225/3332 3074/3265/3372
f 3074/3265/3372 3075/3226/3333 3076/3227/3334
f 723/3267/3374 739/3241/3348 724/3268/3375
f 724/3268/3375 739/3241/3348 726/3242/3349
f 694/1861/1893 734/1881/1914 714/1862/1894
f 713/3269/3376 724/3268/3375 726/3242/3349
f 695/1863/1895 714/1862/1894 699/3270/3377
f 710/3271/3378 713/3269/3376 715/1829/1860
f 715/1829/1860 713/3269/3376 726/3242/3349
f 695/1863/1895 699/3270/3377 698/1843/1874
f 698/1843/1874 710/3271/3378 715/1829/1860
f 3101/3246/3353 2996/3026/3105 3018/3272/3379
f 3018/3272/3379 2996/3026/3105 2992/3247/3354
f 3113/3273/3380 3116/3274/3381 3115/3275/3382
f 3012/3276/3383 3008/3237/3344 3015/3252/3359
f 2210/1870/1902 2211/1866/1898 2212/3277/3384
f 2039/1871/1903 2042/3254/3361 2027/3278/3385
f 758/3279/3386 760/3258/3365 759/3260/3367
f 2028/1872/1904 2039/1871/1903 2027/3278/3385
f 2033/1851/1883 2028/1872/1904 2026/1906/1939
f 2028/1872/1904 2027/3278/3385 2026/1906/1939
f 3095/3280/3387 3096/3261/3368 3094/3262/3369
f 2053/1824/1855 2052/1797/1827 2033/1851/1883
f 3094/3262/3369 3062/3239/3346 3065/3240/3347
f 2016/1889/1922 2019/1853/1885 2018/3281/3388
f 2017/3282/3389 2016/1889/1922 2018/3281/3388
f 2018/3281/3388 2019/1853/1885 2040/1852/1884
f 3067/3263/3370 3066/3199/3305 3070/3264/3371
f 3070/3264/3371 3066/3199/3305 3086/3224/3331
f 723/3267/3374 746/3283/3390 739/3241/3348
f 714/1862/1894 702/1917/1950 699/3270/3377
f 699/3270/3377 700/3284/3391 698/1843/1874
f 698/1843/1874 700/3284/3391 710/3271/3378
f 2236/1848/1880 2238/1864/1896 3788/1902/3392
f 2313/1896/1929 2304/1793/1823 2306/1820/1851
f 3009/3248/3355 3008/3237/3344 3010/3285/3393
f 3010/3285/3393 3008/3237/3344 3012/3276/3383
f 2211/1866/1898 2213/1899/1932 2212/3277/3384
f 758/3279/3386 759/3260/3367 756/3286/3394
f 2026/1906/1939 2027/3278/3385 2025/1907/1940
f 757/3287/3395 758/3279/3386 756/3286/3394
f 2033/1851/1883 2026/1906/1939 2031/3288/3396
f 3068/3289/3397 3095/3280/3387 3094/3262/3369
f 2040/1852/1884 2033/1851/1883 2031/3288/3396
f 3681/1890/3398 2016/1889/1922 2017/3282/3389
f 33/1900/1933 49/1873/1905 79/3290/3399
f 2913/3291/3400 2917/3292/3401 2916/3293/3402
f 2018/3281/3388 2040/1852/1884 2037/3294/3403
f 21/1892/1925 37/1835/1866 31/1874/1906
f 3072/3225/3332 3071/3295/3404 3070/3264/3371
f 713/3269/3376 723/3267/3374 724/3268/3375
f 735/1882/1915 702/1917/1950 714/1862/1894
f 699/3270/3377 702/1917/1950 701/3296/3405
f 701/3296/3405 700/3284/3391 699/3270/3377
f 3057/3297/3406 3058/3298/3407 3056/3299/3408
f 3056/3299/3408 3101/3246/3353 3018/3272/3379
f 3113/3273/3380 3115/3275/3382 3114/3300/3409
f 3017/3301/3409 3009/3248/3355 3010/3285/3393
f 2031/3288/3396 2026/1906/1939 2023/1908/1941
f 3068/3289/3397 3094/3262/3369 3065/3240/3347
f 2040/1852/1884 2031/3288/3396 2038/3302/3410
f 3068/3289/3397 3065/3240/3347 3067/3263/3370
f 2037/3294/3403 2040/1852/1884 2038/3302/3410
f 2903/3303/3411 2913/3291/3400 2916/3293/3402
f 2037/3294/3403 2038/3302/3410 2032/3304/3412
f 3071/3295/3404 3067/3263/3370 3070/3264/3371
f 48/1854/1886 40/1893/1926 41/1921/1954
f 3071/3295/3404 3072/3225/3332 3073/3266/3373
f 62/1909/1942 63/1855/1887 48/1854/1886
f 717/3305/3413 747/3306/3414 746/3283/3390
f 723/3267/3374 717/3305/3413 746/3283/3390
f 710/3271/3378 711/3307/3415 713/3269/3376
f 713/3269/3376 711/3307/3415 723/3267/3374
f 3055/3308/3416 3056/3299/3408 3018/3272/3379
f 3018/3272/3379 2992/3247/3354 2991/3309/3417
f 3017/3301/3409 3010/3285/3393 3014/3310/3418
f 3014/3310/3418 3010/3285/3393 3013/3311/3419
f 3012/3276/3383 3013/3311/3419 3010/3285/3393
f 745/3312/3420 757/3287/3395 756/3286/3394
f 2023/1908/1941 2025/1907/1940 2024/3313/3421
f 744/3314/3422 745/3312/3420 756/3286/3394
f 744/3314/3422 756/3286/3394 761/3315/3423
f 2030/3316/3424 2031/3288/3396 2023/1908/1941
f 33/1900/1933 79/3290/3399 78/1936/1969
f 2038/3302/3410 2031/3288/3396 2030/3316/3424
f 733/3317/3425 761/3315/3423 771/3318/3426
f 2903/3303/3411 2899/3319/3427 2913/3291/3400
f 2032/3304/3412 2038/3302/3410 2030/3316/3424
f 751/3320/3428 733/3317/3425 771/3318/3426
f 2903/3303/3411 2916/3293/3402 2915/3321/3429
f 2037/3294/3403 2032/3304/3412 2036/3322/3430
f 722/3323/3431 751/3320/3428 747/3306/3414
f 717/3305/3413 722/3323/3431 747/3306/3414
f 711/3307/3415 717/3305/3413 723/3267/3374
f 701/3296/3405 706/1922/1955 703/1924/1957
f 700/3284/3391 703/1924/1957 704/3324/3432
f 700/3284/3391 704/3324/3432 710/3271/3378
f 704/3324/3432 711/3307/3415 710/3271/3378
f 736/3325/3433 706/1922/1955 702/1917/1950
f 702/1917/1950 706/1922/1955 701/3296/3405
f 701/3296/3405 703/1924/1957 700/3284/3391
f 738/3326/3434 736/3325/3433 702/1917/1950
f 755/1916/1949 738/3326/3434 702/1917/1950
f 3055/3308/3416 3057/3297/3406 3056/3299/3408
f 3059/3327/3435 3057/3297/3406 3055/3308/3416
f 2991/3309/3417 2992/3247/3354 2989/3328/3436
f 2989/3328/3436 2992/3247/3354 2994/3251/3358
f 3112/3329/3437 3113/3273/3380 3114/3300/3409
f 2030/3316/3424 2023/1908/1941 2022/3330/3438
f 2022/3330/3438 2023/1908/1941 2024/3313/3421
f 733/3317/3425 744/3314/3422 761/3315/3423
f 2892/3331/3439 2888/3332/3440 2899/3319/3427
f 2032/3304/3412 2030/3316/3424 2022/3330/3438
f 720/3333/3441 733/3317/3425 751/3320/3428
f 2903/3303/3411 2912/3334/3442 2902/3335/3443
f 2912/3334/3442 2903/3303/3411 2915/3321/3429
f 2045/3336/3444 2036/3322/3430 2035/3337/3445
f 2035/3337/3445 2036/3322/3430 2032/3304/3412
f 720/3333/3441 751/3320/3428 722/3323/3431
f 2048/3338/3446 2045/3336/3444 2044/3339/3447
f 2044/3339/3447 2045/3336/3444 2035/3337/3445
f 722/3323/3431 717/3305/3413 709/3340/3448
f 2049/3341/3449 2048/3338/3446 2044/3339/3447
f 2049/3341/3449 2044/3339/3447 2051/3342/3450
f 2044/3339/3447 2050/3343/3451 2051/3342/3450
f 705/1923/1956 708/3344/3452 704/3324/3432
f 704/3324/3432 708/3344/3452 709/3340/3448
f 709/3340/3448 717/3305/3413 711/3307/3415
f 703/1924/1957 705/1923/1956 704/3324/3432
f 704/3324/3432 709/3340/3448 711/3307/3415
f 706/1922/1955 707/3345/3453 705/1923/1956
f 2890/3346/3454 2910/3347/3455 2909/3348/3456
f 2896/3349/3457 2890/3346/3454 2909/3348/3456
f 3059/3327/3435 3055/3308/3416 3100/3350/3458
f 3055/3308/3416 3018/3272/3379 3043/3351/3459
f 3104/3352/3460 3017/3301/3409 3014/3310/3418
f 12/1930/1963 31/1874/1906 10/1929/1962
f 2029/3353/3461 2022/3330/3438 2024/3313/3421
f 727/3354/3462 745/3312/3420 744/3314/3422
f 727/3354/3462 744/3314/3422 733/3317/3425
f 2878/3355/3463 2888/3332/3440 2892/3331/3439
f 2892/3331/3439 2899/3319/3427 2903/3303/3411
f 2022/3330/3438 2029/3353/3461 2034/3356/3464
f 2034/3356/3464 2029/3353/3461 2046/3357/3465
f 712/3358/3465 727/3354/3462 720/3333/3441
f 727/3354/3462 733/3317/3425 720/3333/3441
f 2032/3304/3412 2022/3330/3438 2034/3356/3464
f 2035/3337/3445 2032/3304/3412 2034/3356/3464
f 2898/3359/3466 2902/3335/3443 2912/3334/3442
f 2035/3337/3445 2034/3356/3464 2044/3339/3447
f 2050/3343/3451 2034/3356/3464 2046/3357/3465
f 709/3340/3448 712/3358/3465 720/3333/3441
f 2044/3339/3447 2034/3356/3464 2050/3343/3451
f 708/3344/3452 712/3358/3465 709/3340/3448
f 709/3340/3448 720/3333/3441 722/3323/3431
f 2898/3359/3466 2912/3334/3442 2911/3360/3467
f 2898/3359/3466 2911/3360/3467 2910/3347/3455
f 2890/3346/3454 2898/3359/3466 2910/3347/3455
f 2994/3251/3358 3104/3352/3460 2989/3328/3436
f 3108/3361/3468 3104/3352/3460 3014/3310/3418
f 2219/1919/1952 2223/1934/1967 2218/1935/1968
f 10/1929/1962 78/1936/1969 83/3362/3469
f 2887/3363/3470 2888/3332/3440 2878/3355/3463
f 2892/3331/3439 2903/3303/3411 2902/3335/3443
f 2885/1975/2009 2890/3346/3454 2896/3349/3457
f 2900/3364/3471 2885/1975/2009 2896/3349/3457
f 3100/3350/3458 3055/3308/3416 3043/3351/3459
f 3043/3351/3459 3018/3272/3379 2990/3365/3472
f 2990/3365/3472 3018/3272/3379 2991/3309/3417
f 2887/3363/3470 2878/3355/3463 2877/1961/1995
f 2876/1959/1993 2878/3355/3463 2879/3366/3473
f 2879/3366/3473 2878/3355/3463 2892/3331/3439
f 19/1952/1986 20/1920/1953 12/1930/1963
f 2893/3367/3474 2892/3331/3439 2902/3335/3443
f 2894/3368/3475 2893/3367/3474 2902/3335/3443
f 2894/3368/3475 2902/3335/3443 2898/3359/3466
f 2891/3369/3476 2894/3368/3475 2898/3359/3466
f 2891/3369/3476 2898/3359/3466 2890/3346/3454
f 2907/3370/3477 2885/1975/2009 2900/3364/3471
f 2885/1975/2009 2907/3370/3477 2901/3371/3478
f 3100/3350/3458 3043/3351/3459 3033/3372/3479
f 2990/3365/3472 2991/3309/3417 2989/3328/3436
f 3105/3373/3480 3104/3352/3460 3108/3361/3468
f 3791/1943/3481 2217/3374/3482 3756/1935/3483
f 84/3375/3484 10/1929/1962 83/3362/3469
f 2877/1961/1995 2878/3355/3463 2876/1959/1993
f 2893/3367/3474 2879/3366/3473 2892/3331/3439
f 50/1944/1977 41/1921/1954 43/1953/1987
f 2881/1974/2008 2891/3369/3476 2890/3346/3454
f 2885/1975/2009 2881/1974/2008 2890/3346/3454
f 3043/3351/3459 2990/3365/3472 2993/3376/3485
f 3033/3372/3479 3043/3351/3459 2993/3376/3485
f 2985/3377/3486 2989/3328/3436 3104/3352/3460
f 2985/3377/3486 3104/3352/3460 2987/3378/3487
f 2987/3378/3487 3104/3352/3460 3105/3373/3480
f 2881/1974/2008 2882/3379/3488 2891/3369/3476
f 3791/1943/3481 3794/1957/3489 2217/3374/3482
f 2875/1960/1994 2876/1959/1993 2868/3380/3490
f 2880/3381/3491 2879/3366/3473 2893/3367/3474
f 2880/3381/3491 2893/3367/3474 2894/3368/3475
f 42/1964/1998 53/1971/2005 50/1944/1977
f 2882/3379/3488 2880/3381/3491 2894/3368/3475
f 2882/3379/3488 2894/3368/3475 2891/3369/3476
f 2860/1973/2007 2885/1975/2009 2901/3371/3478
f 2860/1973/2007 2901/3371/3478 2821/2011/2047
f 3032/3382/3492 3033/3372/3479 2993/3376/3485
f 2990/3365/3472 2989/3328/3436 2988/3383/3493
f 2993/3376/3485 2990/3365/3472 2988/3383/3493
f 2988/3383/3493 2989/3328/3436 2985/3377/3486
f 2225/1951/1985 2226/1978/2012 2216/1957/1991
f 2985/3377/3486 2987/3378/3487 2986/3384/3494
f 9/1958/1992 10/1929/1962 11/3385/3495
f 11/3385/3495 10/1929/1962 84/3375/3484
f 2886/3386/3496 2877/1961/1995 2875/1960/1994
f 2868/3380/3490 2876/1959/1993 2879/3366/3473
f 2866/1988/2023 2868/3380/3490 2879/3366/3473
f 2880/3381/3491 2866/1988/2023 2879/3366/3473
f 2984/3387/3497 2988/3383/3493 2985/3377/3486
f 14/1994/2029 13/1970/2004 9/1958/1992
f 2867/3388/3498 2866/1988/2023 2880/3381/3491
f 2867/3388/3498 2880/3381/3491 2882/3379/3488
f 2861/3389/3499 2867/3388/3498 2882/3379/3488
f 2859/3390/3500 2861/3389/3499 2882/3379/3488
f 2859/3390/3500 2882/3379/3488 2881/1974/2008
f 2860/1973/2007 2859/3390/3500 2881/1974/2008
f 2325/1976/2010 2332/1956/1990 2336/1969/2003
f 2983/3391/3501 3718/3387/3502 2985/3377/3486
f 2986/3384/3494 2983/3391/3501 2985/3377/3486
f 23/2002/2038 9/1958/1992 11/3385/3495
f 14/1994/2029 9/1958/1992 23/2002/2038
f 2864/1987/2022 2868/3380/3490 2866/1988/2023
f 2862/1986/2021 2866/1988/2023 2867/3388/3498
f 3785/1984/3503 2325/1976/2010 2336/1969/2003
f 3032/3382/3492 2993/3376/3485 2988/3383/3493
f 23/2002/2038 11/3385/3495 44/2003/2039
f 2864/1987/2022 2875/1960/1994 2868/3380/3490
f 18/1963/1997 13/1970/2004 16/2006/2042
f 2867/3388/3498 2856/3392/3504 2862/1986/2021
f 2861/3389/3499 2856/3392/3504 2867/3388/3498
f 2821/2011/2047 2889/2012/2048 2860/1973/2007
f 3110/3393/3505 3032/3382/3492 2988/3383/3493
f 3026/3394/3506 2988/3383/3493 2984/3387/3497
f 2875/1960/1994 2895/3395/3507 2886/3386/3496
f 2883/3396/3508 3678/3395/3509 3727/1960/3510
f 3650/3396/3511 2875/1960/1994 2874/3397/3512
f 2869/2005/2041 2875/1960/1994 2864/1987/2022
f 15/1996/2031 13/1970/2004 14/1994/2029
f 15/1996/2031 16/2006/2042 13/1970/2004
f 2856/3392/3504 2861/3389/3499 2859/3390/3500
f 2857/2016/2052 2859/3390/3500 2860/1973/2007
f 3110/3393/3505 2988/3383/3493 3026/3394/3506
f 2983/3391/3501 3697/3394/3513 3718/3387/3502
f 2869/2005/2041 2874/3397/3512 2875/1960/1994
f 2856/3392/3504 2859/3390/3500 2857/2016/2052
f 2889/2012/2048 2857/2016/2052 2860/1973/2007
f 22/1995/2030 14/1994/2029 7/2001/2037
f 2864/1987/2022 2862/1986/2021 2863/3398/3514
f 2862/1986/2021 2856/3392/3504 2858/3399/3515
f 57/2025/2061 7/2001/2037 44/2003/2039
f 2914/3400/3516 3678/3395/3509 2883/3396/3508
f 17/2018/2054 16/2006/2042 15/1996/2031
f 24/1997/2032 16/2006/2042 25/2017/2053
f 2865/2004/2040 2864/1987/2022 2863/3398/3514
f 3650/3396/3511 2874/3397/3512 2873/3401/3517
f 2873/3401/3517 2874/3397/3512 2869/2005/2041
f 17/2018/2054 15/1996/2031 6/2013/2049
f 2873/3401/3517 2869/2005/2041 2865/2004/2040
f 2863/3398/3514 2862/1986/2021 2850/3402/3518
f 2850/3402/3518 2862/1986/2021 2858/3399/3515
f 2858/3399/3515 2856/3392/3504 2854/3403/3519
f 2855/3404/3520 2857/2016/2052 2802/2010/2046
f 2884/3405/3521 2914/3400/3516 2883/3396/3508
f 2884/3405/3522 3650/3396/3511 2873/3401/3517
f 2854/3403/3519 2856/3392/3504 2855/3404/3520
f 2855/3404/3520 2856/3392/3504 2857/2016/2052
f 1932/3406/3523 1933/3407/3524 1934/3408/3525
f 1934/3408/3525 1933/3407/3524 1936/3409/3526
f 2873/3401/3517 2865/2004/2040 2870/3410/3527
f 35/2034/2070 25/2017/2053 17/2018/2054
f 2870/3410/3527 2865/2004/2040 2863/3398/3514
f 2850/3402/3518 2858/3399/3515 2854/3403/3519
f 2801/2033/2069 2855/3404/3520 2802/2010/2046
f 1935/3411/3528 1932/3406/3523 1934/3408/3525
f 2897/3412/3529 2884/3405/3522 2873/3401/3517
f 28/2040/2077 25/2017/2053 34/3413/3530
f 2870/3410/3527 2863/3398/3514 2847/3414/3531
f 2908/3415/3532 2884/3405/3522 2897/3412/3529
f 2897/3412/3529 2873/3401/3517 2662/3416/3533
f 2662/3416/3533 2873/3401/3517 2870/3410/3527
f 25/2017/2053 35/2034/2070 34/3413/3530
f 29/2058/2095 27/2028/2064 26/2027/2063
f 2863/3398/3514 2850/3402/3518 2847/3414/3531
f 52/2029/2065 39/2014/2050 38/2041/2078
f 2855/3404/3520 2801/2033/2069 2853/3417/3534
f 2908/3415/3532 2897/3412/3529 2904/3418/3535
f 29/2058/2095 26/2027/2063 28/2040/2077
f 2847/3414/3531 2850/3402/3518 2848/3419/3536
f 2848/3419/3536 2850/3402/3518 2854/3403/3519
f 2853/3417/3534 2801/2033/2069 2781/2052/2089
f 2781/2052/2089 2801/2033/2069 2800/2022/2058
f 2783/2035/2071 2781/2052/2089 2800/2022/2058
f 1740/3420/3537 1744/3421/3538 1741/3422/3538
f 2905/3423/3539 3679/3415/3540 3661/3418/3541
f 2904/3418/3535 2897/3412/3529 2662/3416/3533
f 2660/3424/3542 2662/3416/3533 2870/3410/3527
f 1796/2063/2102 1762/2062/2101 1759/2061/2100
f 2870/3410/3527 2847/3414/3531 2846/3425/3543
f 2854/3403/3519 2855/3404/3520 2853/3417/3534
f 1739/2060/2098 3768/2055/2097 3699/3420/3544
f 1739/2060/2098 3699/3420/3544 3801/3422/3545
f 3802/3423/3546 2904/3418/3535 2662/3416/3533
f 2906/3426/3547 3802/3423/3546 2662/3416/3533
f 2659/3427/3548 2662/3416/3533 2660/3424/3542
f 28/2040/2077 34/3413/3530 36/3428/3549
f 32/2073/2113 29/2058/2095 28/2040/2077
f 2659/3427/3548 2906/3426/3547 2662/3416/3533
f 2846/3425/3543 2847/3414/3531 2845/3429/3550
f 2845/3429/3550 2847/3414/3531 2848/3419/3536
f 55/2067/2106 38/2041/2078 46/2066/2105
f 2854/3403/3519 2853/3417/3534 2849/3430/3551
f 2666/3431/3552 2918/3432/3553 3798/3426/3554
f 2666/3431/3552 3798/3426/3554 2659/3427/3548
f 1772/2064/2103 1796/2063/2102 1771/2105/2145
f 1796/2063/2102 1759/2061/2100 1771/2105/2145
f 2660/3424/3542 2870/3410/3527 2846/3425/3543
f 32/2073/2113 28/2040/2077 36/3428/3549
f 2780/2079/2119 2781/2052/2089 2782/2051/2088
f 2660/3424/3542 2846/3425/3543 2657/3433/3555
f 2848/3419/3536 2854/3403/3519 2849/3430/3551
f 2853/3417/3534 2781/2052/2089 2779/2088/2128
f 2780/2079/2119 2779/2088/2128 2781/2052/2089
f 1771/2105/2145 1759/2061/2100 1757/2080/2120
f 1774/3434/3556 1772/2064/2103 1770/3435/3557
f 1791/2065/2104 1772/2064/2103 1774/3434/3556
f 1751/2091/2131 1743/2056/2093 1758/2072/2112
f 1621/3436/3558 1622/3437/3558 1623/3438/3558
f 2666/3431/3552 2659/3427/3548 2665/3439/3559
f 2659/3427/3548 2660/3424/3542 2658/2111/2151
f 1770/3435/3557 1772/2064/2103 1771/2105/2145
f 2844/3440/3560 2845/3429/3550 2848/3419/3536
f 2844/3440/3560 2848/3419/3536 2849/3430/3551
f 2851/3441/3561 2853/3417/3534 2779/2088/2128
s 0
f 1624/3442/3562 3799/3437/3562 3631/3436/3562
s 1
f 2661/2113/2153 2659/3427/3548 2658/2111/2151
f 2658/2111/2151 2660/3424/3542 2657/3433/3555
f 1790/2092/2132 1791/2065/2104 1774/3434/3556
f 1868/2098/2138 1880/2093/2133 1790/2092/2132
f 2849/3430/3551 2853/3417/3534 2851/3441/3561
f 2661/2113/2153 2665/3439/3559 2659/3427/3548
f 1756/2106/2146 1771/2105/2145 1757/2080/2120
f 2656/2123/2162 2657/3433/3555 2846/3425/3543
f 1895/2109/2149 1898/3443/3563 1868/2098/2138
f 2842/3444/3564 2844/3440/3560 2849/3430/3551
s 0
f 3735/2113/3565 2823/3445/3565 3632/3439/3565
s 1
f 2846/3425/3543 2845/3429/3550 2664/3446/3566
f 2656/2123/2162 2846/3425/3543 2664/3446/3566
f 2840/2129/2168 2849/3430/3551 2851/3441/3561
f 1770/3435/3557 1771/2105/2145 1766/2107/2147
f 2845/3429/3550 2844/3440/3560 2664/3446/3566
f 2840/2129/2168 2842/3444/3564 2849/3430/3551
f 1750/2104/2144 1751/2091/2131 1752/3447/3567
f 2670/3448/3568 3800/3445/3569 2661/2113/2153
f 1787/3449/3570 1790/2092/2132 1774/3434/3556
f 1839/2099/2139 1790/2092/2132 1787/3449/3570
f 2664/3446/3566 2844/3440/3560 2839/3450/3571
f 2839/3450/3571 2844/3440/3560 2842/3444/3564
f 2851/3441/3561 2779/2088/2128 2778/2132/2171
f 2777/2087/2127 2778/2132/2171 2779/2088/2128
f 2663/2112/2152 2658/2111/2151 2648/2125/2164
f 2658/2111/2151 2657/3433/3555 2648/2125/2164
f 2843/2127/2166 2840/2129/2168 2851/3441/3561
f 2851/3441/3561 2778/2132/2171 2852/2131/2170
f 1753/3451/3572 1750/2104/2144 1752/3447/3567
f 2670/3448/3568 2661/2113/2153 2669/3452/3573
f 1768/3453/3574 1770/3435/3557 1766/2107/2147
f 1774/3434/3556 1770/3435/3557 1768/3453/3574
f 2648/2125/2164 2657/3433/3555 2656/2123/2162
f 2843/2127/2166 2851/3441/3561 2852/2131/2170
f 2778/2132/2171 2777/2087/2127 2729/2130/2169
f 2729/2130/2169 2777/2087/2127 2759/2116/2156
f 1755/2117/2157 1750/2104/2144 1753/3451/3572
f 2669/3452/3573 2661/2113/2153 2668/3454/3575
f 2668/3454/3575 2661/2113/2153 2663/2112/2152
f 1768/3453/3574 1766/2107/2147 1767/2152/2191
f 1787/3449/3570 1774/3434/3556 1768/3453/3574
f 2656/2123/2162 2664/3446/3566 2655/2124/2163
f 2664/3446/3566 2839/3450/3571 2671/3455/3576
f 2839/3450/3571 2842/3444/3564 2840/2129/2168
f 1767/2152/2191 1766/2107/2147 1764/3456/3577
f 2648/2125/2164 2672/3457/3578 2663/2112/2152
f 2671/3455/3576 2655/2124/2163 2664/3446/3566
f 2839/3450/3571 2840/2129/2168 2841/2128/2167
f 2729/2130/2169 2759/2116/2156 2758/2161/2200
f 1754/3458/3579 1755/2117/2157 1753/3451/3572
f 1764/3456/3577 1766/2107/2147 1761/2133/2172
f 1766/2107/2147 1756/2106/2146 1761/2133/2172
f 1769/3459/3580 1768/3453/3574 1767/2152/2191
f 2671/3455/3576 2839/3450/3571 2841/2128/2167
f 2668/3454/3575 2793/3460/3581 2669/3452/3573
f 2672/3457/3578 2668/3454/3575 2663/2112/2152
f 2655/2124/2163 2671/3455/3576 2675/3461/3582
f 1787/3449/3570 1768/3453/3574 1776/3462/3583
f 1788/2190/2229 1839/2099/2139 1787/3449/3570
f 2671/3455/3576 2841/2128/2167 2726/3463/3584
f 2871/3464/3585 2841/2128/2167 2843/2127/2166
f 2871/3464/3585 2843/2127/2166 2872/3465/3586
f 2872/3465/3586 2843/2127/2166 2852/2131/2170
f 2872/3465/3586 2852/2131/2170 2729/2130/2169
f 2672/3457/3578 2793/3460/3581 2668/3454/3575
f 2793/3460/3581 2672/3457/3578 2794/3466/3587
f 1764/3456/3577 1761/2133/2172 1765/3467/3588
f 2655/2124/2163 2646/2143/2182 2648/2125/2164
f 2675/3461/3582 2671/3455/3576 2726/3463/3584
f 2726/3463/3584 2841/2128/2167 2871/3464/3585
f 1763/2138/2177 1755/2117/2157 3685/3458/3589
f 2938/3468/3590 2939/3469/3591 2940/3470/3592
f 2636/3471/3593 2637/3472/3594 2638/3473/3595
f 1765/3467/3588 1761/2133/2172 1763/2138/2177
f 2931/2147/2186 2932/3474/3596 2930/2142/2181
f 2643/2144/2183 2646/2143/2182 2639/2169/2208
f 1776/3462/3583 1768/3453/3574 1769/3459/3580
f 1838/2135/2174 1839/2099/2139 1788/2190/2229
f 1003/2121/2158 1010/2157/2196 1006/2146/2185
f 1769/3459/3580 1767/2152/2191 1773/2153/2192
f 2715/3475/3597 2726/3463/3584 2725/3476/3598
f 2636/3471/3593 2638/3473/3595 2639/2169/2208
f 2638/3473/3595 2643/2144/2183 2639/2169/2208
f 1788/2190/2229 1787/3449/3570 1776/3462/3583
f 2667/2187/2226 2655/2124/2163 2675/3461/3582
f 2675/3461/3582 2726/3463/3584 2715/3475/3597
f 2725/3476/3598 2726/3463/3584 2871/3464/3585
f 2725/3476/3598 2871/3464/3585 2872/3465/3586
f 2727/2184/2223 2872/3465/3586 2729/2130/2169
f 2729/2130/2169 2758/2161/2200 2757/2160/2199
f 2667/2187/2226 2654/2148/2187 2655/2124/2163
f 2674/2176/2215 2667/2187/2226 2675/3461/3582
f 2725/3476/3598 2872/3465/3586 2727/2184/2223
f 2640/3477/3599 2636/3471/3593 2639/2169/2208
f 2647/2167/2206 2646/2143/2182 2654/2148/2187
f 1776/3462/3583 1769/3459/3580 1775/3478/3600
f 1781/2204/2243 1788/2190/2229 1776/3462/3583
f 2674/2176/2215 2675/3461/3582 2715/3475/3597
f 1807/2151/2190 1808/2150/2189 1747/3479/3601
f 2642/3480/3602 2636/3471/3593 2640/3477/3599
f 1781/2204/2243 1776/3462/3583 1775/3478/3600
f 2647/2167/2206 2654/2148/2187 2667/2187/2226
f 1874/2170/2209 1888/2126/2165 1847/2136/2175
f 2727/2184/2223 2729/2130/2169 2728/2163/2202
f 2641/2168/2207 2640/3477/3599 2639/2169/2208
f 1769/3459/3580 1773/2153/2192 1775/3478/3600
f 2647/2167/2206 2639/2169/2208 2646/2143/2182
f 2715/3475/3597 2725/3476/3598 2711/2208/2247
f 2711/2208/2247 2725/3476/3598 2724/3481/3603
f 2724/3481/3603 2725/3476/3598 2727/2184/2223
f 1746/3482/3604 1807/2151/2190 1747/3479/3601
f 1786/2191/2230 1788/2190/2229 1781/2204/2243
f 2674/2176/2215 2715/3475/3597 2676/2177/2216
f 2711/2208/2247 2676/2177/2216 2715/3475/3597
f 2724/3481/3603 2727/2184/2223 2723/2183/2222
f 2641/2168/2207 2647/2167/2206 2645/3483/3605
f 2667/2187/2226 2674/2176/2215 2673/2178/2217
f 1834/2189/2228 1836/2154/2193 1838/2135/2174
f 1809/2175/2214 1807/2151/2190 1810/2193/2232
f 2642/3480/3602 2640/3477/3599 2641/2168/2207
f 1781/2204/2243 1775/3478/3600 1778/2205/2244
f 1807/2151/2190 1746/3482/3604 1748/2212/2251
f 1810/2193/2232 1807/2151/2190 1748/2212/2251
f 1777/2194/2233 1773/2153/2192 1809/2175/2214
f 1775/3478/3600 1773/2153/2192 1777/2194/2233
f 2645/3483/3605 2647/2167/2206 2650/3484/3606
f 2711/2208/2247 2724/3481/3603 2723/2183/2222
f 2644/3485/3607 2642/3480/3602 2641/2168/2207
f 1778/2205/2244 1775/3478/3600 1777/2194/2233
f 2650/3484/3606 2647/2167/2206 2651/2195/2234
f 2652/2188/2227 2667/2187/2226 2673/2178/2217
f 2676/2177/2216 2711/2208/2247 2684/3486/3608
f 1745/3487/3609 1748/2212/2251 1746/3482/3604
f 1745/3487/3609 1746/3482/3604 1747/3479/3601
f 2644/3485/3607 2641/2168/2207 2645/3483/3605
f 1786/2191/2230 1781/2204/2243 1780/2203/2242
f 2788/2224/2263 2748/2173/2212 2789/2182/2221
f 2680/2217/2256 2652/2188/2227 2673/2178/2217
f 1847/2136/2175 1836/2154/2193 1835/2207/2246
f 2696/2209/2248 2684/3486/3608 2711/2208/2247
f 2644/3485/3607 2645/3483/3605 2649/3488/3610
f 2650/3484/3606 2649/3488/3610 2645/3483/3605
f 2649/3488/3610 2650/3484/3606 2653/3489/3611
s 0
f 2477/3490/3612 2478/3491/3612 2479/3492/3612
s 1
f 1780/2203/2242 1778/2205/2244 1779/3493/3613
f 1779/3493/3613 1778/2205/2244 1777/2194/2233
f 2653/3489/3611 2650/3484/3606 2651/2195/2234
f 2678/2216/2255 2673/2178/2217 2677/2206/2245
f 2713/3494/3614 2723/2183/2222 2714/2202/2241
f 3729/2213/3615 3805/2212/3615 3630/3487/3615
f 2813/3495/3616 2644/3485/3607 2649/3488/3610
f 2831/3496/3617 2813/3495/3616 2649/3488/3610
f 1799/3497/3618 1777/2194/2233 3806/2215/3619
f 1783/2250/2290 1786/2191/2230 1780/2203/2242
f 1834/2189/2228 1786/2191/2230 1830/2252/2292
f 1831/2269/2309 1834/2189/2228 1830/2252/2292
f 2677/2206/2245 2676/2177/2216 2684/3486/3608
f 1779/3493/3613 1777/2194/2233 1799/3497/3618
f 1830/2252/2292 1786/2191/2230 1783/2250/2290
f 1833/2271/2311 1834/2189/2228 1831/2269/2309
f 2684/3486/3608 2696/2209/2248 2692/2274/2314
f 2696/2209/2248 2723/2183/2222 2713/3494/3614
f 1799/3497/3618 3806/2215/3619 1821/3498/3620
f 1783/2250/2290 1780/2203/2242 1782/2248/2288
f 2653/3489/3611 2651/2195/2234 2775/2227/2267
f 1835/2207/2246 1834/2189/2228 1833/2271/2311
f 1782/2248/2288 1780/2203/2242 1779/3493/3613
f 2796/2240/2280 2653/3489/3611 2775/2227/2267
f 2677/2206/2245 2684/3486/3608 2685/2273/2313
f 1905/2264/2304 1906/2211/2250 1873/2210/2249
f 1782/2248/2288 1779/3493/3613 1795/2249/2289
f 1795/2249/2289 1779/3493/3613 1800/3499/3621
f 1779/3493/3613 1799/3497/3618 1800/3499/3621
f 2747/2228/2268 2680/2217/2256 2682/2241/2281
f 2678/2216/2255 2677/2206/2245 2679/2243/2283
f 2679/2243/2283 2677/2206/2245 2685/2273/2313
f 2684/3486/3608 2692/2274/2314 2685/2273/2313
f 2713/3494/3614 2714/2202/2241 2697/2291/2331
f 2697/2291/2331 2714/2202/2241 2710/2280/2320
f 2710/2280/2320 2714/2202/2241 2773/2236/2276
f 2810/2246/2286 2773/2236/2276 2788/2224/2263
f 1800/3499/3621 1799/3497/3618 1821/3498/3620
f 2795/2239/2279 2775/2227/2267 2652/2188/2227
f 2692/2274/2314 2696/2209/2248 2698/3500/3622
f 2698/3500/3622 2696/2209/2248 2713/3494/3614
f 1802/2256/2296 1800/3499/3621 1821/3498/3620
f 1795/2249/2289 1800/3499/3621 1801/2255/2295
f 2200/3501/3623 2201/3502/3624 2197/2257/2297
f 1783/2250/2290 1782/2248/2288 1784/2277/2317
f 2760/3503/3625 2799/2242/2282 2682/2241/2281
f 2682/2241/2281 2680/2217/2256 2681/2237/2277
f 1866/2265/2305 1905/2264/2304 1873/2210/2249
f 2698/3500/3622 2713/3494/3614 2697/2291/2331
f 1996/3504/3626 1994/3505/3627 1993/3506/3628
f 1801/2255/2295 1800/3499/3621 1802/2256/2296
f 1784/2277/2317 1782/2248/2288 1785/2247/2287
f 1993/3506/3628 1994/3505/3627 1995/3507/3629
f 1844/2200/2239 1835/2207/2246 1843/2302/2342
f 1845/2263/2303 1844/2200/2239 1843/2302/2342
f 2786/3508/3630 3629/3503/3631 2718/2295/2335
f 2634/3509/3632 2633/3510/3633 2635/3511/3634
f 1792/2251/2291 1783/2250/2290 1784/2277/2317
f 2200/3501/3623 2197/2257/2297 2199/2259/2299
f 2797/3512/3635 2796/2240/2280 2795/2239/2279
f 2718/2295/2335 3629/3503/3631 2682/2241/2281
f 2431/3513/3636 2432/3514/3637 2433/3515/3638
f 2632/3516/3639 2633/3510/3633 2634/3509/3632
f 3707/2260/3640 2797/3512/3635 2795/2239/2279
f 2718/2295/2335 2682/2241/2281 2683/2261/2301
f 1832/2270/2310 1831/2269/2309 1829/2268/2308
f 2679/2243/2283 2685/2273/2313 2687/2275/2315
f 1843/2302/2342 1835/2207/2246 1842/2272/2312
f 2698/3500/3622 2697/2291/2331 2692/2274/2314
f 3707/2260/3640 2838/3517/3641 2797/3512/3635
f 1829/2268/2308 1830/2252/2292 1792/2251/2291
f 1798/2284/2324 1784/2277/2317 1789/2278/2318
f 1793/2299/2339 1792/2251/2291 1784/2277/2317
f 2686/2262/2302 2683/2261/2301 2681/2237/2277
f 1798/2284/2324 1789/2278/2318 1815/3518/3642
f 2434/3519/3643 2431/3513/3636 2433/3515/3638
f 2786/3508/3630 2718/2295/2335 2721/3520/3644
f 1793/2299/2339 1784/2277/2317 1794/2286/2326
f 2774/2279/2319 2743/2313/2353 2710/2280/2320
f 1805/3521/3645 1798/2284/2324 1815/3518/3642
f 2435/3522/3646 2434/3519/3643 2433/3515/3638
f 1832/2270/2310 1829/2268/2308 1841/2304/2344
f 2687/2275/2315 2692/2274/2314 2693/2292/2332
f 2697/2291/2331 2710/2280/2320 2709/2315/2355
f 2709/2315/2355 2710/2280/2320 2743/2313/2353
f 1804/2285/2325 1798/2284/2324 1805/3521/3645
f 2721/3520/3644 2718/2295/2335 2719/2294/2334
f 2683/2261/2301 2686/2262/2302 2690/3523/3647
f 2686/2262/2302 2687/2275/2315 2688/2297/2337
f 1871/2300/2340 1843/2302/2342 1842/2272/2312
f 2436/3524/3648 2434/3519/3643 2435/3522/3646
f 2830/3525/3649 2721/3520/3644 2722/3526/3650
f 2690/3523/3647 2686/2262/2302 2689/2311/2351
f 2694/2296/2336 2693/2292/2332 2699/2328/2368
f 2693/2292/2332 2697/2291/2331 2709/2315/2355
f 1806/3527/3651 1804/2285/2325 1805/3521/3645
f 2721/3520/3644 2719/2294/2334 2722/3526/3650
f 1797/2318/2358 1793/2299/2339 1794/2286/2326
f 2719/2294/2334 2683/2261/2301 2690/3523/3647
f 2689/2311/2351 2686/2262/2302 2688/2297/2337
f 1846/2305/2345 1843/2302/2342 1857/2301/2341
f 1845/2263/2303 1843/2302/2342 1846/2305/2345
f 1811/2303/2343 1804/2285/2325 1806/3527/3651
f 2830/3525/3649 2722/3526/3650 2829/3528/3652
f 1797/2318/2358 1794/2286/2326 1811/2303/2343
f 2719/2294/2334 2690/3523/3647 2720/3529/3653
f 1861/2312/2352 1866/2265/2305 1846/2305/2345
f 2743/2313/2353 2774/2279/2319 2769/2325/2365
f 2829/3528/3652 2722/3526/3650 2761/3530/3654
f 2722/3526/3650 2719/2294/2334 2761/3530/3654
f 2761/3530/3654 2719/2294/2334 2720/3529/3653
f 2699/2328/2368 2693/2292/2332 2709/2315/2355
f 2717/2314/2354 2743/2313/2353 2769/2325/2365
f 1811/2303/2343 1806/3527/3651 1826/3531/3655
f 1813/2306/2346 1793/2299/2339 1812/2319/2359
f 2690/3523/3647 2689/2311/2351 2691/2344/2383
f 2720/3529/3653 2690/3523/3647 2691/2344/2383
f 1870/2320/2360 1871/2300/2340 1841/2304/2344
f 2695/2307/2347 2694/2296/2336 2699/2328/2368
f 1816/2317/2357 1811/2303/2343 1817/2338/2377
f 2189/2340/2379 2193/3532/3656 2192/3533/3657
f 2691/2344/2383 2689/2311/2351 2745/2310/2350
f 1850/2385/2424 1870/2320/2360 1841/2304/2344
f 2699/2328/2368 2709/2315/2355 2716/2327/2367
f 2189/2340/2379 2192/3533/3657 2190/2341/2380
f 2730/2346/2385 2761/3530/3654 2720/3529/3653
f 1827/2372/2411 1828/2290/2330 1813/2306/2346
f 1848/2326/2366 1828/2290/2330 1827/2372/2411
f 1859/2330/2370 1846/2305/2345 1857/2301/2341
f 1861/2312/2352 1846/2305/2345 1860/2331/2371
f 1818/2332/2372 1816/2317/2357 1817/2338/2377
f 3647/2333/3658 1813/2306/2346 1812/2319/2359
f 2730/2346/2385 2720/3529/3653 2691/2344/2383
f 2745/2310/2350 2688/2297/2337 2746/2337/2376
f 2708/2336/2375 2688/2297/2337 2695/2307/2347
f 2700/2329/2369 2699/2328/2368 2716/2327/2367
f 1869/2374/2413 1870/2320/2360 1850/2385/2424
f 2695/2307/2347 2700/2329/2369 2701/3534/3659
f 1859/2330/2370 1857/2301/2341 1870/2320/2360
f 2818/3535/3660 2730/2346/2385 2740/2345/2384
f 2740/2345/2384 2691/2344/2383 2741/2356/2394
f 2691/2344/2383 2745/2310/2350 2762/3536/3661
f 3662/2355/3662 2691/2344/2383 2762/3536/3661
f 2704/3537/3663 2700/2329/2369 2716/2327/2367
f 1820/3538/3664 1818/2332/2372 1819/2339/2378
f 3709/2334/2399 3648/2333/3665 1929/3539/3666
f 1827/2372/2411 1813/2306/2346 1837/2360/2398
f 2745/2310/2350 2746/2337/2376 2764/2361/2400
f 1850/2385/2424 1841/2304/2344 1849/2335/2374
f 2704/3537/3663 2716/2327/2367 2733/3540/3667
f 1822/2343/2382 1818/2332/2372 1820/3538/3664
f 2818/3535/3660 2740/2345/2384 2741/2356/2394
f 2825/3541/3668 2818/3535/3660 2741/2356/2394
f 1837/2360/2398 3709/2334/2399 1926/3542/3669
f 1926/3542/3669 3709/2334/2399 1929/3539/3666
f 2453/3543/3670 2456/3544/3671 2455/3545/3672
f 2762/3536/3661 2745/2310/2350 2763/2367/2406
f 2708/2336/2375 2695/2307/2347 2705/2369/2408
f 2695/2307/2347 2701/3534/3659 2702/2370/2409
f 1889/2375/2414 1859/2330/2370 1870/2320/2360
f 2828/2363/2402 2825/3541/3668 2741/2356/2394
f 1887/2378/2417 1827/2372/2411 1837/2360/2398
f 2700/2329/2369 2704/3537/3663 2701/3534/3659
f 1904/3546/3673 1859/2330/2370 1889/2375/2414
f 1900/3547/3674 1837/2360/2398 1926/3542/3669
f 1851/2428/2469 1849/2335/2374 1856/2379/2418
f 2732/2348/2388 2733/3540/3667 2716/2327/2367
f 1887/2378/2417 1837/2360/2398 1900/3547/3674
f 2454/3548/3675 2453/3543/3670 2455/3545/3672
f 2454/3548/3675 2455/3545/3672 2458/3549/3676
f 1850/2385/2424 1849/2335/2374 1851/2428/2469
f 3804/2391/3677 2705/2369/2408 2707/3550/3678
f 2707/3550/3678 2705/2369/2408 2702/2370/2409
f 1904/3546/3673 1889/2375/2414 1881/2394/2433
f 1865/3551/3679 1859/2330/2370 1904/3546/3673
f 1860/2331/2371 1859/2330/2370 1865/3551/3679
f 2454/3548/3675 2458/3549/3676 2457/3552/3680
f 1875/2393/2432 1869/2374/2413 1852/2386/2425
f 2733/3540/3667 2732/2348/2388 2734/2382/2421
f 2451/3553/3681 2453/3543/3670 2452/3554/3682
f 2452/3554/3682 2453/3543/3670 2454/3548/3675
f 2766/2384/2423 2787/3555/3683 2763/2367/2406
f 1858/3556/3684 1851/2428/2469 1856/2379/2418
f 1852/2386/2425 1850/2385/2424 1851/2428/2469
f 2704/3537/3663 2733/3540/3667 2731/3557/3685
f 1890/2397/2436 1887/2378/2417 1900/3547/3674
f 2452/3554/3682 2454/3548/3675 2457/3552/3680
f 2452/3554/3682 2457/3552/3680 2448/2412/2453
f 1133/3558/3686 1134/3559/3687 1132/3560/3688
f 2787/3555/3683 2766/2384/2423 2803/3561/3689
s 0
f 2077/3562/3690 2076/3563/3690 2083/3564/3690
s 1
f 2075/3565/3691 3645/3563/3692 3628/3562/3693
f 2703/2414/2455 2701/3534/3659 2704/3537/3663
f 1865/3551/3679 1904/3546/3673 1881/2394/2433
f 1863/2380/2419 1862/2357/2395 1860/2331/2371
f 2734/2382/2421 2767/2350/2390 2768/2406/2447
f 2450/3566/3694 2451/3553/3681 2452/3554/3682
f 2803/3561/3689 2766/2384/2423 2804/2392/2431
f 2707/3550/3678 2702/2370/2409 2749/2421/2462
f 2702/2370/2409 2701/3534/3659 2703/2414/2455
f 1897/2417/2458 1865/3551/3679 1881/2394/2433
f 1863/2380/2419 1860/2331/2371 1864/3567/3695
f 873/2383/2422 888/2396/2435 892/2377/2416
f 1131/3568/3696 1133/3558/3686 1132/3560/3688
f 1851/2428/2469 1858/3556/3684 1872/3569/3696
f 2075/3565/3691 3628/3562/3693 2078/3570/3697
f 2703/2414/2455 2704/3537/3663 2731/3557/3685
f 1864/3567/3695 1860/2331/2371 1865/3551/3679
f 2733/3540/3667 2734/2382/2421 2735/2424/2465
f 2445/2418/2459 2450/3566/3694 2447/2419/2460
f 2447/2419/2460 2450/3566/3694 2452/3554/3682
f 2447/2419/2460 2452/3554/3682 2448/2412/2453
f 2444/3571/3698 2445/2418/2459 2446/2411/2452
f 2446/2411/2452 2447/2419/2460 2448/2412/2453
f 1131/3568/3696 1132/3560/3688 1129/3572/3699
f 1879/2433/2474 1863/2380/2419 1864/3567/3695
f 2731/3557/3685 2733/3540/3667 2735/2424/2465
f 1853/2429/2470 1851/2428/2469 1872/3569/3696
f 2078/3570/3697 2079/3573/3700 2075/3565/3691
f 2079/3573/3700 2078/3570/3697 2080/3574/3701
f 2751/2438/2479 2749/2421/2462 2750/2420/2461
f 2756/2449/2490 2706/2415/2456 2703/2414/2455
f 1897/2417/2458 1896/2416/2457 3643/2432/3702
f 2756/2449/2490 2703/2414/2455 2731/3557/3685
f 2738/3575/3703 2731/3557/3685 2735/2424/2465
f 1128/3576/3704 1131/3568/3696 1129/3572/3699
f 2750/2420/2461 2706/2415/2456 2756/2449/2490
f 2808/3577/3705 2835/3578/3706 2756/2449/2490
f 1925/3579/3707 1897/2417/2458 3643/2432/3702
f 2808/3577/3705 2756/2449/2490 2731/3557/3685
f 1893/3580/3708 1865/3551/3679 1897/2417/2458
f 2808/3577/3705 2731/3557/3685 2738/3575/3703
f 1864/3567/3695 1865/3551/3679 1893/3580/3708
f 1879/2433/2474 1864/3567/3695 1891/2443/2484
f 1876/2402/2443 1852/2386/2425 1877/2434/2475
f 1893/3580/3708 1897/2417/2458 1922/3581/3709
f 1922/3581/3709 1897/2417/2458 1925/3579/3707
f 2118/3582/3710 2117/3583/3711 2119/3584/3712
f 2776/3585/3713 2808/3577/3705 2738/3575/3703
f 1891/2443/2484 1864/3567/3695 1893/3580/3708
f 1853/2429/2470 1872/3569/3696 1921/3586/3714
f 2079/3573/3700 2080/3574/3701 2081/3587/3715
f 2082/3588/3716 2079/3573/3700 2081/3587/3715
f 2738/3575/3703 2735/2424/2465 2737/2446/2487
f 1127/3589/3717 1128/3576/3704 1129/3572/3699
f 1884/2460/2501 1877/2434/2475 1854/2435/2476
f 2114/3590/3718 2117/3583/3711 2116/3591/3719
f 2116/3591/3719 2117/3583/3711 2118/3582/3710
f 1891/2443/2484 1893/3580/3708 1912/3592/3720
f 2754/3593/3721 2814/3594/3722 2753/2437/2478
f 1912/3592/3720 1893/3580/3708 1923/3595/3723
f 1923/3595/3723 1893/3580/3708 1922/3581/3709
f 1130/3596/3724 1128/3576/3704 1127/3589/3717
f 2754/3593/3721 2753/2437/2478 2752/2436/2477
f 2114/3590/3718 2116/3591/3719 2111/3597/3725
f 1913/2456/2497 1891/2443/2484 1914/2474/2515
f 1914/2474/2515 1891/2443/2484 1912/3592/3720
f 2111/3597/3725 2116/3591/3719 2118/3582/3710
f 2737/2446/2487 2776/3585/3713 2738/3575/3703
f 1894/2470/2511 1853/2429/2470 1921/3586/3714
f 1130/3596/3724 1127/3589/3717 1135/3598/3726
f 2754/3593/3721 2752/2436/2477 2755/2466/2507
f 1914/2474/2515 1912/3592/3720 1920/3599/3727
f 1920/3599/3727 1912/3592/3720 1923/3595/3723
f 2113/3600/3728 2114/3590/3718 2111/3597/3725
f 2790/3601/3729 2776/3585/3713 2737/2446/2487
f 2755/2466/2507 2770/2450/2491 2771/3602/3730
f 2790/3601/3729 2737/2446/2487 2791/2484/2525
f 2791/2484/2525 2737/2446/2487 2744/2469/2510
f 2784/2465/2506 2744/2469/2510 2739/2448/2489
f 1886/2482/2523 1867/2459/2500 1894/2470/2511
f 1130/3596/3724 1135/3598/3726 1136/3603/3731
f 2754/3593/3721 2755/2466/2507 2772/3604/3732
f 2115/3605/3733 2113/3600/3728 2110/3606/3734
f 2110/3606/3734 2113/3600/3728 2111/3597/3725
f 1136/3603/3731 1137/3607/3735 1130/3596/3724
f 2771/3602/3730 2772/3604/3732 2755/2466/2507
f 1916/2483/2524 1914/2474/2515 1920/3599/3727
f 2115/3605/3733 2121/3608/3736 2113/3600/3728
f 2109/3609/3737 2110/3606/3734 2111/3597/3725
f 1930/3610/3738 1885/2471/2512 1886/2482/2523
f 1138/3611/3739 1137/3607/3735 1136/3603/3731
f 3642/2472/3740 1885/2471/2512 1930/3610/3738
f 2822/3612/3741 2772/3604/3732 2771/3602/3730
f 2834/3613/3742 2822/3612/3741 2771/3602/3730
f 1918/3614/3743 1916/2483/2524 1920/3599/3727
f 2120/3615/3744 2121/3608/3736 2115/3605/3733
f 2805/2494/2535 2791/2484/2525 2785/2479/2520
f 909/2496/2538 911/2481/2522 895/2480/2521
f 1917/2486/2527 1916/2483/2524 1918/3614/3743
f 2115/3605/3733 2110/3606/3734 2106/3616/3745
f 2106/3616/3745 2110/3606/3734 2107/3617/3746
f 2107/3617/3746 2110/3606/3734 2109/3609/3737
f 2108/3618/3747 2107/3617/3746 2109/3609/3737
f 2805/2494/2535 2785/2479/2520 2811/2490/2531
f 1919/3619/3748 1917/2486/2527 1918/3614/3743
f 3725/3620/3749 2120/3615/3744 2102/3621/3750
f 2102/3621/3750 2120/3615/3744 2115/3605/3733
f 2102/3621/3750 2115/3605/3733 2106/3616/3745
f 2105/3622/3751 2106/3616/3745 2107/3617/3746
f 2105/3622/3751 2107/3617/3746 2108/3618/3747
f 2820/2493/2534 2811/2490/2531 2827/2489/2530
f 2104/3623/3752 2102/3621/3750 2106/3616/3745
f 2101/3620/3753 2102/3621/3750 2103/3624/3754
f 2103/3624/3754 2102/3621/3750 2104/3623/3752
f 2104/3623/3752 2106/3616/3745 2105/3622/3751
f 2112/3625/3755 2101/3620/3753 2103/3624/3754
f 2103/3624/3754 2104/3623/3752 2105/3622/3751
f 2833/3626/3756 2832/3627/3757 2827/2489/2530
f 2832/3627/3757 2820/2493/2534 2827/2489/2530
